session_id,model_name,language,item_id,trait,keying,raw_output,parsed_score
1,qwen2.5:3b,english,1,Extraversion,+,3,3
1,qwen2.5:3b,english,2,Agreeableness,-,1,1
1,qwen2.5:3b,english,3,Conscientiousness,+,3,3
1,qwen2.5:3b,english,4,Neuroticism,+,3,3
1,qwen2.5:3b,english,5,Openness,+,5,5
1,qwen2.5:3b,english,6,Extraversion,-,1,1
1,qwen2.5:3b,english,7,Agreeableness,+,5,5
1,qwen2.5:3b,english,8,Conscientiousness,-,1,1
1,qwen2.5:3b,english,9,Neuroticism,-,3,3
1,qwen2.5:3b,english,10,Openness,-,3,3
1,qwen2.5:3b,english,11,Extraversion,+,5,5
1,qwen2.5:3b,english,12,Agreeableness,-,1,1
1,qwen2.5:3b,english,13,Conscientiousness,+,4,4
1,qwen2.5:3b,english,14,Neuroticism,+,2,2
1,qwen2.5:3b,english,15,Openness,+,5,5
1,qwen2.5:3b,english,16,Extraversion,-,3,3
1,qwen2.5:3b,english,17,Agreeableness,+,5,5
1,qwen2.5:3b,english,18,Conscientiousness,-,1,1
1,qwen2.5:3b,english,19,Neuroticism,-,5,5
1,qwen2.5:3b,english,20,Openness,-,5,5
1,qwen2.5:3b,english,21,Extraversion,+,3,3
1,qwen2.5:3b,english,22,Agreeableness,-,1,1
1,qwen2.5:3b,english,23,Conscientiousness,+,3,3
1,qwen2.5:3b,english,24,Neuroticism,+,2,2
1,qwen2.5:3b,english,25,Openness,+,5,5
1,qwen2.5:3b,english,26,Extraversion,-,1,1
1,qwen2.5:3b,english,27,Agreeableness,+,5,5
1,qwen2.5:3b,english,28,Conscientiousness,-,3,3
1,qwen2.5:3b,english,29,Neuroticism,+,2,2
1,qwen2.5:3b,english,30,Openness,-,1,1
1,qwen2.5:3b,english,31,Extraversion,+,3,3
1,qwen2.5:3b,english,32,Agreeableness,-,1,1
1,qwen2.5:3b,english,33,Conscientiousness,+,4,4
1,qwen2.5:3b,english,34,Neuroticism,+,3,3
1,qwen2.5:3b,english,35,Openness,+,5,5
1,qwen2.5:3b,english,36,Extraversion,-,1,1
1,qwen2.5:3b,english,37,Agreeableness,+,5,5
1,qwen2.5:3b,english,38,Conscientiousness,-,1,1
1,qwen2.5:3b,english,39,Neuroticism,+,3,3
1,qwen2.5:3b,english,40,Openness,+,1,1
1,qwen2.5:3b,english,41,Extraversion,+,5,5
1,qwen2.5:3b,english,42,Agreeableness,+,3,3
1,qwen2.5:3b,english,43,Conscientiousness,+,3,3
1,qwen2.5:3b,english,44,Neuroticism,+,2,2
1,qwen2.5:3b,english,45,Openness,+,4,4
1,qwen2.5:3b,english,46,Extraversion,-,4,4
1,qwen2.5:3b,english,47,Agreeableness,+,5,5
1,qwen2.5:3b,english,48,Conscientiousness,+,4,4
1,qwen2.5:3b,english,49,Neuroticism,+,3,3
1,qwen2.5:3b,english,50,Openness,+,5,5
2,qwen2.5:3b,english,1,Extraversion,+,3,3
2,qwen2.5:3b,english,2,Agreeableness,-,1,1
2,qwen2.5:3b,english,3,Conscientiousness,+,3,3
2,qwen2.5:3b,english,4,Neuroticism,+,2,2
2,qwen2.5:3b,english,5,Openness,+,5,5
2,qwen2.5:3b,english,6,Extraversion,-,1,1
2,qwen2.5:3b,english,7,Agreeableness,+,5,5
2,qwen2.5:3b,english,8,Conscientiousness,-,1,1
2,qwen2.5:3b,english,9,Neuroticism,-,3,3
2,qwen2.5:3b,english,10,Openness,-,3,3
2,qwen2.5:3b,english,11,Extraversion,+,5,5
2,qwen2.5:3b,english,12,Agreeableness,-,1,1
2,qwen2.5:3b,english,13,Conscientiousness,+,4,4
2,qwen2.5:3b,english,14,Neuroticism,+,2,2
2,qwen2.5:3b,english,15,Openness,+,5,5
2,qwen2.5:3b,english,16,Extraversion,-,3,3
2,qwen2.5:3b,english,17,Agreeableness,+,5,5
2,qwen2.5:3b,english,18,Conscientiousness,-,1,1
2,qwen2.5:3b,english,19,Neuroticism,-,5,5
2,qwen2.5:3b,english,20,Openness,-,5,5
2,qwen2.5:3b,english,21,Extraversion,+,3,3
2,qwen2.5:3b,english,22,Agreeableness,-,1,1
2,qwen2.5:3b,english,23,Conscientiousness,+,3,3
2,qwen2.5:3b,english,24,Neuroticism,+,3,3
2,qwen2.5:3b,english,25,Openness,+,5,5
2,qwen2.5:3b,english,26,Extraversion,-,1,1
2,qwen2.5:3b,english,27,Agreeableness,+,5,5
2,qwen2.5:3b,english,28,Conscientiousness,-,1,1
2,qwen2.5:3b,english,29,Neuroticism,+,2,2
2,qwen2.5:3b,english,30,Openness,-,1,1
2,qwen2.5:3b,english,31,Extraversion,+,3,3
2,qwen2.5:3b,english,32,Agreeableness,-,1,1
2,qwen2.5:3b,english,33,Conscientiousness,+,5,5
2,qwen2.5:3b,english,34,Neuroticism,+,4,4
2,qwen2.5:3b,english,35,Openness,+,5,5
2,qwen2.5:3b,english,36,Extraversion,-,1,1
2,qwen2.5:3b,english,37,Agreeableness,+,5,5
2,qwen2.5:3b,english,38,Conscientiousness,-,1,1
2,qwen2.5:3b,english,39,Neuroticism,+,3,3
2,qwen2.5:3b,english,40,Openness,+,1,1
2,qwen2.5:3b,english,41,Extraversion,+,5,5
2,qwen2.5:3b,english,42,Agreeableness,+,3,3
2,qwen2.5:3b,english,43,Conscientiousness,+,3,3
2,qwen2.5:3b,english,44,Neuroticism,+,3,3
2,qwen2.5:3b,english,45,Openness,+,3,3
2,qwen2.5:3b,english,46,Extraversion,-,3,3
2,qwen2.5:3b,english,47,Agreeableness,+,5,5
2,qwen2.5:3b,english,48,Conscientiousness,+,4,4
2,qwen2.5:3b,english,49,Neuroticism,+,3,3
2,qwen2.5:3b,english,50,Openness,+,5,5
3,qwen2.5:3b,english,1,Extraversion,+,4,4
3,qwen2.5:3b,english,2,Agreeableness,-,1,1
3,qwen2.5:3b,english,3,Conscientiousness,+,3,3
3,qwen2.5:3b,english,4,Neuroticism,+,3,3
3,qwen2.5:3b,english,5,Openness,+,5,5
3,qwen2.5:3b,english,6,Extraversion,-,1,1
3,qwen2.5:3b,english,7,Agreeableness,+,5,5
3,qwen2.5:3b,english,8,Conscientiousness,-,1,1
3,qwen2.5:3b,english,9,Neuroticism,-,3,3
3,qwen2.5:3b,english,10,Openness,-,3,3
3,qwen2.5:3b,english,11,Extraversion,+,5,5
3,qwen2.5:3b,english,12,Agreeableness,-,1,1
3,qwen2.5:3b,english,13,Conscientiousness,+,4,4
3,qwen2.5:3b,english,14,Neuroticism,+,2,2
3,qwen2.5:3b,english,15,Openness,+,5,5
3,qwen2.5:3b,english,16,Extraversion,-,3,3
3,qwen2.5:3b,english,17,Agreeableness,+,5,5
3,qwen2.5:3b,english,18,Conscientiousness,-,1,1
3,qwen2.5:3b,english,19,Neuroticism,-,5,5
3,qwen2.5:3b,english,20,Openness,-,5,5
3,qwen2.5:3b,english,21,Extraversion,+,3,3
3,qwen2.5:3b,english,22,Agreeableness,-,1,1
3,qwen2.5:3b,english,23,Conscientiousness,+,3,3
3,qwen2.5:3b,english,24,Neuroticism,+,3,3
3,qwen2.5:3b,english,25,Openness,+,5,5
3,qwen2.5:3b,english,26,Extraversion,-,1,1
3,qwen2.5:3b,english,27,Agreeableness,+,5,5
3,qwen2.5:3b,english,28,Conscientiousness,-,3,3
3,qwen2.5:3b,english,29,Neuroticism,+,3,3
3,qwen2.5:3b,english,30,Openness,-,1,1
3,qwen2.5:3b,english,31,Extraversion,+,3,3
3,qwen2.5:3b,english,32,Agreeableness,-,1,1
3,qwen2.5:3b,english,33,Conscientiousness,+,4,4
3,qwen2.5:3b,english,34,Neuroticism,+,3,3
3,qwen2.5:3b,english,35,Openness,+,5,5
3,qwen2.5:3b,english,36,Extraversion,-,1,1
3,qwen2.5:3b,english,37,Agreeableness,+,5,5
3,qwen2.5:3b,english,38,Conscientiousness,-,1,1
3,qwen2.5:3b,english,39,Neuroticism,+,3,3
3,qwen2.5:3b,english,40,Openness,+,1,1
3,qwen2.5:3b,english,41,Extraversion,+,5,5
3,qwen2.5:3b,english,42,Agreeableness,+,3,3
3,qwen2.5:3b,english,43,Conscientiousness,+,3,3
3,qwen2.5:3b,english,44,Neuroticism,+,3,3
3,qwen2.5:3b,english,45,Openness,+,4,4
3,qwen2.5:3b,english,46,Extraversion,-,3,3
3,qwen2.5:3b,english,47,Agreeableness,+,3,3
3,qwen2.5:3b,english,48,Conscientiousness,+,4,4
3,qwen2.5:3b,english,49,Neuroticism,+,3,3
3,qwen2.5:3b,english,50,Openness,+,5,5
4,qwen2.5:3b,english,1,Extraversion,+,4,4
4,qwen2.5:3b,english,2,Agreeableness,-,1,1
4,qwen2.5:3b,english,3,Conscientiousness,+,3,3
4,qwen2.5:3b,english,4,Neuroticism,+,2,2
4,qwen2.5:3b,english,5,Openness,+,5,5
4,qwen2.5:3b,english,6,Extraversion,-,1,1
4,qwen2.5:3b,english,7,Agreeableness,+,5,5
4,qwen2.5:3b,english,8,Conscientiousness,-,1,1
4,qwen2.5:3b,english,9,Neuroticism,-,3,3
4,qwen2.5:3b,english,10,Openness,-,3,3
4,qwen2.5:3b,english,11,Extraversion,+,5,5
4,qwen2.5:3b,english,12,Agreeableness,-,1,1
4,qwen2.5:3b,english,13,Conscientiousness,+,4,4
4,qwen2.5:3b,english,14,Neuroticism,+,2,2
4,qwen2.5:3b,english,15,Openness,+,5,5
4,qwen2.5:3b,english,16,Extraversion,-,3,3
4,qwen2.5:3b,english,17,Agreeableness,+,5,5
4,qwen2.5:3b,english,18,Conscientiousness,-,1,1
4,qwen2.5:3b,english,19,Neuroticism,-,5,5
4,qwen2.5:3b,english,20,Openness,-,5,5
4,qwen2.5:3b,english,21,Extraversion,+,4,4
4,qwen2.5:3b,english,22,Agreeableness,-,5,5
4,qwen2.5:3b,english,23,Conscientiousness,+,3,3
4,qwen2.5:3b,english,24,Neuroticism,+,3,3
4,qwen2.5:3b,english,25,Openness,+,5,5
4,qwen2.5:3b,english,26,Extraversion,-,1,1
4,qwen2.5:3b,english,27,Agreeableness,+,5,5
4,qwen2.5:3b,english,28,Conscientiousness,-,2,2
4,qwen2.5:3b,english,29,Neuroticism,+,3,3
4,qwen2.5:3b,english,30,Openness,-,1,1
4,qwen2.5:3b,english,31,Extraversion,+,3,3
4,qwen2.5:3b,english,32,Agreeableness,-,1,1
4,qwen2.5:3b,english,33,Conscientiousness,+,4,4
4,qwen2.5:3b,english,34,Neuroticism,+,4,4
4,qwen2.5:3b,english,35,Openness,+,5,5
4,qwen2.5:3b,english,36,Extraversion,-,1,1
4,qwen2.5:3b,english,37,Agreeableness,+,5,5
4,qwen2.5:3b,english,38,Conscientiousness,-,1,1
4,qwen2.5:3b,english,39,Neuroticism,+,3,3
4,qwen2.5:3b,english,40,Openness,+,1,1
4,qwen2.5:3b,english,41,Extraversion,+,5,5
4,qwen2.5:3b,english,42,Agreeableness,+,3,3
4,qwen2.5:3b,english,43,Conscientiousness,+,3,3
4,qwen2.5:3b,english,44,Neuroticism,+,3,3
4,qwen2.5:3b,english,45,Openness,+,5,5
4,qwen2.5:3b,english,46,Extraversion,-,3,3
4,qwen2.5:3b,english,47,Agreeableness,+,5,5
4,qwen2.5:3b,english,48,Conscientiousness,+,4,4
4,qwen2.5:3b,english,49,Neuroticism,+,3,3
4,qwen2.5:3b,english,50,Openness,+,5,5
5,qwen2.5:3b,english,1,Extraversion,+,3,3
5,qwen2.5:3b,english,2,Agreeableness,-,1,1
5,qwen2.5:3b,english,3,Conscientiousness,+,3,3
5,qwen2.5:3b,english,4,Neuroticism,+,2,2
5,qwen2.5:3b,english,5,Openness,+,5,5
5,qwen2.5:3b,english,6,Extraversion,-,1,1
5,qwen2.5:3b,english,7,Agreeableness,+,5,5
5,qwen2.5:3b,english,8,Conscientiousness,-,1,1
5,qwen2.5:3b,english,9,Neuroticism,-,3,3
5,qwen2.5:3b,english,10,Openness,-,3,3
5,qwen2.5:3b,english,11,Extraversion,+,5,5
5,qwen2.5:3b,english,12,Agreeableness,-,1,1
5,qwen2.5:3b,english,13,Conscientiousness,+,4,4
5,qwen2.5:3b,english,14,Neuroticism,+,2,2
5,qwen2.5:3b,english,15,Openness,+,5,5
5,qwen2.5:3b,english,16,Extraversion,-,3,3
5,qwen2.5:3b,english,17,Agreeableness,+,5,5
5,qwen2.5:3b,english,18,Conscientiousness,-,1,1
5,qwen2.5:3b,english,19,Neuroticism,-,5,5
5,qwen2.5:3b,english,20,Openness,-,5,5
5,qwen2.5:3b,english,21,Extraversion,+,4,4
5,qwen2.5:3b,english,22,Agreeableness,-,1,1
5,qwen2.5:3b,english,23,Conscientiousness,+,3,3
5,qwen2.5:3b,english,24,Neuroticism,+,3,3
5,qwen2.5:3b,english,25,Openness,+,5,5
5,qwen2.5:3b,english,26,Extraversion,-,1,1
5,qwen2.5:3b,english,27,Agreeableness,+,5,5
5,qwen2.5:3b,english,28,Conscientiousness,-,1,1
5,qwen2.5:3b,english,29,Neuroticism,+,2,2
5,qwen2.5:3b,english,30,Openness,-,1,1
5,qwen2.5:3b,english,31,Extraversion,+,3,3
5,qwen2.5:3b,english,32,Agreeableness,-,1,1
5,qwen2.5:3b,english,33,Conscientiousness,+,4,4
5,qwen2.5:3b,english,34,Neuroticism,+,3,3
5,qwen2.5:3b,english,35,Openness,+,5,5
5,qwen2.5:3b,english,36,Extraversion,-,1,1
5,qwen2.5:3b,english,37,Agreeableness,+,5,5
5,qwen2.5:3b,english,38,Conscientiousness,-,1,1
5,qwen2.5:3b,english,39,Neuroticism,+,3,3
5,qwen2.5:3b,english,40,Openness,+,1,1
5,qwen2.5:3b,english,41,Extraversion,+,5,5
5,qwen2.5:3b,english,42,Agreeableness,+,3,3
5,qwen2.5:3b,english,43,Conscientiousness,+,3,3
5,qwen2.5:3b,english,44,Neuroticism,+,3,3
5,qwen2.5:3b,english,45,Openness,+,3,3
5,qwen2.5:3b,english,46,Extraversion,-,3,3
5,qwen2.5:3b,english,47,Agreeableness,+,5,5
5,qwen2.5:3b,english,48,Conscientiousness,+,4,4
5,qwen2.5:3b,english,49,Neuroticism,+,3,3
5,qwen2.5:3b,english,50,Openness,+,5,5
6,qwen2.5:3b,english,1,Extraversion,+,4,4
6,qwen2.5:3b,english,2,Agreeableness,-,1,1
6,qwen2.5:3b,english,3,Conscientiousness,+,3,3
6,qwen2.5:3b,english,4,Neuroticism,+,2,2
6,qwen2.5:3b,english,5,Openness,+,5,5
6,qwen2.5:3b,english,6,Extraversion,-,1,1
6,qwen2.5:3b,english,7,Agreeableness,+,5,5
6,qwen2.5:3b,english,8,Conscientiousness,-,1,1
6,qwen2.5:3b,english,9,Neuroticism,-,3,3
6,qwen2.5:3b,english,10,Openness,-,3,3
6,qwen2.5:3b,english,11,Extraversion,+,5,5
6,qwen2.5:3b,english,12,Agreeableness,-,1,1
6,qwen2.5:3b,english,13,Conscientiousness,+,4,4
6,qwen2.5:3b,english,14,Neuroticism,+,2,2
6,qwen2.5:3b,english,15,Openness,+,5,5
6,qwen2.5:3b,english,16,Extraversion,-,3,3
6,qwen2.5:3b,english,17,Agreeableness,+,5,5
6,qwen2.5:3b,english,18,Conscientiousness,-,1,1
6,qwen2.5:3b,english,19,Neuroticism,-,5,5
6,qwen2.5:3b,english,20,Openness,-,5,5
6,qwen2.5:3b,english,21,Extraversion,+,3,3
6,qwen2.5:3b,english,22,Agreeableness,-,5,5
6,qwen2.5:3b,english,23,Conscientiousness,+,2,2
6,qwen2.5:3b,english,24,Neuroticism,+,3,3
6,qwen2.5:3b,english,25,Openness,+,5,5
6,qwen2.5:3b,english,26,Extraversion,-,1,1
6,qwen2.5:3b,english,27,Agreeableness,+,5,5
6,qwen2.5:3b,english,28,Conscientiousness,-,1,1
6,qwen2.5:3b,english,29,Neuroticism,+,2,2
6,qwen2.5:3b,english,30,Openness,-,1,1
6,qwen2.5:3b,english,31,Extraversion,+,3,3
6,qwen2.5:3b,english,32,Agreeableness,-,1,1
6,qwen2.5:3b,english,33,Conscientiousness,+,4,4
6,qwen2.5:3b,english,34,Neuroticism,+,4,4
6,qwen2.5:3b,english,35,Openness,+,5,5
6,qwen2.5:3b,english,36,Extraversion,-,1,1
6,qwen2.5:3b,english,37,Agreeableness,+,5,5
6,qwen2.5:3b,english,38,Conscientiousness,-,1,1
6,qwen2.5:3b,english,39,Neuroticism,+,3,3
6,qwen2.5:3b,english,40,Openness,+,1,1
6,qwen2.5:3b,english,41,Extraversion,+,5,5
6,qwen2.5:3b,english,42,Agreeableness,+,3,3
6,qwen2.5:3b,english,43,Conscientiousness,+,3,3
6,qwen2.5:3b,english,44,Neuroticism,+,3,3
6,qwen2.5:3b,english,45,Openness,+,3,3
6,qwen2.5:3b,english,46,Extraversion,-,3,3
6,qwen2.5:3b,english,47,Agreeableness,+,5,5
6,qwen2.5:3b,english,48,Conscientiousness,+,4,4
6,qwen2.5:3b,english,49,Neuroticism,+,3,3
6,qwen2.5:3b,english,50,Openness,+,5,5
7,qwen2.5:3b,english,1,Extraversion,+,4,4
7,qwen2.5:3b,english,2,Agreeableness,-,1,1
7,qwen2.5:3b,english,3,Conscientiousness,+,3,3
7,qwen2.5:3b,english,4,Neuroticism,+,3,3
7,qwen2.5:3b,english,5,Openness,+,5,5
7,qwen2.5:3b,english,6,Extraversion,-,1,1
7,qwen2.5:3b,english,7,Agreeableness,+,5,5
7,qwen2.5:3b,english,8,Conscientiousness,-,1,1
7,qwen2.5:3b,english,9,Neuroticism,-,3,3
7,qwen2.5:3b,english,10,Openness,-,1,1
7,qwen2.5:3b,english,11,Extraversion,+,5,5
7,qwen2.5:3b,english,12,Agreeableness,-,1,1
7,qwen2.5:3b,english,13,Conscientiousness,+,4,4
7,qwen2.5:3b,english,14,Neuroticism,+,2,2
7,qwen2.5:3b,english,15,Openness,+,5,5
7,qwen2.5:3b,english,16,Extraversion,-,3,3
7,qwen2.5:3b,english,17,Agreeableness,+,5,5
7,qwen2.5:3b,english,18,Conscientiousness,-,1,1
7,qwen2.5:3b,english,19,Neuroticism,-,5,5
7,qwen2.5:3b,english,20,Openness,-,5,5
7,qwen2.5:3b,english,21,Extraversion,+,3,3
7,qwen2.5:3b,english,22,Agreeableness,-,1,1
7,qwen2.5:3b,english,23,Conscientiousness,+,3,3
7,qwen2.5:3b,english,24,Neuroticism,+,3,3
7,qwen2.5:3b,english,25,Openness,+,5,5
7,qwen2.5:3b,english,26,Extraversion,-,1,1
7,qwen2.5:3b,english,27,Agreeableness,+,5,5
7,qwen2.5:3b,english,28,Conscientiousness,-,1,1
7,qwen2.5:3b,english,29,Neuroticism,+,2,2
7,qwen2.5:3b,english,30,Openness,-,1,1
7,qwen2.5:3b,english,31,Extraversion,+,3,3
7,qwen2.5:3b,english,32,Agreeableness,-,1,1
7,qwen2.5:3b,english,33,Conscientiousness,+,4,4
7,qwen2.5:3b,english,34,Neuroticism,+,3,3
7,qwen2.5:3b,english,35,Openness,+,5,5
7,qwen2.5:3b,english,36,Extraversion,-,1,1
7,qwen2.5:3b,english,37,Agreeableness,+,5,5
7,qwen2.5:3b,english,38,Conscientiousness,-,1,1
7,qwen2.5:3b,english,39,Neuroticism,+,3,3
7,qwen2.5:3b,english,40,Openness,+,1,1
7,qwen2.5:3b,english,41,Extraversion,+,5,5
7,qwen2.5:3b,english,42,Agreeableness,+,5,5
7,qwen2.5:3b,english,43,Conscientiousness,+,3,3
7,qwen2.5:3b,english,44,Neuroticism,+,3,3
7,qwen2.5:3b,english,45,Openness,+,3,3
7,qwen2.5:3b,english,46,Extraversion,-,3,3
7,qwen2.5:3b,english,47,Agreeableness,+,5,5
7,qwen2.5:3b,english,48,Conscientiousness,+,4,4
7,qwen2.5:3b,english,49,Neuroticism,+,3,3
7,qwen2.5:3b,english,50,Openness,+,5,5
8,qwen2.5:3b,english,1,Extraversion,+,3,3
8,qwen2.5:3b,english,2,Agreeableness,-,1,1
8,qwen2.5:3b,english,3,Conscientiousness,+,3,3
8,qwen2.5:3b,english,4,Neuroticism,+,2,2
8,qwen2.5:3b,english,5,Openness,+,5,5
8,qwen2.5:3b,english,6,Extraversion,-,1,1
8,qwen2.5:3b,english,7,Agreeableness,+,5,5
8,qwen2.5:3b,english,8,Conscientiousness,-,1,1
8,qwen2.5:3b,english,9,Neuroticism,-,3,3
8,qwen2.5:3b,english,10,Openness,-,3,3
8,qwen2.5:3b,english,11,Extraversion,+,5,5
8,qwen2.5:3b,english,12,Agreeableness,-,1,1
8,qwen2.5:3b,english,13,Conscientiousness,+,4,4
8,qwen2.5:3b,english,14,Neuroticism,+,2,2
8,qwen2.5:3b,english,15,Openness,+,5,5
8,qwen2.5:3b,english,16,Extraversion,-,3,3
8,qwen2.5:3b,english,17,Agreeableness,+,5,5
8,qwen2.5:3b,english,18,Conscientiousness,-,1,1
8,qwen2.5:3b,english,19,Neuroticism,-,5,5
8,qwen2.5:3b,english,20,Openness,-,5,5
8,qwen2.5:3b,english,21,Extraversion,+,4,4
8,qwen2.5:3b,english,22,Agreeableness,-,1,1
8,qwen2.5:3b,english,23,Conscientiousness,+,3,3
8,qwen2.5:3b,english,24,Neuroticism,+,3,3
8,qwen2.5:3b,english,25,Openness,+,5,5
8,qwen2.5:3b,english,26,Extraversion,-,1,1
8,qwen2.5:3b,english,27,Agreeableness,+,5,5
8,qwen2.5:3b,english,28,Conscientiousness,-,3,3
8,qwen2.5:3b,english,29,Neuroticism,+,3,3
8,qwen2.5:3b,english,30,Openness,-,1,1
8,qwen2.5:3b,english,31,Extraversion,+,3,3
8,qwen2.5:3b,english,32,Agreeableness,-,1,1
8,qwen2.5:3b,english,33,Conscientiousness,+,5,5
8,qwen2.5:3b,english,34,Neuroticism,+,3,3
8,qwen2.5:3b,english,35,Openness,+,5,5
8,qwen2.5:3b,english,36,Extraversion,-,1,1
8,qwen2.5:3b,english,37,Agreeableness,+,5,5
8,qwen2.5:3b,english,38,Conscientiousness,-,1,1
8,qwen2.5:3b,english,39,Neuroticism,+,3,3
8,qwen2.5:3b,english,40,Openness,+,1,1
8,qwen2.5:3b,english,41,Extraversion,+,5,5
8,qwen2.5:3b,english,42,Agreeableness,+,3,3
8,qwen2.5:3b,english,43,Conscientiousness,+,3,3
8,qwen2.5:3b,english,44,Neuroticism,+,3,3
8,qwen2.5:3b,english,45,Openness,+,3,3
8,qwen2.5:3b,english,46,Extraversion,-,3,3
8,qwen2.5:3b,english,47,Agreeableness,+,4,4
8,qwen2.5:3b,english,48,Conscientiousness,+,4,4
8,qwen2.5:3b,english,49,Neuroticism,+,3,3
8,qwen2.5:3b,english,50,Openness,+,5,5
9,qwen2.5:3b,english,1,Extraversion,+,4,4
9,qwen2.5:3b,english,2,Agreeableness,-,1,1
9,qwen2.5:3b,english,3,Conscientiousness,+,3,3
9,qwen2.5:3b,english,4,Neuroticism,+,2,2
9,qwen2.5:3b,english,5,Openness,+,5,5
9,qwen2.5:3b,english,6,Extraversion,-,1,1
9,qwen2.5:3b,english,7,Agreeableness,+,5,5
9,qwen2.5:3b,english,8,Conscientiousness,-,1,1
9,qwen2.5:3b,english,9,Neuroticism,-,3,3
9,qwen2.5:3b,english,10,Openness,-,3,3
9,qwen2.5:3b,english,11,Extraversion,+,5,5
9,qwen2.5:3b,english,12,Agreeableness,-,1,1
9,qwen2.5:3b,english,13,Conscientiousness,+,4,4
9,qwen2.5:3b,english,14,Neuroticism,+,2,2
9,qwen2.5:3b,english,15,Openness,+,5,5
9,qwen2.5:3b,english,16,Extraversion,-,3,3
9,qwen2.5:3b,english,17,Agreeableness,+,5,5
9,qwen2.5:3b,english,18,Conscientiousness,-,1,1
9,qwen2.5:3b,english,19,Neuroticism,-,5,5
9,qwen2.5:3b,english,20,Openness,-,5,5
9,qwen2.5:3b,english,21,Extraversion,+,4,4
9,qwen2.5:3b,english,22,Agreeableness,-,1,1
9,qwen2.5:3b,english,23,Conscientiousness,+,3,3
9,qwen2.5:3b,english,24,Neuroticism,+,3,3
9,qwen2.5:3b,english,25,Openness,+,5,5
9,qwen2.5:3b,english,26,Extraversion,-,1,1
9,qwen2.5:3b,english,27,Agreeableness,+,5,5
9,qwen2.5:3b,english,28,Conscientiousness,-,1,1
9,qwen2.5:3b,english,29,Neuroticism,+,2,2
9,qwen2.5:3b,english,30,Openness,-,1,1
9,qwen2.5:3b,english,31,Extraversion,+,3,3
9,qwen2.5:3b,english,32,Agreeableness,-,1,1
9,qwen2.5:3b,english,33,Conscientiousness,+,4,4
9,qwen2.5:3b,english,34,Neuroticism,+,4,4
9,qwen2.5:3b,english,35,Openness,+,5,5
9,qwen2.5:3b,english,36,Extraversion,-,5,5
9,qwen2.5:3b,english,37,Agreeableness,+,5,5
9,qwen2.5:3b,english,38,Conscientiousness,-,1,1
9,qwen2.5:3b,english,39,Neuroticism,+,3,3
9,qwen2.5:3b,english,40,Openness,+,1,1
9,qwen2.5:3b,english,41,Extraversion,+,5,5
9,qwen2.5:3b,english,42,Agreeableness,+,3,3
9,qwen2.5:3b,english,43,Conscientiousness,+,4,4
9,qwen2.5:3b,english,44,Neuroticism,+,3,3
9,qwen2.5:3b,english,45,Openness,+,3,3
9,qwen2.5:3b,english,46,Extraversion,-,3,3
9,qwen2.5:3b,english,47,Agreeableness,+,5,5
9,qwen2.5:3b,english,48,Conscientiousness,+,4,4
9,qwen2.5:3b,english,49,Neuroticism,+,3,3
9,qwen2.5:3b,english,50,Openness,+,5,5
10,qwen2.5:3b,english,1,Extraversion,+,3,3
10,qwen2.5:3b,english,2,Agreeableness,-,1,1
10,qwen2.5:3b,english,3,Conscientiousness,+,3,3
10,qwen2.5:3b,english,4,Neuroticism,+,2,2
10,qwen2.5:3b,english,5,Openness,+,5,5
10,qwen2.5:3b,english,6,Extraversion,-,1,1
10,qwen2.5:3b,english,7,Agreeableness,+,5,5
10,qwen2.5:3b,english,8,Conscientiousness,-,1,1
10,qwen2.5:3b,english,9,Neuroticism,-,3,3
10,qwen2.5:3b,english,10,Openness,-,3,3
10,qwen2.5:3b,english,11,Extraversion,+,5,5
10,qwen2.5:3b,english,12,Agreeableness,-,1,1
10,qwen2.5:3b,english,13,Conscientiousness,+,4,4
10,qwen2.5:3b,english,14,Neuroticism,+,2,2
10,qwen2.5:3b,english,15,Openness,+,5,5
10,qwen2.5:3b,english,16,Extraversion,-,3,3
10,qwen2.5:3b,english,17,Agreeableness,+,5,5
10,qwen2.5:3b,english,18,Conscientiousness,-,1,1
10,qwen2.5:3b,english,19,Neuroticism,-,5,5
10,qwen2.5:3b,english,20,Openness,-,5,5
10,qwen2.5:3b,english,21,Extraversion,+,5,5
10,qwen2.5:3b,english,22,Agreeableness,-,1,1
10,qwen2.5:3b,english,23,Conscientiousness,+,3,3
10,qwen2.5:3b,english,24,Neuroticism,+,3,3
10,qwen2.5:3b,english,25,Openness,+,5,5
10,qwen2.5:3b,english,26,Extraversion,-,1,1
10,qwen2.5:3b,english,27,Agreeableness,+,5,5
10,qwen2.5:3b,english,28,Conscientiousness,-,1,1
10,qwen2.5:3b,english,29,Neuroticism,+,2,2
10,qwen2.5:3b,english,30,Openness,-,1,1
10,qwen2.5:3b,english,31,Extraversion,+,3,3
10,qwen2.5:3b,english,32,Agreeableness,-,1,1
10,qwen2.5:3b,english,33,Conscientiousness,+,4,4
10,qwen2.5:3b,english,34,Neuroticism,+,3,3
10,qwen2.5:3b,english,35,Openness,+,5,5
10,qwen2.5:3b,english,36,Extraversion,-,1,1
10,qwen2.5:3b,english,37,Agreeableness,+,5,5
10,qwen2.5:3b,english,38,Conscientiousness,-,1,1
10,qwen2.5:3b,english,39,Neuroticism,+,3,3
10,qwen2.5:3b,english,40,Openness,+,1,1
10,qwen2.5:3b,english,41,Extraversion,+,5,5
10,qwen2.5:3b,english,42,Agreeableness,+,3,3
10,qwen2.5:3b,english,43,Conscientiousness,+,4,4
10,qwen2.5:3b,english,44,Neuroticism,+,3,3
10,qwen2.5:3b,english,45,Openness,+,3,3
10,qwen2.5:3b,english,46,Extraversion,-,3,3
10,qwen2.5:3b,english,47,Agreeableness,+,4,4
10,qwen2.5:3b,english,48,Conscientiousness,+,4,4
10,qwen2.5:3b,english,49,Neuroticism,+,3,3
10,qwen2.5:3b,english,50,Openness,+,5,5
11,qwen2.5:3b,english,1,Extraversion,+,4,4
11,qwen2.5:3b,english,2,Agreeableness,-,1,1
11,qwen2.5:3b,english,3,Conscientiousness,+,3,3
11,qwen2.5:3b,english,4,Neuroticism,+,2,2
11,qwen2.5:3b,english,5,Openness,+,5,5
11,qwen2.5:3b,english,6,Extraversion,-,1,1
11,qwen2.5:3b,english,7,Agreeableness,+,5,5
11,qwen2.5:3b,english,8,Conscientiousness,-,1,1
11,qwen2.5:3b,english,9,Neuroticism,-,3,3
11,qwen2.5:3b,english,10,Openness,-,3,3
11,qwen2.5:3b,english,11,Extraversion,+,5,5
11,qwen2.5:3b,english,12,Agreeableness,-,1,1
11,qwen2.5:3b,english,13,Conscientiousness,+,4,4
11,qwen2.5:3b,english,14,Neuroticism,+,2,2
11,qwen2.5:3b,english,15,Openness,+,5,5
11,qwen2.5:3b,english,16,Extraversion,-,3,3
11,qwen2.5:3b,english,17,Agreeableness,+,5,5
11,qwen2.5:3b,english,18,Conscientiousness,-,1,1
11,qwen2.5:3b,english,19,Neuroticism,-,5,5
11,qwen2.5:3b,english,20,Openness,-,5,5
11,qwen2.5:3b,english,21,Extraversion,+,5,5
11,qwen2.5:3b,english,22,Agreeableness,-,1,1
11,qwen2.5:3b,english,23,Conscientiousness,+,2,2
11,qwen2.5:3b,english,24,Neuroticism,+,2,2
11,qwen2.5:3b,english,25,Openness,+,5,5
11,qwen2.5:3b,english,26,Extraversion,-,1,1
11,qwen2.5:3b,english,27,Agreeableness,+,5,5
11,qwen2.5:3b,english,28,Conscientiousness,-,2,2
11,qwen2.5:3b,english,29,Neuroticism,+,3,3
11,qwen2.5:3b,english,30,Openness,-,1,1
11,qwen2.5:3b,english,31,Extraversion,+,3,3
11,qwen2.5:3b,english,32,Agreeableness,-,1,1
11,qwen2.5:3b,english,33,Conscientiousness,+,4,4
11,qwen2.5:3b,english,34,Neuroticism,+,3,3
11,qwen2.5:3b,english,35,Openness,+,5,5
11,qwen2.5:3b,english,36,Extraversion,-,1,1
11,qwen2.5:3b,english,37,Agreeableness,+,5,5
11,qwen2.5:3b,english,38,Conscientiousness,-,1,1
11,qwen2.5:3b,english,39,Neuroticism,+,3,3
11,qwen2.5:3b,english,40,Openness,+,1,1
11,qwen2.5:3b,english,41,Extraversion,+,5,5
11,qwen2.5:3b,english,42,Agreeableness,+,3,3
11,qwen2.5:3b,english,43,Conscientiousness,+,3,3
11,qwen2.5:3b,english,44,Neuroticism,+,3,3
11,qwen2.5:3b,english,45,Openness,+,3,3
11,qwen2.5:3b,english,46,Extraversion,-,3,3
11,qwen2.5:3b,english,47,Agreeableness,+,5,5
11,qwen2.5:3b,english,48,Conscientiousness,+,4,4
11,qwen2.5:3b,english,49,Neuroticism,+,3,3
11,qwen2.5:3b,english,50,Openness,+,5,5
12,qwen2.5:3b,english,1,Extraversion,+,3,3
12,qwen2.5:3b,english,2,Agreeableness,-,1,1
12,qwen2.5:3b,english,3,Conscientiousness,+,3,3
12,qwen2.5:3b,english,4,Neuroticism,+,2,2
12,qwen2.5:3b,english,5,Openness,+,5,5
12,qwen2.5:3b,english,6,Extraversion,-,1,1
12,qwen2.5:3b,english,7,Agreeableness,+,5,5
12,qwen2.5:3b,english,8,Conscientiousness,-,1,1
12,qwen2.5:3b,english,9,Neuroticism,-,3,3
12,qwen2.5:3b,english,10,Openness,-,3,3
12,qwen2.5:3b,english,11,Extraversion,+,5,5
12,qwen2.5:3b,english,12,Agreeableness,-,1,1
12,qwen2.5:3b,english,13,Conscientiousness,+,4,4
12,qwen2.5:3b,english,14,Neuroticism,+,2,2
12,qwen2.5:3b,english,15,Openness,+,5,5
12,qwen2.5:3b,english,16,Extraversion,-,3,3
12,qwen2.5:3b,english,17,Agreeableness,+,5,5
12,qwen2.5:3b,english,18,Conscientiousness,-,1,1
12,qwen2.5:3b,english,19,Neuroticism,-,5,5
12,qwen2.5:3b,english,20,Openness,-,5,5
12,qwen2.5:3b,english,21,Extraversion,+,3,3
12,qwen2.5:3b,english,22,Agreeableness,-,5,5
12,qwen2.5:3b,english,23,Conscientiousness,+,3,3
12,qwen2.5:3b,english,24,Neuroticism,+,3,3
12,qwen2.5:3b,english,25,Openness,+,5,5
12,qwen2.5:3b,english,26,Extraversion,-,1,1
12,qwen2.5:3b,english,27,Agreeableness,+,5,5
12,qwen2.5:3b,english,28,Conscientiousness,-,3,3
12,qwen2.5:3b,english,29,Neuroticism,+,2,2
12,qwen2.5:3b,english,30,Openness,-,1,1
12,qwen2.5:3b,english,31,Extraversion,+,3,3
12,qwen2.5:3b,english,32,Agreeableness,-,1,1
12,qwen2.5:3b,english,33,Conscientiousness,+,5,5
12,qwen2.5:3b,english,34,Neuroticism,+,3,3
12,qwen2.5:3b,english,35,Openness,+,5,5
12,qwen2.5:3b,english,36,Extraversion,-,5,5
12,qwen2.5:3b,english,37,Agreeableness,+,5,5
12,qwen2.5:3b,english,38,Conscientiousness,-,1,1
12,qwen2.5:3b,english,39,Neuroticism,+,3,3
12,qwen2.5:3b,english,40,Openness,+,1,1
12,qwen2.5:3b,english,41,Extraversion,+,5,5
12,qwen2.5:3b,english,42,Agreeableness,+,3,3
12,qwen2.5:3b,english,43,Conscientiousness,+,3,3
12,qwen2.5:3b,english,44,Neuroticism,+,3,3
12,qwen2.5:3b,english,45,Openness,+,3,3
12,qwen2.5:3b,english,46,Extraversion,-,3,3
12,qwen2.5:3b,english,47,Agreeableness,+,5,5
12,qwen2.5:3b,english,48,Conscientiousness,+,4,4
12,qwen2.5:3b,english,49,Neuroticism,+,3,3
12,qwen2.5:3b,english,50,Openness,+,5,5
13,qwen2.5:3b,english,1,Extraversion,+,3,3
13,qwen2.5:3b,english,2,Agreeableness,-,1,1
13,qwen2.5:3b,english,3,Conscientiousness,+,3,3
13,qwen2.5:3b,english,4,Neuroticism,+,2,2
13,qwen2.5:3b,english,5,Openness,+,5,5
13,qwen2.5:3b,english,6,Extraversion,-,1,1
13,qwen2.5:3b,english,7,Agreeableness,+,5,5
13,qwen2.5:3b,english,8,Conscientiousness,-,1,1
13,qwen2.5:3b,english,9,Neuroticism,-,3,3
13,qwen2.5:3b,english,10,Openness,-,3,3
13,qwen2.5:3b,english,11,Extraversion,+,5,5
13,qwen2.5:3b,english,12,Agreeableness,-,1,1
13,qwen2.5:3b,english,13,Conscientiousness,+,4,4
13,qwen2.5:3b,english,14,Neuroticism,+,2,2
13,qwen2.5:3b,english,15,Openness,+,5,5
13,qwen2.5:3b,english,16,Extraversion,-,3,3
13,qwen2.5:3b,english,17,Agreeableness,+,5,5
13,qwen2.5:3b,english,18,Conscientiousness,-,1,1
13,qwen2.5:3b,english,19,Neuroticism,-,5,5
13,qwen2.5:3b,english,20,Openness,-,5,5
13,qwen2.5:3b,english,21,Extraversion,+,3,3
13,qwen2.5:3b,english,22,Agreeableness,-,5,5
13,qwen2.5:3b,english,23,Conscientiousness,+,3,3
13,qwen2.5:3b,english,24,Neuroticism,+,3,3
13,qwen2.5:3b,english,25,Openness,+,5,5
13,qwen2.5:3b,english,26,Extraversion,-,1,1
13,qwen2.5:3b,english,27,Agreeableness,+,5,5
13,qwen2.5:3b,english,28,Conscientiousness,-,1,1
13,qwen2.5:3b,english,29,Neuroticism,+,2,2
13,qwen2.5:3b,english,30,Openness,-,1,1
13,qwen2.5:3b,english,31,Extraversion,+,3,3
13,qwen2.5:3b,english,32,Agreeableness,-,1,1
13,qwen2.5:3b,english,33,Conscientiousness,+,4,4
13,qwen2.5:3b,english,34,Neuroticism,+,4,4
13,qwen2.5:3b,english,35,Openness,+,5,5
13,qwen2.5:3b,english,36,Extraversion,-,1,1
13,qwen2.5:3b,english,37,Agreeableness,+,5,5
13,qwen2.5:3b,english,38,Conscientiousness,-,1,1
13,qwen2.5:3b,english,39,Neuroticism,+,3,3
13,qwen2.5:3b,english,40,Openness,+,1,1
13,qwen2.5:3b,english,41,Extraversion,+,5,5
13,qwen2.5:3b,english,42,Agreeableness,+,3,3
13,qwen2.5:3b,english,43,Conscientiousness,+,3,3
13,qwen2.5:3b,english,44,Neuroticism,+,3,3
13,qwen2.5:3b,english,45,Openness,+,3,3
13,qwen2.5:3b,english,46,Extraversion,-,3,3
13,qwen2.5:3b,english,47,Agreeableness,+,5,5
13,qwen2.5:3b,english,48,Conscientiousness,+,4,4
13,qwen2.5:3b,english,49,Neuroticism,+,3,3
13,qwen2.5:3b,english,50,Openness,+,5,5
14,qwen2.5:3b,english,1,Extraversion,+,3,3
14,qwen2.5:3b,english,2,Agreeableness,-,1,1
14,qwen2.5:3b,english,3,Conscientiousness,+,3,3
14,qwen2.5:3b,english,4,Neuroticism,+,2,2
14,qwen2.5:3b,english,5,Openness,+,5,5
14,qwen2.5:3b,english,6,Extraversion,-,1,1
14,qwen2.5:3b,english,7,Agreeableness,+,5,5
14,qwen2.5:3b,english,8,Conscientiousness,-,1,1
14,qwen2.5:3b,english,9,Neuroticism,-,3,3
14,qwen2.5:3b,english,10,Openness,-,1,1
14,qwen2.5:3b,english,11,Extraversion,+,5,5
14,qwen2.5:3b,english,12,Agreeableness,-,1,1
14,qwen2.5:3b,english,13,Conscientiousness,+,4,4
14,qwen2.5:3b,english,14,Neuroticism,+,2,2
14,qwen2.5:3b,english,15,Openness,+,5,5
14,qwen2.5:3b,english,16,Extraversion,-,3,3
14,qwen2.5:3b,english,17,Agreeableness,+,5,5
14,qwen2.5:3b,english,18,Conscientiousness,-,1,1
14,qwen2.5:3b,english,19,Neuroticism,-,5,5
14,qwen2.5:3b,english,20,Openness,-,5,5
14,qwen2.5:3b,english,21,Extraversion,+,4,4
14,qwen2.5:3b,english,22,Agreeableness,-,5,5
14,qwen2.5:3b,english,23,Conscientiousness,+,3,3
14,qwen2.5:3b,english,24,Neuroticism,+,3,3
14,qwen2.5:3b,english,25,Openness,+,5,5
14,qwen2.5:3b,english,26,Extraversion,-,1,1
14,qwen2.5:3b,english,27,Agreeableness,+,5,5
14,qwen2.5:3b,english,28,Conscientiousness,-,3,3
14,qwen2.5:3b,english,29,Neuroticism,+,2,2
14,qwen2.5:3b,english,30,Openness,-,1,1
14,qwen2.5:3b,english,31,Extraversion,+,3,3
14,qwen2.5:3b,english,32,Agreeableness,-,1,1
14,qwen2.5:3b,english,33,Conscientiousness,+,5,5
14,qwen2.5:3b,english,34,Neuroticism,+,4,4
14,qwen2.5:3b,english,35,Openness,+,5,5
14,qwen2.5:3b,english,36,Extraversion,-,1,1
14,qwen2.5:3b,english,37,Agreeableness,+,5,5
14,qwen2.5:3b,english,38,Conscientiousness,-,1,1
14,qwen2.5:3b,english,39,Neuroticism,+,3,3
14,qwen2.5:3b,english,40,Openness,+,1,1
14,qwen2.5:3b,english,41,Extraversion,+,5,5
14,qwen2.5:3b,english,42,Agreeableness,+,5,5
14,qwen2.5:3b,english,43,Conscientiousness,+,3,3
14,qwen2.5:3b,english,44,Neuroticism,+,3,3
14,qwen2.5:3b,english,45,Openness,+,3,3
14,qwen2.5:3b,english,46,Extraversion,-,3,3
14,qwen2.5:3b,english,47,Agreeableness,+,4,4
14,qwen2.5:3b,english,48,Conscientiousness,+,4,4
14,qwen2.5:3b,english,49,Neuroticism,+,3,3
14,qwen2.5:3b,english,50,Openness,+,5,5
15,qwen2.5:3b,english,1,Extraversion,+,4,4
15,qwen2.5:3b,english,2,Agreeableness,-,1,1
15,qwen2.5:3b,english,3,Conscientiousness,+,3,3
15,qwen2.5:3b,english,4,Neuroticism,+,2,2
15,qwen2.5:3b,english,5,Openness,+,5,5
15,qwen2.5:3b,english,6,Extraversion,-,1,1
15,qwen2.5:3b,english,7,Agreeableness,+,5,5
15,qwen2.5:3b,english,8,Conscientiousness,-,1,1
15,qwen2.5:3b,english,9,Neuroticism,-,3,3
15,qwen2.5:3b,english,10,Openness,-,3,3
15,qwen2.5:3b,english,11,Extraversion,+,5,5
15,qwen2.5:3b,english,12,Agreeableness,-,1,1
15,qwen2.5:3b,english,13,Conscientiousness,+,4,4
15,qwen2.5:3b,english,14,Neuroticism,+,2,2
15,qwen2.5:3b,english,15,Openness,+,5,5
15,qwen2.5:3b,english,16,Extraversion,-,3,3
15,qwen2.5:3b,english,17,Agreeableness,+,5,5
15,qwen2.5:3b,english,18,Conscientiousness,-,1,1
15,qwen2.5:3b,english,19,Neuroticism,-,5,5
15,qwen2.5:3b,english,20,Openness,-,5,5
15,qwen2.5:3b,english,21,Extraversion,+,5,5
15,qwen2.5:3b,english,22,Agreeableness,-,1,1
15,qwen2.5:3b,english,23,Conscientiousness,+,2,2
15,qwen2.5:3b,english,24,Neuroticism,+,3,3
15,qwen2.5:3b,english,25,Openness,+,5,5
15,qwen2.5:3b,english,26,Extraversion,-,1,1
15,qwen2.5:3b,english,27,Agreeableness,+,5,5
15,qwen2.5:3b,english,28,Conscientiousness,-,1,1
15,qwen2.5:3b,english,29,Neuroticism,+,2,2
15,qwen2.5:3b,english,30,Openness,-,1,1
15,qwen2.5:3b,english,31,Extraversion,+,3,3
15,qwen2.5:3b,english,32,Agreeableness,-,1,1
15,qwen2.5:3b,english,33,Conscientiousness,+,4,4
15,qwen2.5:3b,english,34,Neuroticism,+,3,3
15,qwen2.5:3b,english,35,Openness,+,5,5
15,qwen2.5:3b,english,36,Extraversion,-,1,1
15,qwen2.5:3b,english,37,Agreeableness,+,5,5
15,qwen2.5:3b,english,38,Conscientiousness,-,1,1
15,qwen2.5:3b,english,39,Neuroticism,+,3,3
15,qwen2.5:3b,english,40,Openness,+,1,1
15,qwen2.5:3b,english,41,Extraversion,+,5,5
15,qwen2.5:3b,english,42,Agreeableness,+,3,3
15,qwen2.5:3b,english,43,Conscientiousness,+,4,4
15,qwen2.5:3b,english,44,Neuroticism,+,3,3
15,qwen2.5:3b,english,45,Openness,+,3,3
15,qwen2.5:3b,english,46,Extraversion,-,3,3
15,qwen2.5:3b,english,47,Agreeableness,+,5,5
15,qwen2.5:3b,english,48,Conscientiousness,+,4,4
15,qwen2.5:3b,english,49,Neuroticism,+,3,3
15,qwen2.5:3b,english,50,Openness,+,5,5
16,qwen2.5:3b,english,1,Extraversion,+,4,4
16,qwen2.5:3b,english,2,Agreeableness,-,1,1
16,qwen2.5:3b,english,3,Conscientiousness,+,3,3
16,qwen2.5:3b,english,4,Neuroticism,+,2,2
16,qwen2.5:3b,english,5,Openness,+,5,5
16,qwen2.5:3b,english,6,Extraversion,-,1,1
16,qwen2.5:3b,english,7,Agreeableness,+,5,5
16,qwen2.5:3b,english,8,Conscientiousness,-,1,1
16,qwen2.5:3b,english,9,Neuroticism,-,3,3
16,qwen2.5:3b,english,10,Openness,-,3,3
16,qwen2.5:3b,english,11,Extraversion,+,5,5
16,qwen2.5:3b,english,12,Agreeableness,-,1,1
16,qwen2.5:3b,english,13,Conscientiousness,+,4,4
16,qwen2.5:3b,english,14,Neuroticism,+,2,2
16,qwen2.5:3b,english,15,Openness,+,5,5
16,qwen2.5:3b,english,16,Extraversion,-,3,3
16,qwen2.5:3b,english,17,Agreeableness,+,5,5
16,qwen2.5:3b,english,18,Conscientiousness,-,1,1
16,qwen2.5:3b,english,19,Neuroticism,-,5,5
16,qwen2.5:3b,english,20,Openness,-,5,5
16,qwen2.5:3b,english,21,Extraversion,+,3,3
16,qwen2.5:3b,english,22,Agreeableness,-,5,5
16,qwen2.5:3b,english,23,Conscientiousness,+,3,3
16,qwen2.5:3b,english,24,Neuroticism,+,3,3
16,qwen2.5:3b,english,25,Openness,+,5,5
16,qwen2.5:3b,english,26,Extraversion,-,1,1
16,qwen2.5:3b,english,27,Agreeableness,+,5,5
16,qwen2.5:3b,english,28,Conscientiousness,-,1,1
16,qwen2.5:3b,english,29,Neuroticism,+,3,3
16,qwen2.5:3b,english,30,Openness,-,1,1
16,qwen2.5:3b,english,31,Extraversion,+,3,3
16,qwen2.5:3b,english,32,Agreeableness,-,1,1
16,qwen2.5:3b,english,33,Conscientiousness,+,4,4
16,qwen2.5:3b,english,34,Neuroticism,+,4,4
16,qwen2.5:3b,english,35,Openness,+,5,5
16,qwen2.5:3b,english,36,Extraversion,-,1,1
16,qwen2.5:3b,english,37,Agreeableness,+,5,5
16,qwen2.5:3b,english,38,Conscientiousness,-,1,1
16,qwen2.5:3b,english,39,Neuroticism,+,3,3
16,qwen2.5:3b,english,40,Openness,+,1,1
16,qwen2.5:3b,english,41,Extraversion,+,5,5
16,qwen2.5:3b,english,42,Agreeableness,+,3,3
16,qwen2.5:3b,english,43,Conscientiousness,+,4,4
16,qwen2.5:3b,english,44,Neuroticism,+,3,3
16,qwen2.5:3b,english,45,Openness,+,3,3
16,qwen2.5:3b,english,46,Extraversion,-,4,4
16,qwen2.5:3b,english,47,Agreeableness,+,5,5
16,qwen2.5:3b,english,48,Conscientiousness,+,4,4
16,qwen2.5:3b,english,49,Neuroticism,+,3,3
16,qwen2.5:3b,english,50,Openness,+,5,5
17,qwen2.5:3b,english,1,Extraversion,+,4,4
17,qwen2.5:3b,english,2,Agreeableness,-,1,1
17,qwen2.5:3b,english,3,Conscientiousness,+,3,3
17,qwen2.5:3b,english,4,Neuroticism,+,2,2
17,qwen2.5:3b,english,5,Openness,+,5,5
17,qwen2.5:3b,english,6,Extraversion,-,1,1
17,qwen2.5:3b,english,7,Agreeableness,+,5,5
17,qwen2.5:3b,english,8,Conscientiousness,-,1,1
17,qwen2.5:3b,english,9,Neuroticism,-,3,3
17,qwen2.5:3b,english,10,Openness,-,3,3
17,qwen2.5:3b,english,11,Extraversion,+,5,5
17,qwen2.5:3b,english,12,Agreeableness,-,1,1
17,qwen2.5:3b,english,13,Conscientiousness,+,4,4
17,qwen2.5:3b,english,14,Neuroticism,+,2,2
17,qwen2.5:3b,english,15,Openness,+,5,5
17,qwen2.5:3b,english,16,Extraversion,-,3,3
17,qwen2.5:3b,english,17,Agreeableness,+,5,5
17,qwen2.5:3b,english,18,Conscientiousness,-,1,1
17,qwen2.5:3b,english,19,Neuroticism,-,5,5
17,qwen2.5:3b,english,20,Openness,-,5,5
17,qwen2.5:3b,english,21,Extraversion,+,3,3
17,qwen2.5:3b,english,22,Agreeableness,-,5,5
17,qwen2.5:3b,english,23,Conscientiousness,+,3,3
17,qwen2.5:3b,english,24,Neuroticism,+,3,3
17,qwen2.5:3b,english,25,Openness,+,5,5
17,qwen2.5:3b,english,26,Extraversion,-,1,1
17,qwen2.5:3b,english,27,Agreeableness,+,5,5
17,qwen2.5:3b,english,28,Conscientiousness,-,1,1
17,qwen2.5:3b,english,29,Neuroticism,+,2,2
17,qwen2.5:3b,english,30,Openness,-,1,1
17,qwen2.5:3b,english,31,Extraversion,+,3,3
17,qwen2.5:3b,english,32,Agreeableness,-,1,1
17,qwen2.5:3b,english,33,Conscientiousness,+,4,4
17,qwen2.5:3b,english,34,Neuroticism,+,4,4
17,qwen2.5:3b,english,35,Openness,+,5,5
17,qwen2.5:3b,english,36,Extraversion,-,1,1
17,qwen2.5:3b,english,37,Agreeableness,+,5,5
17,qwen2.5:3b,english,38,Conscientiousness,-,1,1
17,qwen2.5:3b,english,39,Neuroticism,+,3,3
17,qwen2.5:3b,english,40,Openness,+,1,1
17,qwen2.5:3b,english,41,Extraversion,+,5,5
17,qwen2.5:3b,english,42,Agreeableness,+,3,3
17,qwen2.5:3b,english,43,Conscientiousness,+,3,3
17,qwen2.5:3b,english,44,Neuroticism,+,3,3
17,qwen2.5:3b,english,45,Openness,+,3,3
17,qwen2.5:3b,english,46,Extraversion,-,3,3
17,qwen2.5:3b,english,47,Agreeableness,+,5,5
17,qwen2.5:3b,english,48,Conscientiousness,+,4,4
17,qwen2.5:3b,english,49,Neuroticism,+,3,3
17,qwen2.5:3b,english,50,Openness,+,5,5
18,qwen2.5:3b,english,1,Extraversion,+,3,3
18,qwen2.5:3b,english,2,Agreeableness,-,1,1
18,qwen2.5:3b,english,3,Conscientiousness,+,3,3
18,qwen2.5:3b,english,4,Neuroticism,+,2,2
18,qwen2.5:3b,english,5,Openness,+,5,5
18,qwen2.5:3b,english,6,Extraversion,-,1,1
18,qwen2.5:3b,english,7,Agreeableness,+,5,5
18,qwen2.5:3b,english,8,Conscientiousness,-,1,1
18,qwen2.5:3b,english,9,Neuroticism,-,3,3
18,qwen2.5:3b,english,10,Openness,-,3,3
18,qwen2.5:3b,english,11,Extraversion,+,5,5
18,qwen2.5:3b,english,12,Agreeableness,-,1,1
18,qwen2.5:3b,english,13,Conscientiousness,+,4,4
18,qwen2.5:3b,english,14,Neuroticism,+,2,2
18,qwen2.5:3b,english,15,Openness,+,5,5
18,qwen2.5:3b,english,16,Extraversion,-,3,3
18,qwen2.5:3b,english,17,Agreeableness,+,5,5
18,qwen2.5:3b,english,18,Conscientiousness,-,1,1
18,qwen2.5:3b,english,19,Neuroticism,-,5,5
18,qwen2.5:3b,english,20,Openness,-,5,5
18,qwen2.5:3b,english,21,Extraversion,+,3,3
18,qwen2.5:3b,english,22,Agreeableness,-,1,1
18,qwen2.5:3b,english,23,Conscientiousness,+,2,2
18,qwen2.5:3b,english,24,Neuroticism,+,3,3
18,qwen2.5:3b,english,25,Openness,+,5,5
18,qwen2.5:3b,english,26,Extraversion,-,1,1
18,qwen2.5:3b,english,27,Agreeableness,+,5,5
18,qwen2.5:3b,english,28,Conscientiousness,-,1,1
18,qwen2.5:3b,english,29,Neuroticism,+,2,2
18,qwen2.5:3b,english,30,Openness,-,1,1
18,qwen2.5:3b,english,31,Extraversion,+,3,3
18,qwen2.5:3b,english,32,Agreeableness,-,1,1
18,qwen2.5:3b,english,33,Conscientiousness,+,4,4
18,qwen2.5:3b,english,34,Neuroticism,+,4,4
18,qwen2.5:3b,english,35,Openness,+,5,5
18,qwen2.5:3b,english,36,Extraversion,-,1,1
18,qwen2.5:3b,english,37,Agreeableness,+,5,5
18,qwen2.5:3b,english,38,Conscientiousness,-,1,1
18,qwen2.5:3b,english,39,Neuroticism,+,3,3
18,qwen2.5:3b,english,40,Openness,+,1,1
18,qwen2.5:3b,english,41,Extraversion,+,5,5
18,qwen2.5:3b,english,42,Agreeableness,+,3,3
18,qwen2.5:3b,english,43,Conscientiousness,+,3,3
18,qwen2.5:3b,english,44,Neuroticism,+,3,3
18,qwen2.5:3b,english,45,Openness,+,3,3
18,qwen2.5:3b,english,46,Extraversion,-,3,3
18,qwen2.5:3b,english,47,Agreeableness,+,3,3
18,qwen2.5:3b,english,48,Conscientiousness,+,4,4
18,qwen2.5:3b,english,49,Neuroticism,+,3,3
18,qwen2.5:3b,english,50,Openness,+,5,5
19,qwen2.5:3b,english,1,Extraversion,+,4,4
19,qwen2.5:3b,english,2,Agreeableness,-,1,1
19,qwen2.5:3b,english,3,Conscientiousness,+,3,3
19,qwen2.5:3b,english,4,Neuroticism,+,2,2
19,qwen2.5:3b,english,5,Openness,+,5,5
19,qwen2.5:3b,english,6,Extraversion,-,1,1
19,qwen2.5:3b,english,7,Agreeableness,+,5,5
19,qwen2.5:3b,english,8,Conscientiousness,-,1,1
19,qwen2.5:3b,english,9,Neuroticism,-,3,3
19,qwen2.5:3b,english,10,Openness,-,3,3
19,qwen2.5:3b,english,11,Extraversion,+,5,5
19,qwen2.5:3b,english,12,Agreeableness,-,1,1
19,qwen2.5:3b,english,13,Conscientiousness,+,4,4
19,qwen2.5:3b,english,14,Neuroticism,+,2,2
19,qwen2.5:3b,english,15,Openness,+,5,5
19,qwen2.5:3b,english,16,Extraversion,-,3,3
19,qwen2.5:3b,english,17,Agreeableness,+,5,5
19,qwen2.5:3b,english,18,Conscientiousness,-,1,1
19,qwen2.5:3b,english,19,Neuroticism,-,5,5
19,qwen2.5:3b,english,20,Openness,-,5,5
19,qwen2.5:3b,english,21,Extraversion,+,5,5
19,qwen2.5:3b,english,22,Agreeableness,-,5,5
19,qwen2.5:3b,english,23,Conscientiousness,+,2,2
19,qwen2.5:3b,english,24,Neuroticism,+,3,3
19,qwen2.5:3b,english,25,Openness,+,5,5
19,qwen2.5:3b,english,26,Extraversion,-,1,1
19,qwen2.5:3b,english,27,Agreeableness,+,5,5
19,qwen2.5:3b,english,28,Conscientiousness,-,3,3
19,qwen2.5:3b,english,29,Neuroticism,+,3,3
19,qwen2.5:3b,english,30,Openness,-,1,1
19,qwen2.5:3b,english,31,Extraversion,+,3,3
19,qwen2.5:3b,english,32,Agreeableness,-,1,1
19,qwen2.5:3b,english,33,Conscientiousness,+,4,4
19,qwen2.5:3b,english,34,Neuroticism,+,3,3
19,qwen2.5:3b,english,35,Openness,+,5,5
19,qwen2.5:3b,english,36,Extraversion,-,1,1
19,qwen2.5:3b,english,37,Agreeableness,+,5,5
19,qwen2.5:3b,english,38,Conscientiousness,-,1,1
19,qwen2.5:3b,english,39,Neuroticism,+,3,3
19,qwen2.5:3b,english,40,Openness,+,1,1
19,qwen2.5:3b,english,41,Extraversion,+,5,5
19,qwen2.5:3b,english,42,Agreeableness,+,5,5
19,qwen2.5:3b,english,43,Conscientiousness,+,3,3
19,qwen2.5:3b,english,44,Neuroticism,+,3,3
19,qwen2.5:3b,english,45,Openness,+,3,3
19,qwen2.5:3b,english,46,Extraversion,-,3,3
19,qwen2.5:3b,english,47,Agreeableness,+,5,5
19,qwen2.5:3b,english,48,Conscientiousness,+,4,4
19,qwen2.5:3b,english,49,Neuroticism,+,3,3
19,qwen2.5:3b,english,50,Openness,+,5,5
20,qwen2.5:3b,english,1,Extraversion,+,3,3
20,qwen2.5:3b,english,2,Agreeableness,-,1,1
20,qwen2.5:3b,english,3,Conscientiousness,+,3,3
20,qwen2.5:3b,english,4,Neuroticism,+,2,2
20,qwen2.5:3b,english,5,Openness,+,5,5
20,qwen2.5:3b,english,6,Extraversion,-,1,1
20,qwen2.5:3b,english,7,Agreeableness,+,5,5
20,qwen2.5:3b,english,8,Conscientiousness,-,1,1
20,qwen2.5:3b,english,9,Neuroticism,-,3,3
20,qwen2.5:3b,english,10,Openness,-,3,3
20,qwen2.5:3b,english,11,Extraversion,+,5,5
20,qwen2.5:3b,english,12,Agreeableness,-,1,1
20,qwen2.5:3b,english,13,Conscientiousness,+,4,4
20,qwen2.5:3b,english,14,Neuroticism,+,2,2
20,qwen2.5:3b,english,15,Openness,+,5,5
20,qwen2.5:3b,english,16,Extraversion,-,3,3
20,qwen2.5:3b,english,17,Agreeableness,+,5,5
20,qwen2.5:3b,english,18,Conscientiousness,-,1,1
20,qwen2.5:3b,english,19,Neuroticism,-,5,5
20,qwen2.5:3b,english,20,Openness,-,5,5
20,qwen2.5:3b,english,21,Extraversion,+,3,3
20,qwen2.5:3b,english,22,Agreeableness,-,5,5
20,qwen2.5:3b,english,23,Conscientiousness,+,3,3
20,qwen2.5:3b,english,24,Neuroticism,+,3,3
20,qwen2.5:3b,english,25,Openness,+,5,5
20,qwen2.5:3b,english,26,Extraversion,-,1,1
20,qwen2.5:3b,english,27,Agreeableness,+,5,5
20,qwen2.5:3b,english,28,Conscientiousness,-,1,1
20,qwen2.5:3b,english,29,Neuroticism,+,3,3
20,qwen2.5:3b,english,30,Openness,-,1,1
20,qwen2.5:3b,english,31,Extraversion,+,3,3
20,qwen2.5:3b,english,32,Agreeableness,-,1,1
20,qwen2.5:3b,english,33,Conscientiousness,+,4,4
20,qwen2.5:3b,english,34,Neuroticism,+,3,3
20,qwen2.5:3b,english,35,Openness,+,5,5
20,qwen2.5:3b,english,36,Extraversion,-,1,1
20,qwen2.5:3b,english,37,Agreeableness,+,5,5
20,qwen2.5:3b,english,38,Conscientiousness,-,1,1
20,qwen2.5:3b,english,39,Neuroticism,+,3,3
20,qwen2.5:3b,english,40,Openness,+,1,1
20,qwen2.5:3b,english,41,Extraversion,+,5,5
20,qwen2.5:3b,english,42,Agreeableness,+,3,3
20,qwen2.5:3b,english,43,Conscientiousness,+,3,3
20,qwen2.5:3b,english,44,Neuroticism,+,3,3
20,qwen2.5:3b,english,45,Openness,+,3,3
20,qwen2.5:3b,english,46,Extraversion,-,3,3
20,qwen2.5:3b,english,47,Agreeableness,+,5,5
20,qwen2.5:3b,english,48,Conscientiousness,+,4,4
20,qwen2.5:3b,english,49,Neuroticism,+,3,3
20,qwen2.5:3b,english,50,Openness,+,5,5
1,qwen2.5:3b,burmese,1,Extraversion,+,ဖော်ပ,
1,qwen2.5:3b,burmese,2,Agreeableness,-,ဖော်ပ,
1,qwen2.5:3b,burmese,3,Conscientiousness,+,အခြေခ,
1,qwen2.5:3b,burmese,4,Neuroticism,+,လေ့လာ,
1,qwen2.5:3b,burmese,5,Openness,+,ဖော်ပ,
1,qwen2.5:3b,burmese,6,Extraversion,-,ဖော်ပ,
1,qwen2.5:3b,burmese,7,Agreeableness,+,လေ့လာ,
1,qwen2.5:3b,burmese,8,Conscientiousness,-,ဖော်ပ,
1,qwen2.5:3b,burmese,9,Neuroticism,-,အချက်အ,
1,qwen2.5:3b,burmese,10,Openness,-,ဖော်ပ,
1,qwen2.5:3b,burmese,11,Extraversion,+,အခြား,
1,qwen2.5:3b,burmese,12,Agreeableness,-,ဖော်ပ,
1,qwen2.5:3b,burmese,13,Conscientiousness,+,ကိန်း,
1,qwen2.5:3b,burmese,14,Neuroticism,+,ဖော်ပ,
1,qwen2.5:3b,burmese,15,Openness,+,ငါက ထက,
1,qwen2.5:3b,burmese,16,Extraversion,-,လည်းခ,
1,qwen2.5:3b,burmese,17,Agreeableness,+,ဖော်ပ,
1,qwen2.5:3b,burmese,18,Conscientiousness,-,လိုအပ,
1,qwen2.5:3b,burmese,19,Neuroticism,-,၅ = လု,5
1,qwen2.5:3b,burmese,20,Openness,-,လေ့လာ,
1,qwen2.5:3b,burmese,21,Extraversion,+,"၁

ဖော",1
1,qwen2.5:3b,burmese,22,Agreeableness,-,လေ့လာ,
1,qwen2.5:3b,burmese,23,Conscientiousness,+,လေ့လာ,
1,qwen2.5:3b,burmese,24,Neuroticism,+,လူ့ပြ,
1,qwen2.5:3b,burmese,25,Openness,+,လူ့အပ,
1,qwen2.5:3b,burmese,26,Extraversion,-,ဖော်ပ,
1,qwen2.5:3b,burmese,27,Agreeableness,+,လေ့လာ,
1,qwen2.5:3b,burmese,28,Conscientiousness,-,လိုအပ,
1,qwen2.5:3b,burmese,29,Neuroticism,+,ဖော်ပ,
1,qwen2.5:3b,burmese,30,Openness,-,လေ့လာ,
1,qwen2.5:3b,burmese,31,Extraversion,+,ဖော်ပ,
1,qwen2.5:3b,burmese,32,Agreeableness,-,အရလုပ်,
1,qwen2.5:3b,burmese,33,Conscientiousness,+,လည်းခ,
1,qwen2.5:3b,burmese,34,Neuroticism,+,ဖော်ပ,
1,qwen2.5:3b,burmese,35,Openness,+,လေ့လာ,
1,qwen2.5:3b,burmese,36,Extraversion,-,လေ့လာ,
1,qwen2.5:3b,burmese,37,Agreeableness,+,ဖော်ပ,
1,qwen2.5:3b,burmese,38,Conscientiousness,-,လေးဝမက,
1,qwen2.5:3b,burmese,39,Neuroticism,+,ဖော်ပ,
1,qwen2.5:3b,burmese,40,Openness,+,လိုအပ,
1,qwen2.5:3b,burmese,41,Extraversion,+,ဖော်ပ,
1,qwen2.5:3b,burmese,42,Agreeableness,+,လုပ်ဆ,
1,qwen2.5:3b,burmese,43,Conscientiousness,+,ဖော်ပ,
1,qwen2.5:3b,burmese,44,Neuroticism,+,ဖော်ပ,
1,qwen2.5:3b,burmese,45,Openness,+,လိုအပ,
1,qwen2.5:3b,burmese,46,Extraversion,-,အရလဒ္ဓ,
1,qwen2.5:3b,burmese,47,Agreeableness,+,လေ့လာ,
1,qwen2.5:3b,burmese,48,Conscientiousness,+,လုပ်ဆ,
1,qwen2.5:3b,burmese,49,Neuroticism,+,ဖော်ပ,
1,qwen2.5:3b,burmese,50,Openness,+,အခြား,
2,qwen2.5:3b,burmese,1,Extraversion,+,ဖော်ပ,
2,qwen2.5:3b,burmese,2,Agreeableness,-,အောက်,
2,qwen2.5:3b,burmese,3,Conscientiousness,+,ဖော်ပ,
2,qwen2.5:3b,burmese,4,Neuroticism,+,အောက်,
2,qwen2.5:3b,burmese,5,Openness,+,ဖော်ပ,
2,qwen2.5:3b,burmese,6,Extraversion,-,အခြေခ,
2,qwen2.5:3b,burmese,7,Agreeableness,+,လေးဝမက,
2,qwen2.5:3b,burmese,8,Conscientiousness,-,အခြား,
2,qwen2.5:3b,burmese,9,Neuroticism,-,လုပ်ဆ,
2,qwen2.5:3b,burmese,10,Openness,-,၁ = အတန,1
2,qwen2.5:3b,burmese,11,Extraversion,+,"၁ = ၅

ဖ",1
2,qwen2.5:3b,burmese,12,Agreeableness,-,ဖော်ပ,
2,qwen2.5:3b,burmese,13,Conscientiousness,+,ဖော်ပ,
2,qwen2.5:3b,burmese,14,Neuroticism,+,ဖော်ပ,
2,qwen2.5:3b,burmese,15,Openness,+,ဖော်ပ,
2,qwen2.5:3b,burmese,16,Extraversion,-,ဖော်ပ,
2,qwen2.5:3b,burmese,17,Agreeableness,+,အနေနဲ,
2,qwen2.5:3b,burmese,18,Conscientiousness,-,ဖော်ပ,
2,qwen2.5:3b,burmese,19,Neuroticism,-,အခြား,
2,qwen2.5:3b,burmese,20,Openness,-,ဖော်ပ,
2,qwen2.5:3b,burmese,21,Extraversion,+,ဖော်ပ,
2,qwen2.5:3b,burmese,22,Agreeableness,-,အခြေခ,
2,qwen2.5:3b,burmese,23,Conscientiousness,+,လေ့ကိ,
2,qwen2.5:3b,burmese,24,Neuroticism,+,လေ့လာ,
2,qwen2.5:3b,burmese,25,Openness,+,အခြေခ,
2,qwen2.5:3b,burmese,26,Extraversion,-,အချက်အ,
2,qwen2.5:3b,burmese,27,Agreeableness,+,အချက်အ,
2,qwen2.5:3b,burmese,28,Conscientiousness,-,ကျနေရ,
2,qwen2.5:3b,burmese,29,Neuroticism,+,အကယ်၍ဖ,
2,qwen2.5:3b,burmese,30,Openness,-,လေ့ကျ,
2,qwen2.5:3b,burmese,31,Extraversion,+,အခြေခ,
2,qwen2.5:3b,burmese,32,Agreeableness,-,ဖော်ပ,
2,qwen2.5:3b,burmese,33,Conscientiousness,+,ပြင်ဆင,
2,qwen2.5:3b,burmese,34,Neuroticism,+,ဖော်ပ,
2,qwen2.5:3b,burmese,35,Openness,+,ဖော်ပ,
2,qwen2.5:3b,burmese,36,Extraversion,-,အရင်၊ ဖ,
2,qwen2.5:3b,burmese,37,Agreeableness,+,ဖော်ပ,
2,qwen2.5:3b,burmese,38,Conscientiousness,-,လေ့ကျ,
2,qwen2.5:3b,burmese,39,Neuroticism,+,လေ့ကျ,
2,qwen2.5:3b,burmese,40,Openness,+,အဲဒီဖ,
2,qwen2.5:3b,burmese,41,Extraversion,+,ဖော်ပ,
2,qwen2.5:3b,burmese,42,Agreeableness,+,အနေနဲ,
2,qwen2.5:3b,burmese,43,Conscientiousness,+,အချက်အ,
2,qwen2.5:3b,burmese,44,Neuroticism,+,လေ့ကျ,
2,qwen2.5:3b,burmese,45,Openness,+,အချက်အ,
2,qwen2.5:3b,burmese,46,Extraversion,-,ဖော်ပ,
2,qwen2.5:3b,burmese,47,Agreeableness,+,ဖော်ပ,
2,qwen2.5:3b,burmese,48,Conscientiousness,+,လေ့လာ,
2,qwen2.5:3b,burmese,49,Neuroticism,+,လိုအပ,
2,qwen2.5:3b,burmese,50,Openness,+,အခါအချ,
3,qwen2.5:3b,burmese,1,Extraversion,+,ဖော်ပ,
3,qwen2.5:3b,burmese,2,Agreeableness,-,ဖော်ပ,
3,qwen2.5:3b,burmese,3,Conscientiousness,+,ဖော်ပ,
3,qwen2.5:3b,burmese,4,Neuroticism,+,"၁

ဖော",1
3,qwen2.5:3b,burmese,5,Openness,+,ပြင,
3,qwen2.5:3b,burmese,6,Extraversion,-,ဖော်ပ,
3,qwen2.5:3b,burmese,7,Agreeableness,+,အချက်အ,
3,qwen2.5:3b,burmese,8,Conscientiousness,-,လူဝမကိ,
3,qwen2.5:3b,burmese,9,Neuroticism,-,အလွန်ဖ,
3,qwen2.5:3b,burmese,10,Openness,-,ဖော်ပ,
3,qwen2.5:3b,burmese,11,Extraversion,+,အခါလေ,
3,qwen2.5:3b,burmese,12,Agreeableness,-,အခက်အခ,
3,qwen2.5:3b,burmese,13,Conscientiousness,+,အချက်အ,
3,qwen2.5:3b,burmese,14,Neuroticism,+,၅ = လု,5
3,qwen2.5:3b,burmese,15,Openness,+,လုပ်ဆ,
3,qwen2.5:3b,burmese,16,Extraversion,-,ဖော်ပ,
3,qwen2.5:3b,burmese,17,Agreeableness,+,အခြေခ,
3,qwen2.5:3b,burmese,18,Conscientiousness,-,ဖော်ပ,
3,qwen2.5:3b,burmese,19,Neuroticism,-,၅ = လု,5
3,qwen2.5:3b,burmese,20,Openness,-,ဖော်ပ,
3,qwen2.5:3b,burmese,21,Extraversion,+,လော့စ,
3,qwen2.5:3b,burmese,22,Agreeableness,-,ဖော်ပ,
3,qwen2.5:3b,burmese,23,Conscientiousness,+,ဖော်ပ,
3,qwen2.5:3b,burmese,24,Neuroticism,+,အခြေခ,
3,qwen2.5:3b,burmese,25,Openness,+,၁ = လု,1
3,qwen2.5:3b,burmese,26,Extraversion,-,အချိန,
3,qwen2.5:3b,burmese,27,Agreeableness,+,အချက်အ,
3,qwen2.5:3b,burmese,28,Conscientiousness,-,လိုအပ,
3,qwen2.5:3b,burmese,29,Neuroticism,+,အောက်,
3,qwen2.5:3b,burmese,30,Openness,-,လေ့လာ,
3,qwen2.5:3b,burmese,31,Extraversion,+,အချက်အ,
3,qwen2.5:3b,burmese,32,Agreeableness,-,ဖော်ပ,
3,qwen2.5:3b,burmese,33,Conscientiousness,+,အခုဖေ,
3,qwen2.5:3b,burmese,34,Neuroticism,+,လုပ်ခ,
3,qwen2.5:3b,burmese,35,Openness,+,လေ့လာ,
3,qwen2.5:3b,burmese,36,Extraversion,-,အခြေခ,
3,qwen2.5:3b,burmese,37,Agreeableness,+,အခြေခ,
3,qwen2.5:3b,burmese,38,Conscientiousness,-,ဖော်ပ,
3,qwen2.5:3b,burmese,39,Neuroticism,+,အခြား,
3,qwen2.5:3b,burmese,40,Openness,+,အောက်,
3,qwen2.5:3b,burmese,41,Extraversion,+,လုပ်ဆ,
3,qwen2.5:3b,burmese,42,Agreeableness,+,အခုဖေ,
3,qwen2.5:3b,burmese,43,Conscientiousness,+,လိုအပ,
3,qwen2.5:3b,burmese,44,Neuroticism,+,ဖော်ပ,
3,qwen2.5:3b,burmese,45,Openness,+,လေ့ကျ,
3,qwen2.5:3b,burmese,46,Extraversion,-,လေးဝမက,
3,qwen2.5:3b,burmese,47,Agreeableness,+,လော့ဂ,
3,qwen2.5:3b,burmese,48,Conscientiousness,+,လုပ်ဆ,
3,qwen2.5:3b,burmese,49,Neuroticism,+,ဖော်ပ,
3,qwen2.5:3b,burmese,50,Openness,+,အောက်,
4,qwen2.5:3b,burmese,1,Extraversion,+,လုံးဝ,
4,qwen2.5:3b,burmese,2,Agreeableness,-,အခြေခ,
4,qwen2.5:3b,burmese,3,Conscientiousness,+,အခါအခါ,
4,qwen2.5:3b,burmese,4,Neuroticism,+,၁ = အတန,1
4,qwen2.5:3b,burmese,5,Openness,+,ဖော်ပ,
4,qwen2.5:3b,burmese,6,Extraversion,-,ဖော်ပ,
4,qwen2.5:3b,burmese,7,Agreeableness,+,ဖော်ပ,
4,qwen2.5:3b,burmese,8,Conscientiousness,-,အခြေခ,
4,qwen2.5:3b,burmese,9,Neuroticism,-,လိုအပ,
4,qwen2.5:3b,burmese,10,Openness,-,လေ့လာ,
4,qwen2.5:3b,burmese,11,Extraversion,+,လေ့လာ,
4,qwen2.5:3b,burmese,12,Agreeableness,-,ဖော်ပ,
4,qwen2.5:3b,burmese,13,Conscientiousness,+,၅ = လု,5
4,qwen2.5:3b,burmese,14,Neuroticism,+,ဖော်ပ,
4,qwen2.5:3b,burmese,15,Openness,+,အခြား,
4,qwen2.5:3b,burmese,16,Extraversion,-,"၁

ဖော",1
4,qwen2.5:3b,burmese,17,Agreeableness,+,အောက်,
4,qwen2.5:3b,burmese,18,Conscientiousness,-,ငါက ပတ,
4,qwen2.5:3b,burmese,19,Neuroticism,-,ကျယ်တ,
4,qwen2.5:3b,burmese,20,Openness,-,ဖော်ပ,
4,qwen2.5:3b,burmese,21,Extraversion,+,အချက်အ,
4,qwen2.5:3b,burmese,22,Agreeableness,-,အခြား,
4,qwen2.5:3b,burmese,23,Conscientiousness,+,အခက်အခ,
4,qwen2.5:3b,burmese,24,Neuroticism,+,ကျယ်တ,
4,qwen2.5:3b,burmese,25,Openness,+,အောက်,
4,qwen2.5:3b,burmese,26,Extraversion,-,လူ့အရ,
4,qwen2.5:3b,burmese,27,Agreeableness,+,အချက်အ,
4,qwen2.5:3b,burmese,28,Conscientiousness,-,အကယ်၍ဖ,
4,qwen2.5:3b,burmese,29,Neuroticism,+,၁ = လု,1
4,qwen2.5:3b,burmese,30,Openness,-,လေ့ကျ,
4,qwen2.5:3b,burmese,31,Extraversion,+,ဖော်ပ,
4,qwen2.5:3b,burmese,32,Agreeableness,-,လိုအပ,
4,qwen2.5:3b,burmese,33,Conscientiousness,+,လေ့ကျ,
4,qwen2.5:3b,burmese,34,Neuroticism,+,အရလုံ,
4,qwen2.5:3b,burmese,35,Openness,+,ကိန်း,
4,qwen2.5:3b,burmese,36,Extraversion,-,အချက်အ,
4,qwen2.5:3b,burmese,37,Agreeableness,+,ဖော်ပ,
4,qwen2.5:3b,burmese,38,Conscientiousness,-,အခြေခ,
4,qwen2.5:3b,burmese,39,Neuroticism,+,ဖော်ပ,
4,qwen2.5:3b,burmese,40,Openness,+,အချက်အ,
4,qwen2.5:3b,burmese,41,Extraversion,+,လိုအပ,
4,qwen2.5:3b,burmese,42,Agreeableness,+,"၁ = ၅
ဖ",1
4,qwen2.5:3b,burmese,43,Conscientiousness,+,အခြေခ,
4,qwen2.5:3b,burmese,44,Neuroticism,+,အချက်အ,
4,qwen2.5:3b,burmese,45,Openness,+,လုပ်ဆ,
4,qwen2.5:3b,burmese,46,Extraversion,-,"၁ = ၅

ဖ",1
4,qwen2.5:3b,burmese,47,Agreeableness,+,လက်ရှungen,
4,qwen2.5:3b,burmese,48,Conscientiousness,+,ဖော်ပ,
4,qwen2.5:3b,burmese,49,Neuroticism,+,ဖော်ပ,
4,qwen2.5:3b,burmese,50,Openness,+,အခြား,
5,qwen2.5:3b,burmese,1,Extraversion,+,ဖော်ပ,
5,qwen2.5:3b,burmese,2,Agreeableness,-,အခြေခ,
5,qwen2.5:3b,burmese,3,Conscientiousness,+,လိုအပ,
5,qwen2.5:3b,burmese,4,Neuroticism,+,ဖော်ပ,
5,qwen2.5:3b,burmese,5,Openness,+,အောက်,
5,qwen2.5:3b,burmese,6,Extraversion,-,အောက်,
5,qwen2.5:3b,burmese,7,Agreeableness,+,လူတွေ,
5,qwen2.5:3b,burmese,8,Conscientiousness,-,ဖော်ပ,
5,qwen2.5:3b,burmese,9,Neuroticism,-,ဖော်ပ,
5,qwen2.5:3b,burmese,10,Openness,-,အခြေခ,
5,qwen2.5:3b,burmese,11,Extraversion,+,အောက်,
5,qwen2.5:3b,burmese,12,Agreeableness,-,"၁

ဖော",1
5,qwen2.5:3b,burmese,13,Conscientiousness,+,လိုအပ,
5,qwen2.5:3b,burmese,14,Neuroticism,+,ဖော်ပ,
5,qwen2.5:3b,burmese,15,Openness,+,၁ = လု,1
5,qwen2.5:3b,burmese,16,Extraversion,-,ဖော်ပ,
5,qwen2.5:3b,burmese,17,Agreeableness,+,ကျေးဇ,
5,qwen2.5:3b,burmese,18,Conscientiousness,-,လိုအပ,
5,qwen2.5:3b,burmese,19,Neuroticism,-,အနေနဲ,
5,qwen2.5:3b,burmese,20,Openness,-,အခါလေ,
5,qwen2.5:3b,burmese,21,Extraversion,+,ဖော်ပ,
5,qwen2.5:3b,burmese,22,Agreeableness,-,ဖော်ပ,
5,qwen2.5:3b,burmese,23,Conscientiousness,+,လေ့လာ,
5,qwen2.5:3b,burmese,24,Neuroticism,+,ဖော်ပ,
5,qwen2.5:3b,burmese,25,Openness,+,အဓိပ္ပ,
5,qwen2.5:3b,burmese,26,Extraversion,-,အခြေခ,
5,qwen2.5:3b,burmese,27,Agreeableness,+,၅ = လု,5
5,qwen2.5:3b,burmese,28,Conscientiousness,-,အခြား,
5,qwen2.5:3b,burmese,29,Neuroticism,+,လွယ်က,
5,qwen2.5:3b,burmese,30,Openness,-,လုပ်ဆ,
5,qwen2.5:3b,burmese,31,Extraversion,+,ဖော်ပ,
5,qwen2.5:3b,burmese,32,Agreeableness,-,အချက်အ,
5,qwen2.5:3b,burmese,33,Conscientiousness,+,အချက်အ,
5,qwen2.5:3b,burmese,34,Neuroticism,+,ဖော်ပ,
5,qwen2.5:3b,burmese,35,Openness,+,ကျပ်ရ,
5,qwen2.5:3b,burmese,36,Extraversion,-,ငါက ကိ,
5,qwen2.5:3b,burmese,37,Agreeableness,+,ဖော်ပ,
5,qwen2.5:3b,burmese,38,Conscientiousness,-,ကိန်း,
5,qwen2.5:3b,burmese,39,Neuroticism,+,လူေဘာ,
5,qwen2.5:3b,burmese,40,Openness,+,ဖော်ပ,
5,qwen2.5:3b,burmese,41,Extraversion,+,ဖော်ပ,
5,qwen2.5:3b,burmese,42,Agreeableness,+,အချက်အ,
5,qwen2.5:3b,burmese,43,Conscientiousness,+,ဖော်ပ,
5,qwen2.5:3b,burmese,44,Neuroticism,+,ဖော်ပ,
5,qwen2.5:3b,burmese,45,Openness,+,ကျေးဇ,
5,qwen2.5:3b,burmese,46,Extraversion,-,"၁ = ၅

ဖ",1
5,qwen2.5:3b,burmese,47,Agreeableness,+,အခြေခဏ,
5,qwen2.5:3b,burmese,48,Conscientiousness,+,ဖော်ပ,
5,qwen2.5:3b,burmese,49,Neuroticism,+,ဖော်ပ,
5,qwen2.5:3b,burmese,50,Openness,+,လေ့ကျ,
6,qwen2.5:3b,burmese,1,Extraversion,+,ဖော်ပ,
6,qwen2.5:3b,burmese,2,Agreeableness,-,ပြင်လ,
6,qwen2.5:3b,burmese,3,Conscientiousness,+,ဖော်ပ,
6,qwen2.5:3b,burmese,4,Neuroticism,+,အောက်,
6,qwen2.5:3b,burmese,5,Openness,+,လေ့လာ,
6,qwen2.5:3b,burmese,6,Extraversion,-,ဖော်ပ,
6,qwen2.5:3b,burmese,7,Agreeableness,+,အချက်အ,
6,qwen2.5:3b,burmese,8,Conscientiousness,-,အချက်အ,
6,qwen2.5:3b,burmese,9,Neuroticism,-,ဖော်ပ,
6,qwen2.5:3b,burmese,10,Openness,-,ဖော်ပ,
6,qwen2.5:3b,burmese,11,Extraversion,+,အချက်အ,
6,qwen2.5:3b,burmese,12,Agreeableness,-,လေ့လာ,
6,qwen2.5:3b,burmese,13,Conscientiousness,+,အခြေခ,
6,qwen2.5:3b,burmese,14,Neuroticism,+,ဖော်ပ,
6,qwen2.5:3b,burmese,15,Openness,+,အခါလေ,
6,qwen2.5:3b,burmese,16,Extraversion,-,ဖော်ပ,
6,qwen2.5:3b,burmese,17,Agreeableness,+,ပြောင,
6,qwen2.5:3b,burmese,18,Conscientiousness,-,ဖော်ပ,
6,qwen2.5:3b,burmese,19,Neuroticism,-,လိုအပ,
6,qwen2.5:3b,burmese,20,Openness,-,ဖော်ပ,
6,qwen2.5:3b,burmese,21,Extraversion,+,လုပ်ဆ,
6,qwen2.5:3b,burmese,22,Agreeableness,-,ဖော်ပ,
6,qwen2.5:3b,burmese,23,Conscientiousness,+,အချက်အ,
6,qwen2.5:3b,burmese,24,Neuroticism,+,ဖော်ပ,
6,qwen2.5:3b,burmese,25,Openness,+,အောက်,
6,qwen2.5:3b,burmese,26,Extraversion,-,အခုဖေ,
6,qwen2.5:3b,burmese,27,Agreeableness,+,လိုအပ,
6,qwen2.5:3b,burmese,28,Conscientiousness,-,"၁

ဖော",1
6,qwen2.5:3b,burmese,29,Neuroticism,+,အောက်,
6,qwen2.5:3b,burmese,30,Openness,-,လေ့လာ,
6,qwen2.5:3b,burmese,31,Extraversion,+,လေးဝမက,
6,qwen2.5:3b,burmese,32,Agreeableness,-,ဖော်ပ,
6,qwen2.5:3b,burmese,33,Conscientiousness,+,ဖော်ပ,
6,qwen2.5:3b,burmese,34,Neuroticism,+,လုံးဝ,
6,qwen2.5:3b,burmese,35,Openness,+,ပြင်လန,
6,qwen2.5:3b,burmese,36,Extraversion,-,၁ = လု,1
6,qwen2.5:3b,burmese,37,Agreeableness,+,ဖော်ပ,
6,qwen2.5:3b,burmese,38,Conscientiousness,-,လေ့ကျ,
6,qwen2.5:3b,burmese,39,Neuroticism,+,အချိန,
6,qwen2.5:3b,burmese,40,Openness,+,လေ့လာ,
6,qwen2.5:3b,burmese,41,Extraversion,+,ဖော်ပ,
6,qwen2.5:3b,burmese,42,Agreeableness,+,အောက်,
6,qwen2.5:3b,burmese,43,Conscientiousness,+,လောက်,
6,qwen2.5:3b,burmese,44,Neuroticism,+,လွယ်လ,
6,qwen2.5:3b,burmese,45,Openness,+,၁ = ၅,1
6,qwen2.5:3b,burmese,46,Extraversion,-,အခြေခ,
6,qwen2.5:3b,burmese,47,Agreeableness,+,အနေနဲ,
6,qwen2.5:3b,burmese,48,Conscientiousness,+,လေးဝမက,
6,qwen2.5:3b,burmese,49,Neuroticism,+,ဖော်ပ,
6,qwen2.5:3b,burmese,50,Openness,+,အခြား,
7,qwen2.5:3b,burmese,1,Extraversion,+,ဖော်ပ,
7,qwen2.5:3b,burmese,2,Agreeableness,-,လုပ်ဆ,
7,qwen2.5:3b,burmese,3,Conscientiousness,+,ပြင်လ,
7,qwen2.5:3b,burmese,4,Neuroticism,+,အခြေခ,
7,qwen2.5:3b,burmese,5,Openness,+,ဖော်ပ,
7,qwen2.5:3b,burmese,6,Extraversion,-,ဖော်ပ,
7,qwen2.5:3b,burmese,7,Agreeableness,+,ဖော်ပ,
7,qwen2.5:3b,burmese,8,Conscientiousness,-,ကျင့်,
7,qwen2.5:3b,burmese,9,Neuroticism,-,အချက်အ,
7,qwen2.5:3b,burmese,10,Openness,-,ဖော်ပ,
7,qwen2.5:3b,burmese,11,Extraversion,+,အချိန,
7,qwen2.5:3b,burmese,12,Agreeableness,-,ဖော်ပ,
7,qwen2.5:3b,burmese,13,Conscientiousness,+,၅ = လု,5
7,qwen2.5:3b,burmese,14,Neuroticism,+,ကျနေရင,
7,qwen2.5:3b,burmese,15,Openness,+,အခြား,
7,qwen2.5:3b,burmese,16,Extraversion,-,အခက်အခ,
7,qwen2.5:3b,burmese,17,Agreeableness,+,၁ = အတန,1
7,qwen2.5:3b,burmese,18,Conscientiousness,-,အောက်,
7,qwen2.5:3b,burmese,19,Neuroticism,-,၅ = လု,5
7,qwen2.5:3b,burmese,20,Openness,-,ဖော်ပ,
7,qwen2.5:3b,burmese,21,Extraversion,+,အခြေခ,
7,qwen2.5:3b,burmese,22,Agreeableness,-,အခက်အခ,
7,qwen2.5:3b,burmese,23,Conscientiousness,+,လိုအပ,
7,qwen2.5:3b,burmese,24,Neuroticism,+,အောက်,
7,qwen2.5:3b,burmese,25,Openness,+,အချက်အ,
7,qwen2.5:3b,burmese,26,Extraversion,-,၁ မှ,1
7,qwen2.5:3b,burmese,27,Agreeableness,+,အောက်,
7,qwen2.5:3b,burmese,28,Conscientiousness,-,အောက်,
7,qwen2.5:3b,burmese,29,Neuroticism,+,ဖော်ပ,
7,qwen2.5:3b,burmese,30,Openness,-,အောက်,
7,qwen2.5:3b,burmese,31,Extraversion,+,လေ့ကျ,
7,qwen2.5:3b,burmese,32,Agreeableness,-,အခြေခ,
7,qwen2.5:3b,burmese,33,Conscientiousness,+,လက်ရင်,
7,qwen2.5:3b,burmese,34,Neuroticism,+,အခုဖေ,
7,qwen2.5:3b,burmese,35,Openness,+,လေ့လာ,
7,qwen2.5:3b,burmese,36,Extraversion,-,အခုဖေ,
7,qwen2.5:3b,burmese,37,Agreeableness,+,ဖော်ပ,
7,qwen2.5:3b,burmese,38,Conscientiousness,-,အနေနဲ,
7,qwen2.5:3b,burmese,39,Neuroticism,+,အခြား,
7,qwen2.5:3b,burmese,40,Openness,+,လုပ်ဆ,
7,qwen2.5:3b,burmese,41,Extraversion,+,အချိန,
7,qwen2.5:3b,burmese,42,Agreeableness,+,ဖော်ပ,
7,qwen2.5:3b,burmese,43,Conscientiousness,+,အချက်အ,
7,qwen2.5:3b,burmese,44,Neuroticism,+,လေးဝမက,
7,qwen2.5:3b,burmese,45,Openness,+,အောက်,
7,qwen2.5:3b,burmese,46,Extraversion,-,ကျင့်,
7,qwen2.5:3b,burmese,47,Agreeableness,+,ဖော်ပ,
7,qwen2.5:3b,burmese,48,Conscientiousness,+,အောက်,
7,qwen2.5:3b,burmese,49,Neuroticism,+,ဖော်ပ,
7,qwen2.5:3b,burmese,50,Openness,+,အောက်,
8,qwen2.5:3b,burmese,1,Extraversion,+,ပြင်ပလ,
8,qwen2.5:3b,burmese,2,Agreeableness,-,အခြေခ,
8,qwen2.5:3b,burmese,3,Conscientiousness,+,ဖော်ပ,
8,qwen2.5:3b,burmese,4,Neuroticism,+,ပြင်လ,
8,qwen2.5:3b,burmese,5,Openness,+,လိုအပ,
8,qwen2.5:3b,burmese,6,Extraversion,-,၁ = လု,1
8,qwen2.5:3b,burmese,7,Agreeableness,+,ဖော်ပ,
8,qwen2.5:3b,burmese,8,Conscientiousness,-,ပြင်လ,
8,qwen2.5:3b,burmese,9,Neuroticism,-,ဖော်ပ,
8,qwen2.5:3b,burmese,10,Openness,-,လေ့လာ,
8,qwen2.5:3b,burmese,11,Extraversion,+,ဖော်ပ,
8,qwen2.5:3b,burmese,12,Agreeableness,-,၅ = လု,5
8,qwen2.5:3b,burmese,13,Conscientiousness,+,၁ = လု,1
8,qwen2.5:3b,burmese,14,Neuroticism,+,ဖော်ပ,
8,qwen2.5:3b,burmese,15,Openness,+,အချက်အ,
8,qwen2.5:3b,burmese,16,Extraversion,-,ဖော်ပ,
8,qwen2.5:3b,burmese,17,Agreeableness,+,လေးဝမက,
8,qwen2.5:3b,burmese,18,Conscientiousness,-,လုပ်ဆ,
8,qwen2.5:3b,burmese,19,Neuroticism,-,ငါက စိ,
8,qwen2.5:3b,burmese,20,Openness,-,ဖော်ပ,
8,qwen2.5:3b,burmese,21,Extraversion,+,လူသူအဖ,
8,qwen2.5:3b,burmese,22,Agreeableness,-,ဖော်ပ,
8,qwen2.5:3b,burmese,23,Conscientiousness,+,၁ = လု,1
8,qwen2.5:3b,burmese,24,Neuroticism,+,အချက်အ,
8,qwen2.5:3b,burmese,25,Openness,+,ဖော်ပ,
8,qwen2.5:3b,burmese,26,Extraversion,-,အောက်,
8,qwen2.5:3b,burmese,27,Agreeableness,+,အရလုံ,
8,qwen2.5:3b,burmese,28,Conscientiousness,-,အခြေခ,
8,qwen2.5:3b,burmese,29,Neuroticism,+,လေ့လာ,
8,qwen2.5:3b,burmese,30,Openness,-,အောက်,
8,qwen2.5:3b,burmese,31,Extraversion,+,ဖော်ပ,
8,qwen2.5:3b,burmese,32,Agreeableness,-,အောက်,
8,qwen2.5:3b,burmese,33,Conscientiousness,+,ကျင်း,
8,qwen2.5:3b,burmese,34,Neuroticism,+,၁ = လု,1
8,qwen2.5:3b,burmese,35,Openness,+,အခြေခ,
8,qwen2.5:3b,burmese,36,Extraversion,-,လူငျင,
8,qwen2.5:3b,burmese,37,Agreeableness,+,ဖော်ပ,
8,qwen2.5:3b,burmese,38,Conscientiousness,-,လေ့ကျ,
8,qwen2.5:3b,burmese,39,Neuroticism,+,ကိန်း,
8,qwen2.5:3b,burmese,40,Openness,+,လေ့လာ,
8,qwen2.5:3b,burmese,41,Extraversion,+,ဖော်ပ,
8,qwen2.5:3b,burmese,42,Agreeableness,+,ဖော်ပ,
8,qwen2.5:3b,burmese,43,Conscientiousness,+,လူဦးဝ,
8,qwen2.5:3b,burmese,44,Neuroticism,+,ဖော်ပ,
8,qwen2.5:3b,burmese,45,Openness,+,လူငယ်အ,
8,qwen2.5:3b,burmese,46,Extraversion,-,ဖော်ပ,
8,qwen2.5:3b,burmese,47,Agreeableness,+,လေးဝက,
8,qwen2.5:3b,burmese,48,Conscientiousness,+,ဖော်ပ,
8,qwen2.5:3b,burmese,49,Neuroticism,+,ဖော်ပ,
8,qwen2.5:3b,burmese,50,Openness,+,အချိန,
9,qwen2.5:3b,burmese,1,Extraversion,+,လုပ်ဆ,
9,qwen2.5:3b,burmese,2,Agreeableness,-,ဖော်ပ,
9,qwen2.5:3b,burmese,3,Conscientiousness,+,ဖော်ပ,
9,qwen2.5:3b,burmese,4,Neuroticism,+,၅ = လု,5
9,qwen2.5:3b,burmese,5,Openness,+,လိုအပ,
9,qwen2.5:3b,burmese,6,Extraversion,-,ဖန်တီ,
9,qwen2.5:3b,burmese,7,Agreeableness,+,လေ့လာ,
9,qwen2.5:3b,burmese,8,Conscientiousness,-,အောက်,
9,qwen2.5:3b,burmese,9,Neuroticism,-,လိုအပ,
9,qwen2.5:3b,burmese,10,Openness,-,ဖော်ပ,
9,qwen2.5:3b,burmese,11,Extraversion,+,လိုအပ,
9,qwen2.5:3b,burmese,12,Agreeableness,-,ဖော်ပ,
9,qwen2.5:3b,burmese,13,Conscientiousness,+,အောက်,
9,qwen2.5:3b,burmese,14,Neuroticism,+,ဖော်ပ,
9,qwen2.5:3b,burmese,15,Openness,+,အခြေခ,
9,qwen2.5:3b,burmese,16,Extraversion,-,အခါဖေ,
9,qwen2.5:3b,burmese,17,Agreeableness,+,အောက်,
9,qwen2.5:3b,burmese,18,Conscientiousness,-,အခြေခ,
9,qwen2.5:3b,burmese,19,Neuroticism,-,လေးဝမက,
9,qwen2.5:3b,burmese,20,Openness,-,ဖော်ပ,
9,qwen2.5:3b,burmese,21,Extraversion,+,အောက်,
9,qwen2.5:3b,burmese,22,Agreeableness,-,ဖော်ပ,
9,qwen2.5:3b,burmese,23,Conscientiousness,+,လူရဲ့,
9,qwen2.5:3b,burmese,24,Neuroticism,+,အခုဖေ,
9,qwen2.5:3b,burmese,25,Openness,+,ဖော်ပ,
9,qwen2.5:3b,burmese,26,Extraversion,-,လေ့လာ,
9,qwen2.5:3b,burmese,27,Agreeableness,+,အခုဖေ,
9,qwen2.5:3b,burmese,28,Conscientiousness,-,အချက်အ,
9,qwen2.5:3b,burmese,29,Neuroticism,+,လေ့လာ,
9,qwen2.5:3b,burmese,30,Openness,-,"၁ = ၅
ဖ",1
9,qwen2.5:3b,burmese,31,Extraversion,+,ဖော်ပ,
9,qwen2.5:3b,burmese,32,Agreeableness,-,ဖော်ပ,
9,qwen2.5:3b,burmese,33,Conscientiousness,+,၁ = လု,1
9,qwen2.5:3b,burmese,34,Neuroticism,+,လိုအပ,
9,qwen2.5:3b,burmese,35,Openness,+,၁ = လု,1
9,qwen2.5:3b,burmese,36,Extraversion,-,ဖော်ပ,
9,qwen2.5:3b,burmese,37,Agreeableness,+,ဖော်ပ,
9,qwen2.5:3b,burmese,38,Conscientiousness,-,လေ့လာ,
9,qwen2.5:3b,burmese,39,Neuroticism,+,ဖော်ပ,
9,qwen2.5:3b,burmese,40,Openness,+,"၁

ဖော",1
9,qwen2.5:3b,burmese,41,Extraversion,+,လေ့လာ,
9,qwen2.5:3b,burmese,42,Agreeableness,+,လေးဝမက,
9,qwen2.5:3b,burmese,43,Conscientiousness,+,လေ့လာ,
9,qwen2.5:3b,burmese,44,Neuroticism,+,ဖော်ပ,
9,qwen2.5:3b,burmese,45,Openness,+,လူ့လိ,
9,qwen2.5:3b,burmese,46,Extraversion,-,ဖော်ပ,
9,qwen2.5:3b,burmese,47,Agreeableness,+,အခါမူ,
9,qwen2.5:3b,burmese,48,Conscientiousness,+,လုပ်ဆ,
9,qwen2.5:3b,burmese,49,Neuroticism,+,ဖော်ပ,
9,qwen2.5:3b,burmese,50,Openness,+,ပြင်လ,
10,qwen2.5:3b,burmese,1,Extraversion,+,ဖော်ပ,
10,qwen2.5:3b,burmese,2,Agreeableness,-,အခြား,
10,qwen2.5:3b,burmese,3,Conscientiousness,+,အောက်,
10,qwen2.5:3b,burmese,4,Neuroticism,+,ဖော်ပ,
10,qwen2.5:3b,burmese,5,Openness,+,ဖော်ပ,
10,qwen2.5:3b,burmese,6,Extraversion,-,အောက်,
10,qwen2.5:3b,burmese,7,Agreeableness,+,အခုဖေ,
10,qwen2.5:3b,burmese,8,Conscientiousness,-,လုပ်ဆ,
10,qwen2.5:3b,burmese,9,Neuroticism,-,လုံးဝ,
10,qwen2.5:3b,burmese,10,Openness,-,လေးဝမက,
10,qwen2.5:3b,burmese,11,Extraversion,+,အောက်,
10,qwen2.5:3b,burmese,12,Agreeableness,-,အောက်,
10,qwen2.5:3b,burmese,13,Conscientiousness,+,၁ = အတန,1
10,qwen2.5:3b,burmese,14,Neuroticism,+,ဖော်ပ,
10,qwen2.5:3b,burmese,15,Openness,+,အချက်အ,
10,qwen2.5:3b,burmese,16,Extraversion,-,"၁

ဖော",1
10,qwen2.5:3b,burmese,17,Agreeableness,+,"၁ = ၅
ဖ",1
10,qwen2.5:3b,burmese,18,Conscientiousness,-,အောက်,
10,qwen2.5:3b,burmese,19,Neuroticism,-,လုံးဝ,
10,qwen2.5:3b,burmese,20,Openness,-,အခြား,
10,qwen2.5:3b,burmese,21,Extraversion,+,လိုအပ,
10,qwen2.5:3b,burmese,22,Agreeableness,-,ဖော်ပ,
10,qwen2.5:3b,burmese,23,Conscientiousness,+,ပြောင,
10,qwen2.5:3b,burmese,24,Neuroticism,+,အခြား,
10,qwen2.5:3b,burmese,25,Openness,+,ဖော်ပ,
10,qwen2.5:3b,burmese,26,Extraversion,-,အလယ်အလယ,
10,qwen2.5:3b,burmese,27,Agreeableness,+,လိုအပ,
10,qwen2.5:3b,burmese,28,Conscientiousness,-,ဖော်ပ,
10,qwen2.5:3b,burmese,29,Neuroticism,+,၅ = လု,5
10,qwen2.5:3b,burmese,30,Openness,-,အခုဖေ,
10,qwen2.5:3b,burmese,31,Extraversion,+,ဖော်ပ,
10,qwen2.5:3b,burmese,32,Agreeableness,-,ဖော်ပ,
10,qwen2.5:3b,burmese,33,Conscientiousness,+,လုပ်ဖ,
10,qwen2.5:3b,burmese,34,Neuroticism,+,လူဦးဝ,
10,qwen2.5:3b,burmese,35,Openness,+,လေ့လာ,
10,qwen2.5:3b,burmese,36,Extraversion,-,ဖော်ပ,
10,qwen2.5:3b,burmese,37,Agreeableness,+,လည်းက,
10,qwen2.5:3b,burmese,38,Conscientiousness,-,လုပ်ဆ,
10,qwen2.5:3b,burmese,39,Neuroticism,+,ဖော်ပ,
10,qwen2.5:3b,burmese,40,Openness,+,"၁

ဖော",1
10,qwen2.5:3b,burmese,41,Extraversion,+,အခက်အခ Speedway,
10,qwen2.5:3b,burmese,42,Agreeableness,+,လိုအပ,
10,qwen2.5:3b,burmese,43,Conscientiousness,+,အောက်,
10,qwen2.5:3b,burmese,44,Neuroticism,+,လွယ်လ,
10,qwen2.5:3b,burmese,45,Openness,+,၁ = လု,1
10,qwen2.5:3b,burmese,46,Extraversion,-,၅ = လု,5
10,qwen2.5:3b,burmese,47,Agreeableness,+,အခြေခ,
10,qwen2.5:3b,burmese,48,Conscientiousness,+,"၁

ဖော",1
10,qwen2.5:3b,burmese,49,Neuroticism,+,ဖော်ပ,
10,qwen2.5:3b,burmese,50,Openness,+,အောက်,
11,qwen2.5:3b,burmese,1,Extraversion,+,ဖော်ပ,
11,qwen2.5:3b,burmese,2,Agreeableness,-,အခက်အခ,
11,qwen2.5:3b,burmese,3,Conscientiousness,+,ဖော်ပ,
11,qwen2.5:3b,burmese,4,Neuroticism,+,ဖော်ပ,
11,qwen2.5:3b,burmese,5,Openness,+,ဖော်ပ,
11,qwen2.5:3b,burmese,6,Extraversion,-,အခါက ဖ,
11,qwen2.5:3b,burmese,7,Agreeableness,+,လေ့လာ,
11,qwen2.5:3b,burmese,8,Conscientiousness,-,အချက်အ,
11,qwen2.5:3b,burmese,9,Neuroticism,-,ဖော်ပ,
11,qwen2.5:3b,burmese,10,Openness,-,ကျနော,
11,qwen2.5:3b,burmese,11,Extraversion,+,လူတွေ,
11,qwen2.5:3b,burmese,12,Agreeableness,-,ဖော်ပ,
11,qwen2.5:3b,burmese,13,Conscientiousness,+,အခြေခ,
11,qwen2.5:3b,burmese,14,Neuroticism,+,ဖော်ပ,
11,qwen2.5:3b,burmese,15,Openness,+,အခြေခ,
11,qwen2.5:3b,burmese,16,Extraversion,-,ဖော်ပ,
11,qwen2.5:3b,burmese,17,Agreeableness,+,ပြန်လည,
11,qwen2.5:3b,burmese,18,Conscientiousness,-,ဖော်ပ,
11,qwen2.5:3b,burmese,19,Neuroticism,-,၅ = လု,5
11,qwen2.5:3b,burmese,20,Openness,-,ဖော်ပ,
11,qwen2.5:3b,burmese,21,Extraversion,+,ဖော်ပ,
11,qwen2.5:3b,burmese,22,Agreeableness,-,ဖော်ပ,
11,qwen2.5:3b,burmese,23,Conscientiousness,+,ဖော်ပ,
11,qwen2.5:3b,burmese,24,Neuroticism,+,လေ့လာ,
11,qwen2.5:3b,burmese,25,Openness,+,အောက်,
11,qwen2.5:3b,burmese,26,Extraversion,-,အောက်,
11,qwen2.5:3b,burmese,27,Agreeableness,+,အချက်အ,
11,qwen2.5:3b,burmese,28,Conscientiousness,-,အရလွယ်,
11,qwen2.5:3b,burmese,29,Neuroticism,+,အောက်,
11,qwen2.5:3b,burmese,30,Openness,-,လူမကြ,
11,qwen2.5:3b,burmese,31,Extraversion,+,ဖော်ပ,
11,qwen2.5:3b,burmese,32,Agreeableness,-,ဖော်ပ,
11,qwen2.5:3b,burmese,33,Conscientiousness,+,လူငန်,
11,qwen2.5:3b,burmese,34,Neuroticism,+,ဖော်ပ,
11,qwen2.5:3b,burmese,35,Openness,+,အောက်,
11,qwen2.5:3b,burmese,36,Extraversion,-,ဖော်ပ,
11,qwen2.5:3b,burmese,37,Agreeableness,+,လေ့လာ,
11,qwen2.5:3b,burmese,38,Conscientiousness,-,အောက်,
11,qwen2.5:3b,burmese,39,Neuroticism,+,ဖော်ပ,
11,qwen2.5:3b,burmese,40,Openness,+,အချက်တ,
11,qwen2.5:3b,burmese,41,Extraversion,+,အချက်အ,
11,qwen2.5:3b,burmese,42,Agreeableness,+,လေ့လာ,
11,qwen2.5:3b,burmese,43,Conscientiousness,+,ကျွန်,
11,qwen2.5:3b,burmese,44,Neuroticism,+,အဓိပ္ပ,
11,qwen2.5:3b,burmese,45,Openness,+,အချက်အ,
11,qwen2.5:3b,burmese,46,Extraversion,-,ဖော်ပ,
11,qwen2.5:3b,burmese,47,Agreeableness,+,"၁ = ၄

ဖ",1
11,qwen2.5:3b,burmese,48,Conscientiousness,+,လူေျပ,
11,qwen2.5:3b,burmese,49,Neuroticism,+,ဖော်ပ,
11,qwen2.5:3b,burmese,50,Openness,+,လုံးဝ,
12,qwen2.5:3b,burmese,1,Extraversion,+,ဖော်ပ,
12,qwen2.5:3b,burmese,2,Agreeableness,-,ဖော်ပ,
12,qwen2.5:3b,burmese,3,Conscientiousness,+,အလယ်ဖယ,
12,qwen2.5:3b,burmese,4,Neuroticism,+,ကိန်း,
12,qwen2.5:3b,burmese,5,Openness,+,ပြင်ဆင,
12,qwen2.5:3b,burmese,6,Extraversion,-,လူ့လိ,
12,qwen2.5:3b,burmese,7,Agreeableness,+,အချက်လ,
12,qwen2.5:3b,burmese,8,Conscientiousness,-,အောက်,
12,qwen2.5:3b,burmese,9,Neuroticism,-,လိုအပ,
12,qwen2.5:3b,burmese,10,Openness,-,အခြား,
12,qwen2.5:3b,burmese,11,Extraversion,+,ဖော်ပ,
12,qwen2.5:3b,burmese,12,Agreeableness,-,ဖော်ပ,
12,qwen2.5:3b,burmese,13,Conscientiousness,+,ဖော်ပ,
12,qwen2.5:3b,burmese,14,Neuroticism,+,ဖော်ပ,
12,qwen2.5:3b,burmese,15,Openness,+,ပြင်လ,
12,qwen2.5:3b,burmese,16,Extraversion,-,လုပ်ဆ,
12,qwen2.5:3b,burmese,17,Agreeableness,+,ဖော်ပ,
12,qwen2.5:3b,burmese,18,Conscientiousness,-,လေ့ကွ,
12,qwen2.5:3b,burmese,19,Neuroticism,-,အချိန,
12,qwen2.5:3b,burmese,20,Openness,-,အချက်အ,
12,qwen2.5:3b,burmese,21,Extraversion,+,ဖော်ပ,
12,qwen2.5:3b,burmese,22,Agreeableness,-,ပြင်ဆင,
12,qwen2.5:3b,burmese,23,Conscientiousness,+,လိုအပ,
12,qwen2.5:3b,burmese,24,Neuroticism,+,လေ့လာ,
12,qwen2.5:3b,burmese,25,Openness,+,အခုဖေ,
12,qwen2.5:3b,burmese,26,Extraversion,-,လော့မ,
12,qwen2.5:3b,burmese,27,Agreeableness,+,အချက်အ,
12,qwen2.5:3b,burmese,28,Conscientiousness,-,ကျင့်,
12,qwen2.5:3b,burmese,29,Neuroticism,+,အချက်အ,
12,qwen2.5:3b,burmese,30,Openness,-,အောက်,
12,qwen2.5:3b,burmese,31,Extraversion,+,အချိန,
12,qwen2.5:3b,burmese,32,Agreeableness,-,ဖော်ပ,
12,qwen2.5:3b,burmese,33,Conscientiousness,+,ဖော်ပ,
12,qwen2.5:3b,burmese,34,Neuroticism,+,ဖော်ပ,
12,qwen2.5:3b,burmese,35,Openness,+,အကယ်တရ,
12,qwen2.5:3b,burmese,36,Extraversion,-,အချက်အ,
12,qwen2.5:3b,burmese,37,Agreeableness,+,ဖော်ပ,
12,qwen2.5:3b,burmese,38,Conscientiousness,-,လိုအပ,
12,qwen2.5:3b,burmese,39,Neuroticism,+,ဖော်ပ,
12,qwen2.5:3b,burmese,40,Openness,+,လုပ်ဆ,
12,qwen2.5:3b,burmese,41,Extraversion,+,ဖော်ပ,
12,qwen2.5:3b,burmese,42,Agreeableness,+,ပြီးရ,
12,qwen2.5:3b,burmese,43,Conscientiousness,+,လေ့လာ,
12,qwen2.5:3b,burmese,44,Neuroticism,+,လေ့ကျ,
12,qwen2.5:3b,burmese,45,Openness,+,ကျေးဇ,
12,qwen2.5:3b,burmese,46,Extraversion,-,ဖော်ပ,
12,qwen2.5:3b,burmese,47,Agreeableness,+,အချက်အ,
12,qwen2.5:3b,burmese,48,Conscientiousness,+,ဖော်ပ,
12,qwen2.5:3b,burmese,49,Neuroticism,+,ဖော်ပ,
12,qwen2.5:3b,burmese,50,Openness,+,လုံးဝ,
13,qwen2.5:3b,burmese,1,Extraversion,+,အခက်အလ,
13,qwen2.5:3b,burmese,2,Agreeableness,-,လေ့လာ,
13,qwen2.5:3b,burmese,3,Conscientiousness,+,ဖော်ပ,
13,qwen2.5:3b,burmese,4,Neuroticism,+,လေ့ကျ,
13,qwen2.5:3b,burmese,5,Openness,+,လူဝင်ခ,
13,qwen2.5:3b,burmese,6,Extraversion,-,လေ့လာ,
13,qwen2.5:3b,burmese,7,Agreeableness,+,၅ = လု,5
13,qwen2.5:3b,burmese,8,Conscientiousness,-,လွဲဖယ,
13,qwen2.5:3b,burmese,9,Neuroticism,-,ဖော်ပ,
13,qwen2.5:3b,burmese,10,Openness,-,ဖော်ပ,
13,qwen2.5:3b,burmese,11,Extraversion,+,အခြေခ,
13,qwen2.5:3b,burmese,12,Agreeableness,-,ဖော်ပ,
13,qwen2.5:3b,burmese,13,Conscientiousness,+,ပြီးခ,
13,qwen2.5:3b,burmese,14,Neuroticism,+,ဖော်ပ,
13,qwen2.5:3b,burmese,15,Openness,+,လူတွေ,
13,qwen2.5:3b,burmese,16,Extraversion,-,ဖော်ပ,
13,qwen2.5:3b,burmese,17,Agreeableness,+,လိုအပ,
13,qwen2.5:3b,burmese,18,Conscientiousness,-,အခါအချ,
13,qwen2.5:3b,burmese,19,Neuroticism,-,အခါက ဖ,
13,qwen2.5:3b,burmese,20,Openness,-,အောက်,
13,qwen2.5:3b,burmese,21,Extraversion,+,ဖော်ပ,
13,qwen2.5:3b,burmese,22,Agreeableness,-,ဖော်ပ,
13,qwen2.5:3b,burmese,23,Conscientiousness,+,အချက်အ,
13,qwen2.5:3b,burmese,24,Neuroticism,+,ဖော်ပ,
13,qwen2.5:3b,burmese,25,Openness,+,ပြင်လ,
13,qwen2.5:3b,burmese,26,Extraversion,-,လုပ်ဆ,
13,qwen2.5:3b,burmese,27,Agreeableness,+,ဖော်ပ,
13,qwen2.5:3b,burmese,28,Conscientiousness,-,ကျေးဇ,
13,qwen2.5:3b,burmese,29,Neuroticism,+,လွယ်လ,
13,qwen2.5:3b,burmese,30,Openness,-,ဖော်ပ,
13,qwen2.5:3b,burmese,31,Extraversion,+,လူတွေ,
13,qwen2.5:3b,burmese,32,Agreeableness,-,ဖော်ပ,
13,qwen2.5:3b,burmese,33,Conscientiousness,+,ဖော်ပ,
13,qwen2.5:3b,burmese,34,Neuroticism,+,လေးဝမက,
13,qwen2.5:3b,burmese,35,Openness,+,၁ = လု,1
13,qwen2.5:3b,burmese,36,Extraversion,-,ဖော်ပ,
13,qwen2.5:3b,burmese,37,Agreeableness,+,အခြေခ,
13,qwen2.5:3b,burmese,38,Conscientiousness,-,လေ့ကျ,
13,qwen2.5:3b,burmese,39,Neuroticism,+,လေ့ကျ,
13,qwen2.5:3b,burmese,40,Openness,+,အချက်အ,
13,qwen2.5:3b,burmese,41,Extraversion,+,လူ့အရင,
13,qwen2.5:3b,burmese,42,Agreeableness,+,အချက်အ,
13,qwen2.5:3b,burmese,43,Conscientiousness,+,လေ့လာ,
13,qwen2.5:3b,burmese,44,Neuroticism,+,၅ = လု,5
13,qwen2.5:3b,burmese,45,Openness,+,အခြေခ,
13,qwen2.5:3b,burmese,46,Extraversion,-,ဖော်ပ,
13,qwen2.5:3b,burmese,47,Agreeableness,+,ဖော်ပ,
13,qwen2.5:3b,burmese,48,Conscientiousness,+,ဖော်ပ,
13,qwen2.5:3b,burmese,49,Neuroticism,+,အခြေခ,
13,qwen2.5:3b,burmese,50,Openness,+,၁ = အတန,1
14,qwen2.5:3b,burmese,1,Extraversion,+,၅ = လု,5
14,qwen2.5:3b,burmese,2,Agreeableness,-,အခက်အခ,
14,qwen2.5:3b,burmese,3,Conscientiousness,+,အချက်အ,
14,qwen2.5:3b,burmese,4,Neuroticism,+,လေ့ကျ,
14,qwen2.5:3b,burmese,5,Openness,+,ဖော်ပ,
14,qwen2.5:3b,burmese,6,Extraversion,-,ဖော်ပ,
14,qwen2.5:3b,burmese,7,Agreeableness,+,အခြေခဏ,
14,qwen2.5:3b,burmese,8,Conscientiousness,-,အချက်အ,
14,qwen2.5:3b,burmese,9,Neuroticism,-,ဖော်ပ,
14,qwen2.5:3b,burmese,10,Openness,-,လွယ်က,
14,qwen2.5:3b,burmese,11,Extraversion,+,လေ့လာ,
14,qwen2.5:3b,burmese,12,Agreeableness,-,၅ = လု,5
14,qwen2.5:3b,burmese,13,Conscientiousness,+,အခြေခ,
14,qwen2.5:3b,burmese,14,Neuroticism,+,ဖော်ပ,
14,qwen2.5:3b,burmese,15,Openness,+,လေ့လာ,
14,qwen2.5:3b,burmese,16,Extraversion,-,ပြင်လ,
14,qwen2.5:3b,burmese,17,Agreeableness,+,ဖော်ပ,
14,qwen2.5:3b,burmese,18,Conscientiousness,-,၁ = အတန,1
14,qwen2.5:3b,burmese,19,Neuroticism,-,အခါအခါ,
14,qwen2.5:3b,burmese,20,Openness,-,ပြီးဆ,
14,qwen2.5:3b,burmese,21,Extraversion,+,ဖော်ပ,
14,qwen2.5:3b,burmese,22,Agreeableness,-,အချက်အ,
14,qwen2.5:3b,burmese,23,Conscientiousness,+,အခုဖေ,
14,qwen2.5:3b,burmese,24,Neuroticism,+,ငါက ၅ =,5
14,qwen2.5:3b,burmese,25,Openness,+,အောက်,
14,qwen2.5:3b,burmese,26,Extraversion,-,အရေးပ,
14,qwen2.5:3b,burmese,27,Agreeableness,+,လုံးဝ,
14,qwen2.5:3b,burmese,28,Conscientiousness,-,ဖော်ပ,
14,qwen2.5:3b,burmese,29,Neuroticism,+,လွယ်လ,
14,qwen2.5:3b,burmese,30,Openness,-,ဖော်ပ,
14,qwen2.5:3b,burmese,31,Extraversion,+,ဖော်ပ,
14,qwen2.5:3b,burmese,32,Agreeableness,-,ဖော်ပ,
14,qwen2.5:3b,burmese,33,Conscientiousness,+,လိုအပ,
14,qwen2.5:3b,burmese,34,Neuroticism,+,ဖော်ပ,
14,qwen2.5:3b,burmese,35,Openness,+,အဲဒီဖ,
14,qwen2.5:3b,burmese,36,Extraversion,-,ဖော်ပ,
14,qwen2.5:3b,burmese,37,Agreeableness,+,ဖော်ပ,
14,qwen2.5:3b,burmese,38,Conscientiousness,-,အချိန,
14,qwen2.5:3b,burmese,39,Neuroticism,+,ပြီဥပ,
14,qwen2.5:3b,burmese,40,Openness,+,ပြင်ဆင,
14,qwen2.5:3b,burmese,41,Extraversion,+,ဖော်ပ,
14,qwen2.5:3b,burmese,42,Agreeableness,+,အချက်အ,
14,qwen2.5:3b,burmese,43,Conscientiousness,+,ဖော်ပ,
14,qwen2.5:3b,burmese,44,Neuroticism,+,၁ = လု,1
14,qwen2.5:3b,burmese,45,Openness,+,အခြေခ,
14,qwen2.5:3b,burmese,46,Extraversion,-,အခြေခ,
14,qwen2.5:3b,burmese,47,Agreeableness,+,လိုအပ,
14,qwen2.5:3b,burmese,48,Conscientiousness,+,ဖော်ပ,
14,qwen2.5:3b,burmese,49,Neuroticism,+,ဖော်ပ,
14,qwen2.5:3b,burmese,50,Openness,+,ဖော်ပ,
15,qwen2.5:3b,burmese,1,Extraversion,+,ဖော်ပ,
15,qwen2.5:3b,burmese,2,Agreeableness,-,အချိန,
15,qwen2.5:3b,burmese,3,Conscientiousness,+,ဖော်ပ,
15,qwen2.5:3b,burmese,4,Neuroticism,+,အခြား,
15,qwen2.5:3b,burmese,5,Openness,+,လူဝမကိ,
15,qwen2.5:3b,burmese,6,Extraversion,-,ဖော်ပ,
15,qwen2.5:3b,burmese,7,Agreeableness,+,ဖော်ပ,
15,qwen2.5:3b,burmese,8,Conscientiousness,-,အခါအခါ,
15,qwen2.5:3b,burmese,9,Neuroticism,-,ပြီးပ,
15,qwen2.5:3b,burmese,10,Openness,-,ဖော်ပ,
15,qwen2.5:3b,burmese,11,Extraversion,+,အချက်အ,
15,qwen2.5:3b,burmese,12,Agreeableness,-,ဖော်ပ,
15,qwen2.5:3b,burmese,13,Conscientiousness,+,လေ့လာ,
15,qwen2.5:3b,burmese,14,Neuroticism,+,အဓိကဖေ,
15,qwen2.5:3b,burmese,15,Openness,+,အောက်,
15,qwen2.5:3b,burmese,16,Extraversion,-,ဖော်ပ,
15,qwen2.5:3b,burmese,17,Agreeableness,+,အခြေခ old,
15,qwen2.5:3b,burmese,18,Conscientiousness,-,လိုအပ,
15,qwen2.5:3b,burmese,19,Neuroticism,-,အခြား,
15,qwen2.5:3b,burmese,20,Openness,-,ဖော်ပ,
15,qwen2.5:3b,burmese,21,Extraversion,+,ဖော်ပ,
15,qwen2.5:3b,burmese,22,Agreeableness,-,ဖော်ပ,
15,qwen2.5:3b,burmese,23,Conscientiousness,+,ကျေးဇ,
15,qwen2.5:3b,burmese,24,Neuroticism,+,ကျင်း,
15,qwen2.5:3b,burmese,25,Openness,+,ပြင်ဆင,
15,qwen2.5:3b,burmese,26,Extraversion,-,လူဝမ အသ,
15,qwen2.5:3b,burmese,27,Agreeableness,+,အခါအခု,
15,qwen2.5:3b,burmese,28,Conscientiousness,-,ငါက ပစ,
15,qwen2.5:3b,burmese,29,Neuroticism,+,လေးဝမက,
15,qwen2.5:3b,burmese,30,Openness,-,လုပ်ဆ,
15,qwen2.5:3b,burmese,31,Extraversion,+,အောက်,
15,qwen2.5:3b,burmese,32,Agreeableness,-,ဖော်ပ,
15,qwen2.5:3b,burmese,33,Conscientiousness,+,အောက်,
15,qwen2.5:3b,burmese,34,Neuroticism,+,လိုအပ,
15,qwen2.5:3b,burmese,35,Openness,+,လေ့လာ,
15,qwen2.5:3b,burmese,36,Extraversion,-,အခြေခ,
15,qwen2.5:3b,burmese,37,Agreeableness,+,လိုအပ,
15,qwen2.5:3b,burmese,38,Conscientiousness,-,"၁

ဖော",1
15,qwen2.5:3b,burmese,39,Neuroticism,+,လေ့လာ,
15,qwen2.5:3b,burmese,40,Openness,+,အရလီဂျ,
15,qwen2.5:3b,burmese,41,Extraversion,+,ဖော်ပ,
15,qwen2.5:3b,burmese,42,Agreeableness,+,ဖော်ပ,
15,qwen2.5:3b,burmese,43,Conscientiousness,+,အခြား,
15,qwen2.5:3b,burmese,44,Neuroticism,+,ဖော်ပ,
15,qwen2.5:3b,burmese,45,Openness,+,ဖော်ပ,
15,qwen2.5:3b,burmese,46,Extraversion,-,လိုအပ,
15,qwen2.5:3b,burmese,47,Agreeableness,+,ပြункဥရ,
15,qwen2.5:3b,burmese,48,Conscientiousness,+,ဖော်ပ,
15,qwen2.5:3b,burmese,49,Neuroticism,+,ဖော်ပ,
15,qwen2.5:3b,burmese,50,Openness,+,အချက်အ,
16,qwen2.5:3b,burmese,1,Extraversion,+,ဖော်ပ,
16,qwen2.5:3b,burmese,2,Agreeableness,-,ဖော်ပ,
16,qwen2.5:3b,burmese,3,Conscientiousness,+,ဖော်ပ,
16,qwen2.5:3b,burmese,4,Neuroticism,+,အခုဖေ,
16,qwen2.5:3b,burmese,5,Openness,+,ငါက ၅ =,5
16,qwen2.5:3b,burmese,6,Extraversion,-,ဖော်ပ,
16,qwen2.5:3b,burmese,7,Agreeableness,+,လိုအပ,
16,qwen2.5:3b,burmese,8,Conscientiousness,-,လူငယ်အ,
16,qwen2.5:3b,burmese,9,Neuroticism,-,ဖော်ပ,
16,qwen2.5:3b,burmese,10,Openness,-,အခြေခ,
16,qwen2.5:3b,burmese,11,Extraversion,+,လေ့လာ,
16,qwen2.5:3b,burmese,12,Agreeableness,-,ဖော်ပ,
16,qwen2.5:3b,burmese,13,Conscientiousness,+,အခြေခ,
16,qwen2.5:3b,burmese,14,Neuroticism,+,အကြော,
16,qwen2.5:3b,burmese,15,Openness,+,ဖော်ပ,
16,qwen2.5:3b,burmese,16,Extraversion,-,ဖော်ပ,
16,qwen2.5:3b,burmese,17,Agreeableness,+,လေ့လာ,
16,qwen2.5:3b,burmese,18,Conscientiousness,-,ငါက လု,
16,qwen2.5:3b,burmese,19,Neuroticism,-,ဖော်ပ,
16,qwen2.5:3b,burmese,20,Openness,-,ဖော်ပ,
16,qwen2.5:3b,burmese,21,Extraversion,+,လုပ်ဆ,
16,qwen2.5:3b,burmese,22,Agreeableness,-,လေ့လာ,
16,qwen2.5:3b,burmese,23,Conscientiousness,+,လေ့လာ,
16,qwen2.5:3b,burmese,24,Neuroticism,+,ဖော်ပ,
16,qwen2.5:3b,burmese,25,Openness,+,အချက်အ,
16,qwen2.5:3b,burmese,26,Extraversion,-,ဖော်ပ,
16,qwen2.5:3b,burmese,27,Agreeableness,+,လိုအပ,
16,qwen2.5:3b,burmese,28,Conscientiousness,-,အခြား,
16,qwen2.5:3b,burmese,29,Neuroticism,+,အောက်,
16,qwen2.5:3b,burmese,30,Openness,-,ဖော်ပ,
16,qwen2.5:3b,burmese,31,Extraversion,+,လေ့လာ,
16,qwen2.5:3b,burmese,32,Agreeableness,-,ဖော်ပ,
16,qwen2.5:3b,burmese,33,Conscientiousness,+,ဖော်ပ,
16,qwen2.5:3b,burmese,34,Neuroticism,+,လေ့ကျ,
16,qwen2.5:3b,burmese,35,Openness,+,လေ့လာ,
16,qwen2.5:3b,burmese,36,Extraversion,-,အချက်အ,
16,qwen2.5:3b,burmese,37,Agreeableness,+,ဖော်ပ,
16,qwen2.5:3b,burmese,38,Conscientiousness,-,အခက်အခ,
16,qwen2.5:3b,burmese,39,Neuroticism,+,ဖော်ပ,
16,qwen2.5:3b,burmese,40,Openness,+,"၁

ဖော",1
16,qwen2.5:3b,burmese,41,Extraversion,+,ပြင်လ,
16,qwen2.5:3b,burmese,42,Agreeableness,+,၅ = လု,5
16,qwen2.5:3b,burmese,43,Conscientiousness,+,ဖော်ပ,
16,qwen2.5:3b,burmese,44,Neuroticism,+,လေ့ကျ,
16,qwen2.5:3b,burmese,45,Openness,+,ပြင်လ,
16,qwen2.5:3b,burmese,46,Extraversion,-,အရလဒ္ဓ,
16,qwen2.5:3b,burmese,47,Agreeableness,+,ဖော်ပ,
16,qwen2.5:3b,burmese,48,Conscientiousness,+,ဖော်ပ,
16,qwen2.5:3b,burmese,49,Neuroticism,+,ဖော်ပ,
16,qwen2.5:3b,burmese,50,Openness,+,"၁

ဖော",1
17,qwen2.5:3b,burmese,1,Extraversion,+,ဖော်ပ,
17,qwen2.5:3b,burmese,2,Agreeableness,-,အခြား,
17,qwen2.5:3b,burmese,3,Conscientiousness,+,ဖော်ပ,
17,qwen2.5:3b,burmese,4,Neuroticism,+,လွယ်က,
17,qwen2.5:3b,burmese,5,Openness,+,လေ့လာ,
17,qwen2.5:3b,burmese,6,Extraversion,-,ဖော်ပ,
17,qwen2.5:3b,burmese,7,Agreeableness,+,၅ = လု,5
17,qwen2.5:3b,burmese,8,Conscientiousness,-,အခြေခ,
17,qwen2.5:3b,burmese,9,Neuroticism,-,ဖော်ပ,
17,qwen2.5:3b,burmese,10,Openness,-,ဖော်ပ,
17,qwen2.5:3b,burmese,11,Extraversion,+,အခုဖေ,
17,qwen2.5:3b,burmese,12,Agreeableness,-,လုပ်ဆ,
17,qwen2.5:3b,burmese,13,Conscientiousness,+,အချက်အ,
17,qwen2.5:3b,burmese,14,Neuroticism,+,ကျင်း,
17,qwen2.5:3b,burmese,15,Openness,+,ဖော်ပ,
17,qwen2.5:3b,burmese,16,Extraversion,-,ဖော်ပ,
17,qwen2.5:3b,burmese,17,Agreeableness,+,အရလီးဖ,
17,qwen2.5:3b,burmese,18,Conscientiousness,-,လိုအပ,
17,qwen2.5:3b,burmese,19,Neuroticism,-,ပြင်ဆင,
17,qwen2.5:3b,burmese,20,Openness,-,အခြား,
17,qwen2.5:3b,burmese,21,Extraversion,+,ဖော်ပ,
17,qwen2.5:3b,burmese,22,Agreeableness,-,ဖော်ပ,
17,qwen2.5:3b,burmese,23,Conscientiousness,+,အချိန,
17,qwen2.5:3b,burmese,24,Neuroticism,+,ငါက လွ,
17,qwen2.5:3b,burmese,25,Openness,+,လေ့ကျ,
17,qwen2.5:3b,burmese,26,Extraversion,-,ဖော်ပ,
17,qwen2.5:3b,burmese,27,Agreeableness,+,"၁

ဖော",1
17,qwen2.5:3b,burmese,28,Conscientiousness,-,အခြေခ,
17,qwen2.5:3b,burmese,29,Neuroticism,+,ဖော်ပ,
17,qwen2.5:3b,burmese,30,Openness,-,ဖော်ပ,
17,qwen2.5:3b,burmese,31,Extraversion,+,ရေးချ,
17,qwen2.5:3b,burmese,32,Agreeableness,-,ဖော်ပ,
17,qwen2.5:3b,burmese,33,Conscientiousness,+,ဖော်ပ,
17,qwen2.5:3b,burmese,34,Neuroticism,+,အချက်အ,
17,qwen2.5:3b,burmese,35,Openness,+,အခြား,
17,qwen2.5:3b,burmese,36,Extraversion,-,အခါအချ,
17,qwen2.5:3b,burmese,37,Agreeableness,+,ဖော်ပ,
17,qwen2.5:3b,burmese,38,Conscientiousness,-,၁ = လု,1
17,qwen2.5:3b,burmese,39,Neuroticism,+,ဖော်ပ,
17,qwen2.5:3b,burmese,40,Openness,+,ဖော်ပ,
17,qwen2.5:3b,burmese,41,Extraversion,+,အခြေခ,
17,qwen2.5:3b,burmese,42,Agreeableness,+,အခြေခ,
17,qwen2.5:3b,burmese,43,Conscientiousness,+,ဖော်ပ,
17,qwen2.5:3b,burmese,44,Neuroticism,+,ဖော်ပ,
17,qwen2.5:3b,burmese,45,Openness,+,အချက်အ,
17,qwen2.5:3b,burmese,46,Extraversion,-,အခြေခ,
17,qwen2.5:3b,burmese,47,Agreeableness,+,ငါက လူ,
17,qwen2.5:3b,burmese,48,Conscientiousness,+,ဖော်ပ,
17,qwen2.5:3b,burmese,49,Neuroticism,+,ဖော်ပ,
17,qwen2.5:3b,burmese,50,Openness,+,အောက်,
18,qwen2.5:3b,burmese,1,Extraversion,+,ဖော်ပ,
18,qwen2.5:3b,burmese,2,Agreeableness,-,၅ = လု,5
18,qwen2.5:3b,burmese,3,Conscientiousness,+,အခြေခ,
18,qwen2.5:3b,burmese,4,Neuroticism,+,၁ = လု,1
18,qwen2.5:3b,burmese,5,Openness,+,လုပ်ဆ,
18,qwen2.5:3b,burmese,6,Extraversion,-,ဖော်ပ,
18,qwen2.5:3b,burmese,7,Agreeableness,+,အကယ်၍ဖ,
18,qwen2.5:3b,burmese,8,Conscientiousness,-,အချက်အ,
18,qwen2.5:3b,burmese,9,Neuroticism,-,ဖော်ပ,
18,qwen2.5:3b,burmese,10,Openness,-,ဖော်ပ,
18,qwen2.5:3b,burmese,11,Extraversion,+,အခြား,
18,qwen2.5:3b,burmese,12,Agreeableness,-,ဖော်ပ,
18,qwen2.5:3b,burmese,13,Conscientiousness,+,၁ = အတန,1
18,qwen2.5:3b,burmese,14,Neuroticism,+,အခါခံဖ,
18,qwen2.5:3b,burmese,15,Openness,+,ငါက ထက,
18,qwen2.5:3b,burmese,16,Extraversion,-,၅ = လု,5
18,qwen2.5:3b,burmese,17,Agreeableness,+,"၁

ဖော",1
18,qwen2.5:3b,burmese,18,Conscientiousness,-,လေ့လာ,
18,qwen2.5:3b,burmese,19,Neuroticism,-,၅ = လု,5
18,qwen2.5:3b,burmese,20,Openness,-,အခြေခ,
18,qwen2.5:3b,burmese,21,Extraversion,+,ပြောသ,
18,qwen2.5:3b,burmese,22,Agreeableness,-,ဖော်ပ,
18,qwen2.5:3b,burmese,23,Conscientiousness,+,ပြောင,
18,qwen2.5:3b,burmese,24,Neuroticism,+,လေ့လာ,
18,qwen2.5:3b,burmese,25,Openness,+,လိုအပ,
18,qwen2.5:3b,burmese,26,Extraversion,-,ဖော်ပ,
18,qwen2.5:3b,burmese,27,Agreeableness,+,အခြား,
18,qwen2.5:3b,burmese,28,Conscientiousness,-,ဖော်ပ,
18,qwen2.5:3b,burmese,29,Neuroticism,+,လေ့လာ,
18,qwen2.5:3b,burmese,30,Openness,-,အခြား,
18,qwen2.5:3b,burmese,31,Extraversion,+,လူမယ်၊,
18,qwen2.5:3b,burmese,32,Agreeableness,-,ဖော်ပ,
18,qwen2.5:3b,burmese,33,Conscientiousness,+,ပြောသ,
18,qwen2.5:3b,burmese,34,Neuroticism,+,အခက်အခ,
18,qwen2.5:3b,burmese,35,Openness,+,အခုဖေ,
18,qwen2.5:3b,burmese,36,Extraversion,-,ဖော်ပ,
18,qwen2.5:3b,burmese,37,Agreeableness,+,ဖော်ပ,
18,qwen2.5:3b,burmese,38,Conscientiousness,-,အခြေခ,
18,qwen2.5:3b,burmese,39,Neuroticism,+,အခြား,
18,qwen2.5:3b,burmese,40,Openness,+,ပြင,
18,qwen2.5:3b,burmese,41,Extraversion,+,လိုအပ,
18,qwen2.5:3b,burmese,42,Agreeableness,+,လိုအပ,
18,qwen2.5:3b,burmese,43,Conscientiousness,+,လိုအပ,
18,qwen2.5:3b,burmese,44,Neuroticism,+,အဓိကဖေ,
18,qwen2.5:3b,burmese,45,Openness,+,အောက်,
18,qwen2.5:3b,burmese,46,Extraversion,-,လေ့လာ,
18,qwen2.5:3b,burmese,47,Agreeableness,+,အောက်,
18,qwen2.5:3b,burmese,48,Conscientiousness,+,၅ = လု,5
18,qwen2.5:3b,burmese,49,Neuroticism,+,အချက်အ,
18,qwen2.5:3b,burmese,50,Openness,+,၁ = လု,1
19,qwen2.5:3b,burmese,1,Extraversion,+,ဖော်ပ,
19,qwen2.5:3b,burmese,2,Agreeableness,-,လူဦးဝ,
19,qwen2.5:3b,burmese,3,Conscientiousness,+,ဖော်ပ,
19,qwen2.5:3b,burmese,4,Neuroticism,+,၅ = လု,5
19,qwen2.5:3b,burmese,5,Openness,+,ဖော်ပ,
19,qwen2.5:3b,burmese,6,Extraversion,-,အောက်,
19,qwen2.5:3b,burmese,7,Agreeableness,+,၁ = လု,1
19,qwen2.5:3b,burmese,8,Conscientiousness,-,လူတွေ,
19,qwen2.5:3b,burmese,9,Neuroticism,-,ဖော်ပ,
19,qwen2.5:3b,burmese,10,Openness,-,လူဝမ်,
19,qwen2.5:3b,burmese,11,Extraversion,+,ငါက လူ,
19,qwen2.5:3b,burmese,12,Agreeableness,-,လိုအပ,
19,qwen2.5:3b,burmese,13,Conscientiousness,+,အောက်,
19,qwen2.5:3b,burmese,14,Neuroticism,+,လေ့ကျ,
19,qwen2.5:3b,burmese,15,Openness,+,လေ့လာ,
19,qwen2.5:3b,burmese,16,Extraversion,-,ဖော်ပ,
19,qwen2.5:3b,burmese,17,Agreeableness,+,ပြင်လ,
19,qwen2.5:3b,burmese,18,Conscientiousness,-,အခြေခ,
19,qwen2.5:3b,burmese,19,Neuroticism,-,အချက်အ,
19,qwen2.5:3b,burmese,20,Openness,-,လေ့လာ,
19,qwen2.5:3b,burmese,21,Extraversion,+,လူငံတ,
19,qwen2.5:3b,burmese,22,Agreeableness,-,အခြေခ,
19,qwen2.5:3b,burmese,23,Conscientiousness,+,အချက်အ,
19,qwen2.5:3b,burmese,24,Neuroticism,+,အောက်,
19,qwen2.5:3b,burmese,25,Openness,+,အခြား,
19,qwen2.5:3b,burmese,26,Extraversion,-,အချက်အ,
19,qwen2.5:3b,burmese,27,Agreeableness,+,အဓိကဖေ,
19,qwen2.5:3b,burmese,28,Conscientiousness,-,လိုအပ,
19,qwen2.5:3b,burmese,29,Neuroticism,+,ဖော်ပ,
19,qwen2.5:3b,burmese,30,Openness,-,"၁

ဖော",1
19,qwen2.5:3b,burmese,31,Extraversion,+,အချက်အ,
19,qwen2.5:3b,burmese,32,Agreeableness,-,ဖော်ပ,
19,qwen2.5:3b,burmese,33,Conscientiousness,+,ဖော်ပ,
19,qwen2.5:3b,burmese,34,Neuroticism,+,လူတွေ,
19,qwen2.5:3b,burmese,35,Openness,+,လေ့လာ,
19,qwen2.5:3b,burmese,36,Extraversion,-,ပြင်လ,
19,qwen2.5:3b,burmese,37,Agreeableness,+,ဖော်ပ,
19,qwen2.5:3b,burmese,38,Conscientiousness,-,၁ = လု,1
19,qwen2.5:3b,burmese,39,Neuroticism,+,လိုအပ,
19,qwen2.5:3b,burmese,40,Openness,+,လူ့အနည,
19,qwen2.5:3b,burmese,41,Extraversion,+,ဖော်ပ,
19,qwen2.5:3b,burmese,42,Agreeableness,+,လိုအပ,
19,qwen2.5:3b,burmese,43,Conscientiousness,+,ဖော်ပ,
19,qwen2.5:3b,burmese,44,Neuroticism,+,အချက်အ,
19,qwen2.5:3b,burmese,45,Openness,+,၁ = အချ,1
19,qwen2.5:3b,burmese,46,Extraversion,-,ဖော်ပ,
19,qwen2.5:3b,burmese,47,Agreeableness,+,အောက်,
19,qwen2.5:3b,burmese,48,Conscientiousness,+,ဖော်ပ,
19,qwen2.5:3b,burmese,49,Neuroticism,+,ဖော်ပ,
19,qwen2.5:3b,burmese,50,Openness,+,လေ့လာ,
20,qwen2.5:3b,burmese,1,Extraversion,+,အခြေခ,
20,qwen2.5:3b,burmese,2,Agreeableness,-,အောက်,
20,qwen2.5:3b,burmese,3,Conscientiousness,+,အခြေခ,
20,qwen2.5:3b,burmese,4,Neuroticism,+,အခြား,
20,qwen2.5:3b,burmese,5,Openness,+,ဖော်ပ,
20,qwen2.5:3b,burmese,6,Extraversion,-,ပြင်လ,
20,qwen2.5:3b,burmese,7,Agreeableness,+,အခုဖေ,
20,qwen2.5:3b,burmese,8,Conscientiousness,-,ပြင်လ,
20,qwen2.5:3b,burmese,9,Neuroticism,-,ဖော်ပ,
20,qwen2.5:3b,burmese,10,Openness,-,အခြား,
20,qwen2.5:3b,burmese,11,Extraversion,+,အောက်,
20,qwen2.5:3b,burmese,12,Agreeableness,-,အချက်အ,
20,qwen2.5:3b,burmese,13,Conscientiousness,+,လုံးဝ,
20,qwen2.5:3b,burmese,14,Neuroticism,+,အောက်,
20,qwen2.5:3b,burmese,15,Openness,+,အချက်အ,
20,qwen2.5:3b,burmese,16,Extraversion,-,အခါပေမ,
20,qwen2.5:3b,burmese,17,Agreeableness,+,အရလုံ,
20,qwen2.5:3b,burmese,18,Conscientiousness,-,အခြား,
20,qwen2.5:3b,burmese,19,Neuroticism,-,အခြား,
20,qwen2.5:3b,burmese,20,Openness,-,ဖော်ပ,
20,qwen2.5:3b,burmese,21,Extraversion,+,အခြား,
20,qwen2.5:3b,burmese,22,Agreeableness,-,လော့စ,
20,qwen2.5:3b,burmese,23,Conscientiousness,+,လူဝမကိ,
20,qwen2.5:3b,burmese,24,Neuroticism,+,လွယ်လ,
20,qwen2.5:3b,burmese,25,Openness,+,ဖော်ပ,
20,qwen2.5:3b,burmese,26,Extraversion,-,ဖော်ပ,
20,qwen2.5:3b,burmese,27,Agreeableness,+,အခြား,
20,qwen2.5:3b,burmese,28,Conscientiousness,-,အခြား,
20,qwen2.5:3b,burmese,29,Neuroticism,+,အချက်အ,
20,qwen2.5:3b,burmese,30,Openness,-,အနေနဲ,
20,qwen2.5:3b,burmese,31,Extraversion,+,လူput your solution here in,
20,qwen2.5:3b,burmese,32,Agreeableness,-,ဖော်ပ,
20,qwen2.5:3b,burmese,33,Conscientiousness,+,၅ = လု,5
20,qwen2.5:3b,burmese,34,Neuroticism,+,လေ့လာ,
20,qwen2.5:3b,burmese,35,Openness,+,အောက်,
20,qwen2.5:3b,burmese,36,Extraversion,-,လုပ်ဆ,
20,qwen2.5:3b,burmese,37,Agreeableness,+,ဖော်ပ,
20,qwen2.5:3b,burmese,38,Conscientiousness,-,အရချင်,
20,qwen2.5:3b,burmese,39,Neuroticism,+,လေ့လာ,
20,qwen2.5:3b,burmese,40,Openness,+,ဖော်ပ,
20,qwen2.5:3b,burmese,41,Extraversion,+,ပြင်လ,
20,qwen2.5:3b,burmese,42,Agreeableness,+,၁ = လု,1
20,qwen2.5:3b,burmese,43,Conscientiousness,+,အနေနဲ,
20,qwen2.5:3b,burmese,44,Neuroticism,+,၅ = လု,5
20,qwen2.5:3b,burmese,45,Openness,+,အချက်အ,
20,qwen2.5:3b,burmese,46,Extraversion,-,လေ့လာ,
20,qwen2.5:3b,burmese,47,Agreeableness,+,အခြေခ,
20,qwen2.5:3b,burmese,48,Conscientiousness,+,လုံးဝ,
20,qwen2.5:3b,burmese,49,Neuroticism,+,ဖော်ပ,
20,qwen2.5:3b,burmese,50,Openness,+,၁ = လု,1
1,llama3.2:3b,english,1,Extraversion,+,3,3
1,llama3.2:3b,english,2,Agreeableness,-,3,3
1,llama3.2:3b,english,3,Conscientiousness,+,3,3
1,llama3.2:3b,english,4,Neuroticism,+,3,3
1,llama3.2:3b,english,5,Openness,+,3,3
1,llama3.2:3b,english,6,Extraversion,-,3,3
1,llama3.2:3b,english,7,Agreeableness,+,3,3
1,llama3.2:3b,english,8,Conscientiousness,-,2,2
1,llama3.2:3b,english,9,Neuroticism,-,3,3
1,llama3.2:3b,english,10,Openness,-,3,3
1,llama3.2:3b,english,11,Extraversion,+,4,4
1,llama3.2:3b,english,12,Agreeableness,-,1,1
1,llama3.2:3b,english,13,Conscientiousness,+,3,3
1,llama3.2:3b,english,14,Neuroticism,+,3,3
1,llama3.2:3b,english,15,Openness,+,4,4
1,llama3.2:3b,english,16,Extraversion,-,3,3
1,llama3.2:3b,english,17,Agreeableness,+,4,4
1,llama3.2:3b,english,18,Conscientiousness,-,3,3
1,llama3.2:3b,english,19,Neuroticism,-,3,3
1,llama3.2:3b,english,20,Openness,-,3,3
1,llama3.2:3b,english,21,Extraversion,+,3,3
1,llama3.2:3b,english,22,Agreeableness,-,4,4
1,llama3.2:3b,english,23,Conscientiousness,+,3,3
1,llama3.2:3b,english,24,Neuroticism,+,3,3
1,llama3.2:3b,english,25,Openness,+,4,4
1,llama3.2:3b,english,26,Extraversion,-,3,3
1,llama3.2:3b,english,27,Agreeableness,+,3,3
1,llama3.2:3b,english,28,Conscientiousness,-,4,4
1,llama3.2:3b,english,29,Neuroticism,+,3,3
1,llama3.2:3b,english,30,Openness,-,3,3
1,llama3.2:3b,english,31,Extraversion,+,3,3
1,llama3.2:3b,english,32,Agreeableness,-,2,2
1,llama3.2:3b,english,33,Conscientiousness,+,3,3
1,llama3.2:3b,english,34,Neuroticism,+,3,3
1,llama3.2:3b,english,35,Openness,+,3,3
1,llama3.2:3b,english,36,Extraversion,-,3,3
1,llama3.2:3b,english,37,Agreeableness,+,2,2
1,llama3.2:3b,english,38,Conscientiousness,-,3,3
1,llama3.2:3b,english,39,Neuroticism,+,3,3
1,llama3.2:3b,english,40,Openness,+,3,3
1,llama3.2:3b,english,41,Extraversion,+,3,3
1,llama3.2:3b,english,42,Agreeableness,+,3,3
1,llama3.2:3b,english,43,Conscientiousness,+,3,3
1,llama3.2:3b,english,44,Neuroticism,+,3,3
1,llama3.2:3b,english,45,Openness,+,3,3
1,llama3.2:3b,english,46,Extraversion,-,3,3
1,llama3.2:3b,english,47,Agreeableness,+,3,3
1,llama3.2:3b,english,48,Conscientiousness,+,3,3
1,llama3.2:3b,english,49,Neuroticism,+,3,3
1,llama3.2:3b,english,50,Openness,+,4,4
2,llama3.2:3b,english,1,Extraversion,+,3,3
2,llama3.2:3b,english,2,Agreeableness,-,4,4
2,llama3.2:3b,english,3,Conscientiousness,+,3,3
2,llama3.2:3b,english,4,Neuroticism,+,2,2
2,llama3.2:3b,english,5,Openness,+,3,3
2,llama3.2:3b,english,6,Extraversion,-,3,3
2,llama3.2:3b,english,7,Agreeableness,+,3,3
2,llama3.2:3b,english,8,Conscientiousness,-,3,3
2,llama3.2:3b,english,9,Neuroticism,-,3,3
2,llama3.2:3b,english,10,Openness,-,3,3
2,llama3.2:3b,english,11,Extraversion,+,3,3
2,llama3.2:3b,english,12,Agreeableness,-,2,2
2,llama3.2:3b,english,13,Conscientiousness,+,3,3
2,llama3.2:3b,english,14,Neuroticism,+,3,3
2,llama3.2:3b,english,15,Openness,+,3,3
2,llama3.2:3b,english,16,Extraversion,-,3,3
2,llama3.2:3b,english,17,Agreeableness,+,4,4
2,llama3.2:3b,english,18,Conscientiousness,-,3,3
2,llama3.2:3b,english,19,Neuroticism,-,3,3
2,llama3.2:3b,english,20,Openness,-,3,3
2,llama3.2:3b,english,21,Extraversion,+,3,3
2,llama3.2:3b,english,22,Agreeableness,-,3,3
2,llama3.2:3b,english,23,Conscientiousness,+,3,3
2,llama3.2:3b,english,24,Neuroticism,+,3,3
2,llama3.2:3b,english,25,Openness,+,4,4
2,llama3.2:3b,english,26,Extraversion,-,3,3
2,llama3.2:3b,english,27,Agreeableness,+,3,3
2,llama3.2:3b,english,28,Conscientiousness,-,3,3
2,llama3.2:3b,english,29,Neuroticism,+,3,3
2,llama3.2:3b,english,30,Openness,-,3,3
2,llama3.2:3b,english,31,Extraversion,+,2,2
2,llama3.2:3b,english,32,Agreeableness,-,3,3
2,llama3.2:3b,english,33,Conscientiousness,+,3,3
2,llama3.2:3b,english,34,Neuroticism,+,3,3
2,llama3.2:3b,english,35,Openness,+,3,3
2,llama3.2:3b,english,36,Extraversion,-,3,3
2,llama3.2:3b,english,37,Agreeableness,+,3,3
2,llama3.2:3b,english,38,Conscientiousness,-,2,2
2,llama3.2:3b,english,39,Neuroticism,+,3,3
2,llama3.2:3b,english,40,Openness,+,3,3
2,llama3.2:3b,english,41,Extraversion,+,2,2
2,llama3.2:3b,english,42,Agreeableness,+,3,3
2,llama3.2:3b,english,43,Conscientiousness,+,3,3
2,llama3.2:3b,english,44,Neuroticism,+,3,3
2,llama3.2:3b,english,45,Openness,+,3,3
2,llama3.2:3b,english,46,Extraversion,-,3,3
2,llama3.2:3b,english,47,Agreeableness,+,3,3
2,llama3.2:3b,english,48,Conscientiousness,+,3,3
2,llama3.2:3b,english,49,Neuroticism,+,3,3
2,llama3.2:3b,english,50,Openness,+,3,3
3,llama3.2:3b,english,1,Extraversion,+,3,3
3,llama3.2:3b,english,2,Agreeableness,-,3,3
3,llama3.2:3b,english,3,Conscientiousness,+,3,3
3,llama3.2:3b,english,4,Neuroticism,+,3,3
3,llama3.2:3b,english,5,Openness,+,4,4
3,llama3.2:3b,english,6,Extraversion,-,2,2
3,llama3.2:3b,english,7,Agreeableness,+,3,3
3,llama3.2:3b,english,8,Conscientiousness,-,3,3
3,llama3.2:3b,english,9,Neuroticism,-,3,3
3,llama3.2:3b,english,10,Openness,-,3,3
3,llama3.2:3b,english,11,Extraversion,+,3,3
3,llama3.2:3b,english,12,Agreeableness,-,3,3
3,llama3.2:3b,english,13,Conscientiousness,+,3,3
3,llama3.2:3b,english,14,Neuroticism,+,3,3
3,llama3.2:3b,english,15,Openness,+,3,3
3,llama3.2:3b,english,16,Extraversion,-,3,3
3,llama3.2:3b,english,17,Agreeableness,+,3,3
3,llama3.2:3b,english,18,Conscientiousness,-,3,3
3,llama3.2:3b,english,19,Neuroticism,-,3,3
3,llama3.2:3b,english,20,Openness,-,3,3
3,llama3.2:3b,english,21,Extraversion,+,3,3
3,llama3.2:3b,english,22,Agreeableness,-,3,3
3,llama3.2:3b,english,23,Conscientiousness,+,3,3
3,llama3.2:3b,english,24,Neuroticism,+,3,3
3,llama3.2:3b,english,25,Openness,+,3,3
3,llama3.2:3b,english,26,Extraversion,-,3,3
3,llama3.2:3b,english,27,Agreeableness,+,4,4
3,llama3.2:3b,english,28,Conscientiousness,-,3,3
3,llama3.2:3b,english,29,Neuroticism,+,2,2
3,llama3.2:3b,english,30,Openness,-,3,3
3,llama3.2:3b,english,31,Extraversion,+,3,3
3,llama3.2:3b,english,32,Agreeableness,-,3,3
3,llama3.2:3b,english,33,Conscientiousness,+,3,3
3,llama3.2:3b,english,34,Neuroticism,+,3,3
3,llama3.2:3b,english,35,Openness,+,3,3
3,llama3.2:3b,english,36,Extraversion,-,3,3
3,llama3.2:3b,english,37,Agreeableness,+,3,3
3,llama3.2:3b,english,38,Conscientiousness,-,3,3
3,llama3.2:3b,english,39,Neuroticism,+,4,4
3,llama3.2:3b,english,40,Openness,+,3,3
3,llama3.2:3b,english,41,Extraversion,+,4,4
3,llama3.2:3b,english,42,Agreeableness,+,3,3
3,llama3.2:3b,english,43,Conscientiousness,+,3,3
3,llama3.2:3b,english,44,Neuroticism,+,3,3
3,llama3.2:3b,english,45,Openness,+,3,3
3,llama3.2:3b,english,46,Extraversion,-,4,4
3,llama3.2:3b,english,47,Agreeableness,+,5,5
3,llama3.2:3b,english,48,Conscientiousness,+,3,3
3,llama3.2:3b,english,49,Neuroticism,+,3,3
3,llama3.2:3b,english,50,Openness,+,3,3
4,llama3.2:3b,english,1,Extraversion,+,3,3
4,llama3.2:3b,english,2,Agreeableness,-,3,3
4,llama3.2:3b,english,3,Conscientiousness,+,3,3
4,llama3.2:3b,english,4,Neuroticism,+,3,3
4,llama3.2:3b,english,5,Openness,+,3,3
4,llama3.2:3b,english,6,Extraversion,-,3,3
4,llama3.2:3b,english,7,Agreeableness,+,5,5
4,llama3.2:3b,english,8,Conscientiousness,-,3,3
4,llama3.2:3b,english,9,Neuroticism,-,3,3
4,llama3.2:3b,english,10,Openness,-,3,3
4,llama3.2:3b,english,11,Extraversion,+,3,3
4,llama3.2:3b,english,12,Agreeableness,-,3,3
4,llama3.2:3b,english,13,Conscientiousness,+,3,3
4,llama3.2:3b,english,14,Neuroticism,+,3,3
4,llama3.2:3b,english,15,Openness,+,3,3
4,llama3.2:3b,english,16,Extraversion,-,3,3
4,llama3.2:3b,english,17,Agreeableness,+,3,3
4,llama3.2:3b,english,18,Conscientiousness,-,3,3
4,llama3.2:3b,english,19,Neuroticism,-,2,2
4,llama3.2:3b,english,20,Openness,-,3,3
4,llama3.2:3b,english,21,Extraversion,+,3,3
4,llama3.2:3b,english,22,Agreeableness,-,3,3
4,llama3.2:3b,english,23,Conscientiousness,+,3,3
4,llama3.2:3b,english,24,Neuroticism,+,3,3
4,llama3.2:3b,english,25,Openness,+,3,3
4,llama3.2:3b,english,26,Extraversion,-,2,2
4,llama3.2:3b,english,27,Agreeableness,+,3,3
4,llama3.2:3b,english,28,Conscientiousness,-,3,3
4,llama3.2:3b,english,29,Neuroticism,+,3,3
4,llama3.2:3b,english,30,Openness,-,3,3
4,llama3.2:3b,english,31,Extraversion,+,3,3
4,llama3.2:3b,english,32,Agreeableness,-,3,3
4,llama3.2:3b,english,33,Conscientiousness,+,3,3
4,llama3.2:3b,english,34,Neuroticism,+,3,3
4,llama3.2:3b,english,35,Openness,+,3,3
4,llama3.2:3b,english,36,Extraversion,-,3,3
4,llama3.2:3b,english,37,Agreeableness,+,3,3
4,llama3.2:3b,english,38,Conscientiousness,-,3,3
4,llama3.2:3b,english,39,Neuroticism,+,3,3
4,llama3.2:3b,english,40,Openness,+,3,3
4,llama3.2:3b,english,41,Extraversion,+,3,3
4,llama3.2:3b,english,42,Agreeableness,+,3,3
4,llama3.2:3b,english,43,Conscientiousness,+,3,3
4,llama3.2:3b,english,44,Neuroticism,+,3,3
4,llama3.2:3b,english,45,Openness,+,3,3
4,llama3.2:3b,english,46,Extraversion,-,3,3
4,llama3.2:3b,english,47,Agreeableness,+,3,3
4,llama3.2:3b,english,48,Conscientiousness,+,5,5
4,llama3.2:3b,english,49,Neuroticism,+,3,3
4,llama3.2:3b,english,50,Openness,+,3,3
5,llama3.2:3b,english,1,Extraversion,+,2,2
5,llama3.2:3b,english,2,Agreeableness,-,2,2
5,llama3.2:3b,english,3,Conscientiousness,+,3,3
5,llama3.2:3b,english,4,Neuroticism,+,2,2
5,llama3.2:3b,english,5,Openness,+,3,3
5,llama3.2:3b,english,6,Extraversion,-,3,3
5,llama3.2:3b,english,7,Agreeableness,+,3,3
5,llama3.2:3b,english,8,Conscientiousness,-,3,3
5,llama3.2:3b,english,9,Neuroticism,-,3,3
5,llama3.2:3b,english,10,Openness,-,3,3
5,llama3.2:3b,english,11,Extraversion,+,3,3
5,llama3.2:3b,english,12,Agreeableness,-,3,3
5,llama3.2:3b,english,13,Conscientiousness,+,3,3
5,llama3.2:3b,english,14,Neuroticism,+,3,3
5,llama3.2:3b,english,15,Openness,+,3,3
5,llama3.2:3b,english,16,Extraversion,-,3,3
5,llama3.2:3b,english,17,Agreeableness,+,3,3
5,llama3.2:3b,english,18,Conscientiousness,-,3,3
5,llama3.2:3b,english,19,Neuroticism,-,3,3
5,llama3.2:3b,english,20,Openness,-,3,3
5,llama3.2:3b,english,21,Extraversion,+,3,3
5,llama3.2:3b,english,22,Agreeableness,-,3,3
5,llama3.2:3b,english,23,Conscientiousness,+,3,3
5,llama3.2:3b,english,24,Neuroticism,+,3,3
5,llama3.2:3b,english,25,Openness,+,3,3
5,llama3.2:3b,english,26,Extraversion,-,4,4
5,llama3.2:3b,english,27,Agreeableness,+,3,3
5,llama3.2:3b,english,28,Conscientiousness,-,3,3
5,llama3.2:3b,english,29,Neuroticism,+,3,3
5,llama3.2:3b,english,30,Openness,-,3,3
5,llama3.2:3b,english,31,Extraversion,+,3,3
5,llama3.2:3b,english,32,Agreeableness,-,3,3
5,llama3.2:3b,english,33,Conscientiousness,+,3,3
5,llama3.2:3b,english,34,Neuroticism,+,3,3
5,llama3.2:3b,english,35,Openness,+,3,3
5,llama3.2:3b,english,36,Extraversion,-,3,3
5,llama3.2:3b,english,37,Agreeableness,+,3,3
5,llama3.2:3b,english,38,Conscientiousness,-,5,5
5,llama3.2:3b,english,39,Neuroticism,+,3,3
5,llama3.2:3b,english,40,Openness,+,3,3
5,llama3.2:3b,english,41,Extraversion,+,3,3
5,llama3.2:3b,english,42,Agreeableness,+,3,3
5,llama3.2:3b,english,43,Conscientiousness,+,3,3
5,llama3.2:3b,english,44,Neuroticism,+,3,3
5,llama3.2:3b,english,45,Openness,+,3,3
5,llama3.2:3b,english,46,Extraversion,-,3,3
5,llama3.2:3b,english,47,Agreeableness,+,3,3
5,llama3.2:3b,english,48,Conscientiousness,+,3,3
5,llama3.2:3b,english,49,Neuroticism,+,3,3
5,llama3.2:3b,english,50,Openness,+,3,3
6,llama3.2:3b,english,1,Extraversion,+,3,3
6,llama3.2:3b,english,2,Agreeableness,-,2,2
6,llama3.2:3b,english,3,Conscientiousness,+,3,3
6,llama3.2:3b,english,4,Neuroticism,+,4,4
6,llama3.2:3b,english,5,Openness,+,3,3
6,llama3.2:3b,english,6,Extraversion,-,3,3
6,llama3.2:3b,english,7,Agreeableness,+,3,3
6,llama3.2:3b,english,8,Conscientiousness,-,2,2
6,llama3.2:3b,english,9,Neuroticism,-,3,3
6,llama3.2:3b,english,10,Openness,-,3,3
6,llama3.2:3b,english,11,Extraversion,+,3,3
6,llama3.2:3b,english,12,Agreeableness,-,3,3
6,llama3.2:3b,english,13,Conscientiousness,+,3,3
6,llama3.2:3b,english,14,Neuroticism,+,3,3
6,llama3.2:3b,english,15,Openness,+,3,3
6,llama3.2:3b,english,16,Extraversion,-,3,3
6,llama3.2:3b,english,17,Agreeableness,+,4,4
6,llama3.2:3b,english,18,Conscientiousness,-,3,3
6,llama3.2:3b,english,19,Neuroticism,-,3,3
6,llama3.2:3b,english,20,Openness,-,3,3
6,llama3.2:3b,english,21,Extraversion,+,3,3
6,llama3.2:3b,english,22,Agreeableness,-,3,3
6,llama3.2:3b,english,23,Conscientiousness,+,2,2
6,llama3.2:3b,english,24,Neuroticism,+,3,3
6,llama3.2:3b,english,25,Openness,+,3,3
6,llama3.2:3b,english,26,Extraversion,-,3,3
6,llama3.2:3b,english,27,Agreeableness,+,3,3
6,llama3.2:3b,english,28,Conscientiousness,-,3,3
6,llama3.2:3b,english,29,Neuroticism,+,3,3
6,llama3.2:3b,english,30,Openness,-,3,3
6,llama3.2:3b,english,31,Extraversion,+,3,3
6,llama3.2:3b,english,32,Agreeableness,-,3,3
6,llama3.2:3b,english,33,Conscientiousness,+,3,3
6,llama3.2:3b,english,34,Neuroticism,+,2,2
6,llama3.2:3b,english,35,Openness,+,3,3
6,llama3.2:3b,english,36,Extraversion,-,3,3
6,llama3.2:3b,english,37,Agreeableness,+,3,3
6,llama3.2:3b,english,38,Conscientiousness,-,3,3
6,llama3.2:3b,english,39,Neuroticism,+,3,3
6,llama3.2:3b,english,40,Openness,+,3,3
6,llama3.2:3b,english,41,Extraversion,+,3,3
6,llama3.2:3b,english,42,Agreeableness,+,3,3
6,llama3.2:3b,english,43,Conscientiousness,+,3,3
6,llama3.2:3b,english,44,Neuroticism,+,3,3
6,llama3.2:3b,english,45,Openness,+,3,3
6,llama3.2:3b,english,46,Extraversion,-,3,3
6,llama3.2:3b,english,47,Agreeableness,+,3,3
6,llama3.2:3b,english,48,Conscientiousness,+,3,3
6,llama3.2:3b,english,49,Neuroticism,+,4,4
6,llama3.2:3b,english,50,Openness,+,3,3
7,llama3.2:3b,english,1,Extraversion,+,3,3
7,llama3.2:3b,english,2,Agreeableness,-,3,3
7,llama3.2:3b,english,3,Conscientiousness,+,3,3
7,llama3.2:3b,english,4,Neuroticism,+,3,3
7,llama3.2:3b,english,5,Openness,+,3,3
7,llama3.2:3b,english,6,Extraversion,-,3,3
7,llama3.2:3b,english,7,Agreeableness,+,3,3
7,llama3.2:3b,english,8,Conscientiousness,-,3,3
7,llama3.2:3b,english,9,Neuroticism,-,3,3
7,llama3.2:3b,english,10,Openness,-,2,2
7,llama3.2:3b,english,11,Extraversion,+,3,3
7,llama3.2:3b,english,12,Agreeableness,-,3,3
7,llama3.2:3b,english,13,Conscientiousness,+,3,3
7,llama3.2:3b,english,14,Neuroticism,+,3,3
7,llama3.2:3b,english,15,Openness,+,3,3
7,llama3.2:3b,english,16,Extraversion,-,3,3
7,llama3.2:3b,english,17,Agreeableness,+,5,5
7,llama3.2:3b,english,18,Conscientiousness,-,3,3
7,llama3.2:3b,english,19,Neuroticism,-,2,2
7,llama3.2:3b,english,20,Openness,-,3,3
7,llama3.2:3b,english,21,Extraversion,+,3,3
7,llama3.2:3b,english,22,Agreeableness,-,3,3
7,llama3.2:3b,english,23,Conscientiousness,+,2,2
7,llama3.2:3b,english,24,Neuroticism,+,3,3
7,llama3.2:3b,english,25,Openness,+,3,3
7,llama3.2:3b,english,26,Extraversion,-,3,3
7,llama3.2:3b,english,27,Agreeableness,+,3,3
7,llama3.2:3b,english,28,Conscientiousness,-,3,3
7,llama3.2:3b,english,29,Neuroticism,+,3,3
7,llama3.2:3b,english,30,Openness,-,3,3
7,llama3.2:3b,english,31,Extraversion,+,3,3
7,llama3.2:3b,english,32,Agreeableness,-,3,3
7,llama3.2:3b,english,33,Conscientiousness,+,3,3
7,llama3.2:3b,english,34,Neuroticism,+,3,3
7,llama3.2:3b,english,35,Openness,+,3,3
7,llama3.2:3b,english,36,Extraversion,-,3,3
7,llama3.2:3b,english,37,Agreeableness,+,3,3
7,llama3.2:3b,english,38,Conscientiousness,-,3,3
7,llama3.2:3b,english,39,Neuroticism,+,3,3
7,llama3.2:3b,english,40,Openness,+,3,3
7,llama3.2:3b,english,41,Extraversion,+,3,3
7,llama3.2:3b,english,42,Agreeableness,+,3,3
7,llama3.2:3b,english,43,Conscientiousness,+,3,3
7,llama3.2:3b,english,44,Neuroticism,+,3,3
7,llama3.2:3b,english,45,Openness,+,3,3
7,llama3.2:3b,english,46,Extraversion,-,3,3
7,llama3.2:3b,english,47,Agreeableness,+,3,3
7,llama3.2:3b,english,48,Conscientiousness,+,3,3
7,llama3.2:3b,english,49,Neuroticism,+,3,3
7,llama3.2:3b,english,50,Openness,+,3,3
8,llama3.2:3b,english,1,Extraversion,+,3,3
8,llama3.2:3b,english,2,Agreeableness,-,3,3
8,llama3.2:3b,english,3,Conscientiousness,+,3,3
8,llama3.2:3b,english,4,Neuroticism,+,2,2
8,llama3.2:3b,english,5,Openness,+,3,3
8,llama3.2:3b,english,6,Extraversion,-,3,3
8,llama3.2:3b,english,7,Agreeableness,+,3,3
8,llama3.2:3b,english,8,Conscientiousness,-,3,3
8,llama3.2:3b,english,9,Neuroticism,-,3,3
8,llama3.2:3b,english,10,Openness,-,3,3
8,llama3.2:3b,english,11,Extraversion,+,3,3
8,llama3.2:3b,english,12,Agreeableness,-,1,1
8,llama3.2:3b,english,13,Conscientiousness,+,3,3
8,llama3.2:3b,english,14,Neuroticism,+,3,3
8,llama3.2:3b,english,15,Openness,+,4,4
8,llama3.2:3b,english,16,Extraversion,-,3,3
8,llama3.2:3b,english,17,Agreeableness,+,5,5
8,llama3.2:3b,english,18,Conscientiousness,-,3,3
8,llama3.2:3b,english,19,Neuroticism,-,2,2
8,llama3.2:3b,english,20,Openness,-,3,3
8,llama3.2:3b,english,21,Extraversion,+,3,3
8,llama3.2:3b,english,22,Agreeableness,-,3,3
8,llama3.2:3b,english,23,Conscientiousness,+,3,3
8,llama3.2:3b,english,24,Neuroticism,+,3,3
8,llama3.2:3b,english,25,Openness,+,2,2
8,llama3.2:3b,english,26,Extraversion,-,3,3
8,llama3.2:3b,english,27,Agreeableness,+,3,3
8,llama3.2:3b,english,28,Conscientiousness,-,3,3
8,llama3.2:3b,english,29,Neuroticism,+,3,3
8,llama3.2:3b,english,30,Openness,-,2,2
8,llama3.2:3b,english,31,Extraversion,+,2,2
8,llama3.2:3b,english,32,Agreeableness,-,2,2
8,llama3.2:3b,english,33,Conscientiousness,+,3,3
8,llama3.2:3b,english,34,Neuroticism,+,3,3
8,llama3.2:3b,english,35,Openness,+,3,3
8,llama3.2:3b,english,36,Extraversion,-,3,3
8,llama3.2:3b,english,37,Agreeableness,+,3,3
8,llama3.2:3b,english,38,Conscientiousness,-,3,3
8,llama3.2:3b,english,39,Neuroticism,+,3,3
8,llama3.2:3b,english,40,Openness,+,3,3
8,llama3.2:3b,english,41,Extraversion,+,3,3
8,llama3.2:3b,english,42,Agreeableness,+,3,3
8,llama3.2:3b,english,43,Conscientiousness,+,3,3
8,llama3.2:3b,english,44,Neuroticism,+,3,3
8,llama3.2:3b,english,45,Openness,+,3,3
8,llama3.2:3b,english,46,Extraversion,-,3,3
8,llama3.2:3b,english,47,Agreeableness,+,5,5
8,llama3.2:3b,english,48,Conscientiousness,+,3,3
8,llama3.2:3b,english,49,Neuroticism,+,3,3
8,llama3.2:3b,english,50,Openness,+,3,3
9,llama3.2:3b,english,1,Extraversion,+,3,3
9,llama3.2:3b,english,2,Agreeableness,-,3,3
9,llama3.2:3b,english,3,Conscientiousness,+,3,3
9,llama3.2:3b,english,4,Neuroticism,+,2,2
9,llama3.2:3b,english,5,Openness,+,3,3
9,llama3.2:3b,english,6,Extraversion,-,3,3
9,llama3.2:3b,english,7,Agreeableness,+,3,3
9,llama3.2:3b,english,8,Conscientiousness,-,3,3
9,llama3.2:3b,english,9,Neuroticism,-,3,3
9,llama3.2:3b,english,10,Openness,-,3,3
9,llama3.2:3b,english,11,Extraversion,+,3,3
9,llama3.2:3b,english,12,Agreeableness,-,3,3
9,llama3.2:3b,english,13,Conscientiousness,+,3,3
9,llama3.2:3b,english,14,Neuroticism,+,3,3
9,llama3.2:3b,english,15,Openness,+,3,3
9,llama3.2:3b,english,16,Extraversion,-,3,3
9,llama3.2:3b,english,17,Agreeableness,+,3,3
9,llama3.2:3b,english,18,Conscientiousness,-,2,2
9,llama3.2:3b,english,19,Neuroticism,-,3,3
9,llama3.2:3b,english,20,Openness,-,3,3
9,llama3.2:3b,english,21,Extraversion,+,3,3
9,llama3.2:3b,english,22,Agreeableness,-,3,3
9,llama3.2:3b,english,23,Conscientiousness,+,3,3
9,llama3.2:3b,english,24,Neuroticism,+,3,3
9,llama3.2:3b,english,25,Openness,+,3,3
9,llama3.2:3b,english,26,Extraversion,-,3,3
9,llama3.2:3b,english,27,Agreeableness,+,3,3
9,llama3.2:3b,english,28,Conscientiousness,-,3,3
9,llama3.2:3b,english,29,Neuroticism,+,3,3
9,llama3.2:3b,english,30,Openness,-,2,2
9,llama3.2:3b,english,31,Extraversion,+,3,3
9,llama3.2:3b,english,32,Agreeableness,-,3,3
9,llama3.2:3b,english,33,Conscientiousness,+,3,3
9,llama3.2:3b,english,34,Neuroticism,+,2,2
9,llama3.2:3b,english,35,Openness,+,4,4
9,llama3.2:3b,english,36,Extraversion,-,3,3
9,llama3.2:3b,english,37,Agreeableness,+,4,4
9,llama3.2:3b,english,38,Conscientiousness,-,3,3
9,llama3.2:3b,english,39,Neuroticism,+,3,3
9,llama3.2:3b,english,40,Openness,+,3,3
9,llama3.2:3b,english,41,Extraversion,+,3,3
9,llama3.2:3b,english,42,Agreeableness,+,3,3
9,llama3.2:3b,english,43,Conscientiousness,+,3,3
9,llama3.2:3b,english,44,Neuroticism,+,2,2
9,llama3.2:3b,english,45,Openness,+,3,3
9,llama3.2:3b,english,46,Extraversion,-,3,3
9,llama3.2:3b,english,47,Agreeableness,+,3,3
9,llama3.2:3b,english,48,Conscientiousness,+,3,3
9,llama3.2:3b,english,49,Neuroticism,+,3,3
9,llama3.2:3b,english,50,Openness,+,3,3
10,llama3.2:3b,english,1,Extraversion,+,3,3
10,llama3.2:3b,english,2,Agreeableness,-,3,3
10,llama3.2:3b,english,3,Conscientiousness,+,3,3
10,llama3.2:3b,english,4,Neuroticism,+,3,3
10,llama3.2:3b,english,5,Openness,+,3,3
10,llama3.2:3b,english,6,Extraversion,-,3,3
10,llama3.2:3b,english,7,Agreeableness,+,3,3
10,llama3.2:3b,english,8,Conscientiousness,-,3,3
10,llama3.2:3b,english,9,Neuroticism,-,4,4
10,llama3.2:3b,english,10,Openness,-,3,3
10,llama3.2:3b,english,11,Extraversion,+,3,3
10,llama3.2:3b,english,12,Agreeableness,-,3,3
10,llama3.2:3b,english,13,Conscientiousness,+,3,3
10,llama3.2:3b,english,14,Neuroticism,+,3,3
10,llama3.2:3b,english,15,Openness,+,3,3
10,llama3.2:3b,english,16,Extraversion,-,3,3
10,llama3.2:3b,english,17,Agreeableness,+,3,3
10,llama3.2:3b,english,18,Conscientiousness,-,3,3
10,llama3.2:3b,english,19,Neuroticism,-,3,3
10,llama3.2:3b,english,20,Openness,-,3,3
10,llama3.2:3b,english,21,Extraversion,+,3,3
10,llama3.2:3b,english,22,Agreeableness,-,3,3
10,llama3.2:3b,english,23,Conscientiousness,+,3,3
10,llama3.2:3b,english,24,Neuroticism,+,2,2
10,llama3.2:3b,english,25,Openness,+,3,3
10,llama3.2:3b,english,26,Extraversion,-,3,3
10,llama3.2:3b,english,27,Agreeableness,+,4,4
10,llama3.2:3b,english,28,Conscientiousness,-,3,3
10,llama3.2:3b,english,29,Neuroticism,+,2,2
10,llama3.2:3b,english,30,Openness,-,2,2
10,llama3.2:3b,english,31,Extraversion,+,2,2
10,llama3.2:3b,english,32,Agreeableness,-,3,3
10,llama3.2:3b,english,33,Conscientiousness,+,3,3
10,llama3.2:3b,english,34,Neuroticism,+,3,3
10,llama3.2:3b,english,35,Openness,+,3,3
10,llama3.2:3b,english,36,Extraversion,-,3,3
10,llama3.2:3b,english,37,Agreeableness,+,3,3
10,llama3.2:3b,english,38,Conscientiousness,-,3,3
10,llama3.2:3b,english,39,Neuroticism,+,3,3
10,llama3.2:3b,english,40,Openness,+,3,3
10,llama3.2:3b,english,41,Extraversion,+,2,2
10,llama3.2:3b,english,42,Agreeableness,+,3,3
10,llama3.2:3b,english,43,Conscientiousness,+,3,3
10,llama3.2:3b,english,44,Neuroticism,+,3,3
10,llama3.2:3b,english,45,Openness,+,3,3
10,llama3.2:3b,english,46,Extraversion,-,3,3
10,llama3.2:3b,english,47,Agreeableness,+,5,5
10,llama3.2:3b,english,48,Conscientiousness,+,3,3
10,llama3.2:3b,english,49,Neuroticism,+,3,3
10,llama3.2:3b,english,50,Openness,+,3,3
11,llama3.2:3b,english,1,Extraversion,+,3,3
11,llama3.2:3b,english,2,Agreeableness,-,3,3
11,llama3.2:3b,english,3,Conscientiousness,+,3,3
11,llama3.2:3b,english,4,Neuroticism,+,2,2
11,llama3.2:3b,english,5,Openness,+,3,3
11,llama3.2:3b,english,6,Extraversion,-,2,2
11,llama3.2:3b,english,7,Agreeableness,+,3,3
11,llama3.2:3b,english,8,Conscientiousness,-,3,3
11,llama3.2:3b,english,9,Neuroticism,-,3,3
11,llama3.2:3b,english,10,Openness,-,3,3
11,llama3.2:3b,english,11,Extraversion,+,3,3
11,llama3.2:3b,english,12,Agreeableness,-,3,3
11,llama3.2:3b,english,13,Conscientiousness,+,4,4
11,llama3.2:3b,english,14,Neuroticism,+,3,3
11,llama3.2:3b,english,15,Openness,+,4,4
11,llama3.2:3b,english,16,Extraversion,-,3,3
11,llama3.2:3b,english,17,Agreeableness,+,4,4
11,llama3.2:3b,english,18,Conscientiousness,-,3,3
11,llama3.2:3b,english,19,Neuroticism,-,3,3
11,llama3.2:3b,english,20,Openness,-,3,3
11,llama3.2:3b,english,21,Extraversion,+,3,3
11,llama3.2:3b,english,22,Agreeableness,-,3,3
11,llama3.2:3b,english,23,Conscientiousness,+,3,3
11,llama3.2:3b,english,24,Neuroticism,+,3,3
11,llama3.2:3b,english,25,Openness,+,3,3
11,llama3.2:3b,english,26,Extraversion,-,3,3
11,llama3.2:3b,english,27,Agreeableness,+,3,3
11,llama3.2:3b,english,28,Conscientiousness,-,2,2
11,llama3.2:3b,english,29,Neuroticism,+,4,4
11,llama3.2:3b,english,30,Openness,-,3,3
11,llama3.2:3b,english,31,Extraversion,+,3,3
11,llama3.2:3b,english,32,Agreeableness,-,3,3
11,llama3.2:3b,english,33,Conscientiousness,+,3,3
11,llama3.2:3b,english,34,Neuroticism,+,3,3
11,llama3.2:3b,english,35,Openness,+,3,3
11,llama3.2:3b,english,36,Extraversion,-,3,3
11,llama3.2:3b,english,37,Agreeableness,+,3,3
11,llama3.2:3b,english,38,Conscientiousness,-,3,3
11,llama3.2:3b,english,39,Neuroticism,+,3,3
11,llama3.2:3b,english,40,Openness,+,3,3
11,llama3.2:3b,english,41,Extraversion,+,3,3
11,llama3.2:3b,english,42,Agreeableness,+,3,3
11,llama3.2:3b,english,43,Conscientiousness,+,3,3
11,llama3.2:3b,english,44,Neuroticism,+,3,3
11,llama3.2:3b,english,45,Openness,+,3,3
11,llama3.2:3b,english,46,Extraversion,-,3,3
11,llama3.2:3b,english,47,Agreeableness,+,3,3
11,llama3.2:3b,english,48,Conscientiousness,+,3,3
11,llama3.2:3b,english,49,Neuroticism,+,2,2
11,llama3.2:3b,english,50,Openness,+,3,3
12,llama3.2:3b,english,1,Extraversion,+,2,2
12,llama3.2:3b,english,2,Agreeableness,-,2,2
12,llama3.2:3b,english,3,Conscientiousness,+,3,3
12,llama3.2:3b,english,4,Neuroticism,+,3,3
12,llama3.2:3b,english,5,Openness,+,4,4
12,llama3.2:3b,english,6,Extraversion,-,3,3
12,llama3.2:3b,english,7,Agreeableness,+,4,4
12,llama3.2:3b,english,8,Conscientiousness,-,3,3
12,llama3.2:3b,english,9,Neuroticism,-,4,4
12,llama3.2:3b,english,10,Openness,-,3,3
12,llama3.2:3b,english,11,Extraversion,+,3,3
12,llama3.2:3b,english,12,Agreeableness,-,3,3
12,llama3.2:3b,english,13,Conscientiousness,+,3,3
12,llama3.2:3b,english,14,Neuroticism,+,3,3
12,llama3.2:3b,english,15,Openness,+,3,3
12,llama3.2:3b,english,16,Extraversion,-,3,3
12,llama3.2:3b,english,17,Agreeableness,+,5,5
12,llama3.2:3b,english,18,Conscientiousness,-,4,4
12,llama3.2:3b,english,19,Neuroticism,-,3,3
12,llama3.2:3b,english,20,Openness,-,3,3
12,llama3.2:3b,english,21,Extraversion,+,3,3
12,llama3.2:3b,english,22,Agreeableness,-,3,3
12,llama3.2:3b,english,23,Conscientiousness,+,2,2
12,llama3.2:3b,english,24,Neuroticism,+,3,3
12,llama3.2:3b,english,25,Openness,+,4,4
12,llama3.2:3b,english,26,Extraversion,-,3,3
12,llama3.2:3b,english,27,Agreeableness,+,3,3
12,llama3.2:3b,english,28,Conscientiousness,-,3,3
12,llama3.2:3b,english,29,Neuroticism,+,3,3
12,llama3.2:3b,english,30,Openness,-,2,2
12,llama3.2:3b,english,31,Extraversion,+,3,3
12,llama3.2:3b,english,32,Agreeableness,-,3,3
12,llama3.2:3b,english,33,Conscientiousness,+,3,3
12,llama3.2:3b,english,34,Neuroticism,+,2,2
12,llama3.2:3b,english,35,Openness,+,3,3
12,llama3.2:3b,english,36,Extraversion,-,3,3
12,llama3.2:3b,english,37,Agreeableness,+,3,3
12,llama3.2:3b,english,38,Conscientiousness,-,3,3
12,llama3.2:3b,english,39,Neuroticism,+,3,3
12,llama3.2:3b,english,40,Openness,+,3,3
12,llama3.2:3b,english,41,Extraversion,+,3,3
12,llama3.2:3b,english,42,Agreeableness,+,3,3
12,llama3.2:3b,english,43,Conscientiousness,+,3,3
12,llama3.2:3b,english,44,Neuroticism,+,3,3
12,llama3.2:3b,english,45,Openness,+,3,3
12,llama3.2:3b,english,46,Extraversion,-,3,3
12,llama3.2:3b,english,47,Agreeableness,+,5,5
12,llama3.2:3b,english,48,Conscientiousness,+,3,3
12,llama3.2:3b,english,49,Neuroticism,+,2,2
12,llama3.2:3b,english,50,Openness,+,3,3
13,llama3.2:3b,english,1,Extraversion,+,2,2
13,llama3.2:3b,english,2,Agreeableness,-,3,3
13,llama3.2:3b,english,3,Conscientiousness,+,3,3
13,llama3.2:3b,english,4,Neuroticism,+,4,4
13,llama3.2:3b,english,5,Openness,+,4,4
13,llama3.2:3b,english,6,Extraversion,-,2,2
13,llama3.2:3b,english,7,Agreeableness,+,3,3
13,llama3.2:3b,english,8,Conscientiousness,-,3,3
13,llama3.2:3b,english,9,Neuroticism,-,3,3
13,llama3.2:3b,english,10,Openness,-,3,3
13,llama3.2:3b,english,11,Extraversion,+,3,3
13,llama3.2:3b,english,12,Agreeableness,-,1,1
13,llama3.2:3b,english,13,Conscientiousness,+,3,3
13,llama3.2:3b,english,14,Neuroticism,+,3,3
13,llama3.2:3b,english,15,Openness,+,3,3
13,llama3.2:3b,english,16,Extraversion,-,3,3
13,llama3.2:3b,english,17,Agreeableness,+,5,5
13,llama3.2:3b,english,18,Conscientiousness,-,3,3
13,llama3.2:3b,english,19,Neuroticism,-,2,2
13,llama3.2:3b,english,20,Openness,-,2,2
13,llama3.2:3b,english,21,Extraversion,+,3,3
13,llama3.2:3b,english,22,Agreeableness,-,3,3
13,llama3.2:3b,english,23,Conscientiousness,+,3,3
13,llama3.2:3b,english,24,Neuroticism,+,3,3
13,llama3.2:3b,english,25,Openness,+,3,3
13,llama3.2:3b,english,26,Extraversion,-,3,3
13,llama3.2:3b,english,27,Agreeableness,+,2,2
13,llama3.2:3b,english,28,Conscientiousness,-,3,3
13,llama3.2:3b,english,29,Neuroticism,+,2,2
13,llama3.2:3b,english,30,Openness,-,3,3
13,llama3.2:3b,english,31,Extraversion,+,3,3
13,llama3.2:3b,english,32,Agreeableness,-,3,3
13,llama3.2:3b,english,33,Conscientiousness,+,3,3
13,llama3.2:3b,english,34,Neuroticism,+,3,3
13,llama3.2:3b,english,35,Openness,+,3,3
13,llama3.2:3b,english,36,Extraversion,-,3,3
13,llama3.2:3b,english,37,Agreeableness,+,4,4
13,llama3.2:3b,english,38,Conscientiousness,-,3,3
13,llama3.2:3b,english,39,Neuroticism,+,3,3
13,llama3.2:3b,english,40,Openness,+,3,3
13,llama3.2:3b,english,41,Extraversion,+,3,3
13,llama3.2:3b,english,42,Agreeableness,+,3,3
13,llama3.2:3b,english,43,Conscientiousness,+,3,3
13,llama3.2:3b,english,44,Neuroticism,+,3,3
13,llama3.2:3b,english,45,Openness,+,3,3
13,llama3.2:3b,english,46,Extraversion,-,3,3
13,llama3.2:3b,english,47,Agreeableness,+,3,3
13,llama3.2:3b,english,48,Conscientiousness,+,3,3
13,llama3.2:3b,english,49,Neuroticism,+,3,3
13,llama3.2:3b,english,50,Openness,+,3,3
14,llama3.2:3b,english,1,Extraversion,+,3,3
14,llama3.2:3b,english,2,Agreeableness,-,3,3
14,llama3.2:3b,english,3,Conscientiousness,+,3,3
14,llama3.2:3b,english,4,Neuroticism,+,2,2
14,llama3.2:3b,english,5,Openness,+,3,3
14,llama3.2:3b,english,6,Extraversion,-,3,3
14,llama3.2:3b,english,7,Agreeableness,+,3,3
14,llama3.2:3b,english,8,Conscientiousness,-,2,2
14,llama3.2:3b,english,9,Neuroticism,-,3,3
14,llama3.2:3b,english,10,Openness,-,3,3
14,llama3.2:3b,english,11,Extraversion,+,3,3
14,llama3.2:3b,english,12,Agreeableness,-,3,3
14,llama3.2:3b,english,13,Conscientiousness,+,3,3
14,llama3.2:3b,english,14,Neuroticism,+,3,3
14,llama3.2:3b,english,15,Openness,+,3,3
14,llama3.2:3b,english,16,Extraversion,-,3,3
14,llama3.2:3b,english,17,Agreeableness,+,5,5
14,llama3.2:3b,english,18,Conscientiousness,-,3,3
14,llama3.2:3b,english,19,Neuroticism,-,3,3
14,llama3.2:3b,english,20,Openness,-,3,3
14,llama3.2:3b,english,21,Extraversion,+,3,3
14,llama3.2:3b,english,22,Agreeableness,-,3,3
14,llama3.2:3b,english,23,Conscientiousness,+,3,3
14,llama3.2:3b,english,24,Neuroticism,+,3,3
14,llama3.2:3b,english,25,Openness,+,3,3
14,llama3.2:3b,english,26,Extraversion,-,3,3
14,llama3.2:3b,english,27,Agreeableness,+,3,3
14,llama3.2:3b,english,28,Conscientiousness,-,3,3
14,llama3.2:3b,english,29,Neuroticism,+,2,2
14,llama3.2:3b,english,30,Openness,-,3,3
14,llama3.2:3b,english,31,Extraversion,+,3,3
14,llama3.2:3b,english,32,Agreeableness,-,3,3
14,llama3.2:3b,english,33,Conscientiousness,+,3,3
14,llama3.2:3b,english,34,Neuroticism,+,3,3
14,llama3.2:3b,english,35,Openness,+,3,3
14,llama3.2:3b,english,36,Extraversion,-,3,3
14,llama3.2:3b,english,37,Agreeableness,+,3,3
14,llama3.2:3b,english,38,Conscientiousness,-,5,5
14,llama3.2:3b,english,39,Neuroticism,+,3,3
14,llama3.2:3b,english,40,Openness,+,3,3
14,llama3.2:3b,english,41,Extraversion,+,3,3
14,llama3.2:3b,english,42,Agreeableness,+,3,3
14,llama3.2:3b,english,43,Conscientiousness,+,3,3
14,llama3.2:3b,english,44,Neuroticism,+,4,4
14,llama3.2:3b,english,45,Openness,+,3,3
14,llama3.2:3b,english,46,Extraversion,-,3,3
14,llama3.2:3b,english,47,Agreeableness,+,3,3
14,llama3.2:3b,english,48,Conscientiousness,+,3,3
14,llama3.2:3b,english,49,Neuroticism,+,3,3
14,llama3.2:3b,english,50,Openness,+,3,3
15,llama3.2:3b,english,1,Extraversion,+,3,3
15,llama3.2:3b,english,2,Agreeableness,-,3,3
15,llama3.2:3b,english,3,Conscientiousness,+,3,3
15,llama3.2:3b,english,4,Neuroticism,+,4,4
15,llama3.2:3b,english,5,Openness,+,3,3
15,llama3.2:3b,english,6,Extraversion,-,3,3
15,llama3.2:3b,english,7,Agreeableness,+,4,4
15,llama3.2:3b,english,8,Conscientiousness,-,3,3
15,llama3.2:3b,english,9,Neuroticism,-,3,3
15,llama3.2:3b,english,10,Openness,-,3,3
15,llama3.2:3b,english,11,Extraversion,+,5,5
15,llama3.2:3b,english,12,Agreeableness,-,3,3
15,llama3.2:3b,english,13,Conscientiousness,+,4,4
15,llama3.2:3b,english,14,Neuroticism,+,3,3
15,llama3.2:3b,english,15,Openness,+,3,3
15,llama3.2:3b,english,16,Extraversion,-,3,3
15,llama3.2:3b,english,17,Agreeableness,+,3,3
15,llama3.2:3b,english,18,Conscientiousness,-,3,3
15,llama3.2:3b,english,19,Neuroticism,-,3,3
15,llama3.2:3b,english,20,Openness,-,3,3
15,llama3.2:3b,english,21,Extraversion,+,3,3
15,llama3.2:3b,english,22,Agreeableness,-,2,2
15,llama3.2:3b,english,23,Conscientiousness,+,2,2
15,llama3.2:3b,english,24,Neuroticism,+,2,2
15,llama3.2:3b,english,25,Openness,+,3,3
15,llama3.2:3b,english,26,Extraversion,-,3,3
15,llama3.2:3b,english,27,Agreeableness,+,3,3
15,llama3.2:3b,english,28,Conscientiousness,-,3,3
15,llama3.2:3b,english,29,Neuroticism,+,3,3
15,llama3.2:3b,english,30,Openness,-,3,3
15,llama3.2:3b,english,31,Extraversion,+,3,3
15,llama3.2:3b,english,32,Agreeableness,-,3,3
15,llama3.2:3b,english,33,Conscientiousness,+,3,3
15,llama3.2:3b,english,34,Neuroticism,+,3,3
15,llama3.2:3b,english,35,Openness,+,3,3
15,llama3.2:3b,english,36,Extraversion,-,3,3
15,llama3.2:3b,english,37,Agreeableness,+,3,3
15,llama3.2:3b,english,38,Conscientiousness,-,3,3
15,llama3.2:3b,english,39,Neuroticism,+,3,3
15,llama3.2:3b,english,40,Openness,+,3,3
15,llama3.2:3b,english,41,Extraversion,+,3,3
15,llama3.2:3b,english,42,Agreeableness,+,3,3
15,llama3.2:3b,english,43,Conscientiousness,+,3,3
15,llama3.2:3b,english,44,Neuroticism,+,3,3
15,llama3.2:3b,english,45,Openness,+,4,4
15,llama3.2:3b,english,46,Extraversion,-,3,3
15,llama3.2:3b,english,47,Agreeableness,+,4,4
15,llama3.2:3b,english,48,Conscientiousness,+,3,3
15,llama3.2:3b,english,49,Neuroticism,+,3,3
15,llama3.2:3b,english,50,Openness,+,3,3
16,llama3.2:3b,english,1,Extraversion,+,3,3
16,llama3.2:3b,english,2,Agreeableness,-,4,4
16,llama3.2:3b,english,3,Conscientiousness,+,3,3
16,llama3.2:3b,english,4,Neuroticism,+,2,2
16,llama3.2:3b,english,5,Openness,+,4,4
16,llama3.2:3b,english,6,Extraversion,-,2,2
16,llama3.2:3b,english,7,Agreeableness,+,3,3
16,llama3.2:3b,english,8,Conscientiousness,-,3,3
16,llama3.2:3b,english,9,Neuroticism,-,4,4
16,llama3.2:3b,english,10,Openness,-,3,3
16,llama3.2:3b,english,11,Extraversion,+,3,3
16,llama3.2:3b,english,12,Agreeableness,-,3,3
16,llama3.2:3b,english,13,Conscientiousness,+,3,3
16,llama3.2:3b,english,14,Neuroticism,+,3,3
16,llama3.2:3b,english,15,Openness,+,3,3
16,llama3.2:3b,english,16,Extraversion,-,3,3
16,llama3.2:3b,english,17,Agreeableness,+,3,3
16,llama3.2:3b,english,18,Conscientiousness,-,3,3
16,llama3.2:3b,english,19,Neuroticism,-,3,3
16,llama3.2:3b,english,20,Openness,-,3,3
16,llama3.2:3b,english,21,Extraversion,+,3,3
16,llama3.2:3b,english,22,Agreeableness,-,3,3
16,llama3.2:3b,english,23,Conscientiousness,+,3,3
16,llama3.2:3b,english,24,Neuroticism,+,3,3
16,llama3.2:3b,english,25,Openness,+,3,3
16,llama3.2:3b,english,26,Extraversion,-,2,2
16,llama3.2:3b,english,27,Agreeableness,+,3,3
16,llama3.2:3b,english,28,Conscientiousness,-,3,3
16,llama3.2:3b,english,29,Neuroticism,+,3,3
16,llama3.2:3b,english,30,Openness,-,3,3
16,llama3.2:3b,english,31,Extraversion,+,3,3
16,llama3.2:3b,english,32,Agreeableness,-,3,3
16,llama3.2:3b,english,33,Conscientiousness,+,3,3
16,llama3.2:3b,english,34,Neuroticism,+,3,3
16,llama3.2:3b,english,35,Openness,+,3,3
16,llama3.2:3b,english,36,Extraversion,-,3,3
16,llama3.2:3b,english,37,Agreeableness,+,3,3
16,llama3.2:3b,english,38,Conscientiousness,-,3,3
16,llama3.2:3b,english,39,Neuroticism,+,3,3
16,llama3.2:3b,english,40,Openness,+,2,2
16,llama3.2:3b,english,41,Extraversion,+,3,3
16,llama3.2:3b,english,42,Agreeableness,+,3,3
16,llama3.2:3b,english,43,Conscientiousness,+,3,3
16,llama3.2:3b,english,44,Neuroticism,+,3,3
16,llama3.2:3b,english,45,Openness,+,3,3
16,llama3.2:3b,english,46,Extraversion,-,3,3
16,llama3.2:3b,english,47,Agreeableness,+,5,5
16,llama3.2:3b,english,48,Conscientiousness,+,3,3
16,llama3.2:3b,english,49,Neuroticism,+,2,2
16,llama3.2:3b,english,50,Openness,+,3,3
17,llama3.2:3b,english,1,Extraversion,+,3,3
17,llama3.2:3b,english,2,Agreeableness,-,3,3
17,llama3.2:3b,english,3,Conscientiousness,+,3,3
17,llama3.2:3b,english,4,Neuroticism,+,3,3
17,llama3.2:3b,english,5,Openness,+,3,3
17,llama3.2:3b,english,6,Extraversion,-,3,3
17,llama3.2:3b,english,7,Agreeableness,+,3,3
17,llama3.2:3b,english,8,Conscientiousness,-,3,3
17,llama3.2:3b,english,9,Neuroticism,-,3,3
17,llama3.2:3b,english,10,Openness,-,3,3
17,llama3.2:3b,english,11,Extraversion,+,3,3
17,llama3.2:3b,english,12,Agreeableness,-,2,2
17,llama3.2:3b,english,13,Conscientiousness,+,3,3
17,llama3.2:3b,english,14,Neuroticism,+,3,3
17,llama3.2:3b,english,15,Openness,+,3,3
17,llama3.2:3b,english,16,Extraversion,-,2,2
17,llama3.2:3b,english,17,Agreeableness,+,3,3
17,llama3.2:3b,english,18,Conscientiousness,-,3,3
17,llama3.2:3b,english,19,Neuroticism,-,3,3
17,llama3.2:3b,english,20,Openness,-,3,3
17,llama3.2:3b,english,21,Extraversion,+,3,3
17,llama3.2:3b,english,22,Agreeableness,-,3,3
17,llama3.2:3b,english,23,Conscientiousness,+,3,3
17,llama3.2:3b,english,24,Neuroticism,+,3,3
17,llama3.2:3b,english,25,Openness,+,3,3
17,llama3.2:3b,english,26,Extraversion,-,3,3
17,llama3.2:3b,english,27,Agreeableness,+,3,3
17,llama3.2:3b,english,28,Conscientiousness,-,3,3
17,llama3.2:3b,english,29,Neuroticism,+,3,3
17,llama3.2:3b,english,30,Openness,-,3,3
17,llama3.2:3b,english,31,Extraversion,+,3,3
17,llama3.2:3b,english,32,Agreeableness,-,3,3
17,llama3.2:3b,english,33,Conscientiousness,+,3,3
17,llama3.2:3b,english,34,Neuroticism,+,3,3
17,llama3.2:3b,english,35,Openness,+,3,3
17,llama3.2:3b,english,36,Extraversion,-,3,3
17,llama3.2:3b,english,37,Agreeableness,+,2,2
17,llama3.2:3b,english,38,Conscientiousness,-,3,3
17,llama3.2:3b,english,39,Neuroticism,+,3,3
17,llama3.2:3b,english,40,Openness,+,3,3
17,llama3.2:3b,english,41,Extraversion,+,3,3
17,llama3.2:3b,english,42,Agreeableness,+,2,2
17,llama3.2:3b,english,43,Conscientiousness,+,3,3
17,llama3.2:3b,english,44,Neuroticism,+,3,3
17,llama3.2:3b,english,45,Openness,+,3,3
17,llama3.2:3b,english,46,Extraversion,-,4,4
17,llama3.2:3b,english,47,Agreeableness,+,4,4
17,llama3.2:3b,english,48,Conscientiousness,+,4,4
17,llama3.2:3b,english,49,Neuroticism,+,3,3
17,llama3.2:3b,english,50,Openness,+,4,4
18,llama3.2:3b,english,1,Extraversion,+,2,2
18,llama3.2:3b,english,2,Agreeableness,-,3,3
18,llama3.2:3b,english,3,Conscientiousness,+,3,3
18,llama3.2:3b,english,4,Neuroticism,+,2,2
18,llama3.2:3b,english,5,Openness,+,3,3
18,llama3.2:3b,english,6,Extraversion,-,3,3
18,llama3.2:3b,english,7,Agreeableness,+,4,4
18,llama3.2:3b,english,8,Conscientiousness,-,3,3
18,llama3.2:3b,english,9,Neuroticism,-,3,3
18,llama3.2:3b,english,10,Openness,-,3,3
18,llama3.2:3b,english,11,Extraversion,+,3,3
18,llama3.2:3b,english,12,Agreeableness,-,3,3
18,llama3.2:3b,english,13,Conscientiousness,+,3,3
18,llama3.2:3b,english,14,Neuroticism,+,3,3
18,llama3.2:3b,english,15,Openness,+,4,4
18,llama3.2:3b,english,16,Extraversion,-,3,3
18,llama3.2:3b,english,17,Agreeableness,+,3,3
18,llama3.2:3b,english,18,Conscientiousness,-,3,3
18,llama3.2:3b,english,19,Neuroticism,-,3,3
18,llama3.2:3b,english,20,Openness,-,3,3
18,llama3.2:3b,english,21,Extraversion,+,3,3
18,llama3.2:3b,english,22,Agreeableness,-,2,2
18,llama3.2:3b,english,23,Conscientiousness,+,3,3
18,llama3.2:3b,english,24,Neuroticism,+,3,3
18,llama3.2:3b,english,25,Openness,+,3,3
18,llama3.2:3b,english,26,Extraversion,-,3,3
18,llama3.2:3b,english,27,Agreeableness,+,3,3
18,llama3.2:3b,english,28,Conscientiousness,-,4,4
18,llama3.2:3b,english,29,Neuroticism,+,2,2
18,llama3.2:3b,english,30,Openness,-,3,3
18,llama3.2:3b,english,31,Extraversion,+,3,3
18,llama3.2:3b,english,32,Agreeableness,-,3,3
18,llama3.2:3b,english,33,Conscientiousness,+,3,3
18,llama3.2:3b,english,34,Neuroticism,+,3,3
18,llama3.2:3b,english,35,Openness,+,4,4
18,llama3.2:3b,english,36,Extraversion,-,3,3
18,llama3.2:3b,english,37,Agreeableness,+,3,3
18,llama3.2:3b,english,38,Conscientiousness,-,3,3
18,llama3.2:3b,english,39,Neuroticism,+,4,4
18,llama3.2:3b,english,40,Openness,+,3,3
18,llama3.2:3b,english,41,Extraversion,+,3,3
18,llama3.2:3b,english,42,Agreeableness,+,3,3
18,llama3.2:3b,english,43,Conscientiousness,+,3,3
18,llama3.2:3b,english,44,Neuroticism,+,3,3
18,llama3.2:3b,english,45,Openness,+,3,3
18,llama3.2:3b,english,46,Extraversion,-,3,3
18,llama3.2:3b,english,47,Agreeableness,+,4,4
18,llama3.2:3b,english,48,Conscientiousness,+,3,3
18,llama3.2:3b,english,49,Neuroticism,+,3,3
18,llama3.2:3b,english,50,Openness,+,3,3
19,llama3.2:3b,english,1,Extraversion,+,2,2
19,llama3.2:3b,english,2,Agreeableness,-,3,3
19,llama3.2:3b,english,3,Conscientiousness,+,3,3
19,llama3.2:3b,english,4,Neuroticism,+,3,3
19,llama3.2:3b,english,5,Openness,+,3,3
19,llama3.2:3b,english,6,Extraversion,-,2,2
19,llama3.2:3b,english,7,Agreeableness,+,3,3
19,llama3.2:3b,english,8,Conscientiousness,-,3,3
19,llama3.2:3b,english,9,Neuroticism,-,3,3
19,llama3.2:3b,english,10,Openness,-,3,3
19,llama3.2:3b,english,11,Extraversion,+,3,3
19,llama3.2:3b,english,12,Agreeableness,-,3,3
19,llama3.2:3b,english,13,Conscientiousness,+,3,3
19,llama3.2:3b,english,14,Neuroticism,+,4,4
19,llama3.2:3b,english,15,Openness,+,3,3
19,llama3.2:3b,english,16,Extraversion,-,3,3
19,llama3.2:3b,english,17,Agreeableness,+,3,3
19,llama3.2:3b,english,18,Conscientiousness,-,3,3
19,llama3.2:3b,english,19,Neuroticism,-,2,2
19,llama3.2:3b,english,20,Openness,-,3,3
19,llama3.2:3b,english,21,Extraversion,+,3,3
19,llama3.2:3b,english,22,Agreeableness,-,3,3
19,llama3.2:3b,english,23,Conscientiousness,+,3,3
19,llama3.2:3b,english,24,Neuroticism,+,3,3
19,llama3.2:3b,english,25,Openness,+,4,4
19,llama3.2:3b,english,26,Extraversion,-,3,3
19,llama3.2:3b,english,27,Agreeableness,+,3,3
19,llama3.2:3b,english,28,Conscientiousness,-,3,3
19,llama3.2:3b,english,29,Neuroticism,+,3,3
19,llama3.2:3b,english,30,Openness,-,3,3
19,llama3.2:3b,english,31,Extraversion,+,3,3
19,llama3.2:3b,english,32,Agreeableness,-,3,3
19,llama3.2:3b,english,33,Conscientiousness,+,3,3
19,llama3.2:3b,english,34,Neuroticism,+,3,3
19,llama3.2:3b,english,35,Openness,+,3,3
19,llama3.2:3b,english,36,Extraversion,-,3,3
19,llama3.2:3b,english,37,Agreeableness,+,3,3
19,llama3.2:3b,english,38,Conscientiousness,-,3,3
19,llama3.2:3b,english,39,Neuroticism,+,3,3
19,llama3.2:3b,english,40,Openness,+,2,2
19,llama3.2:3b,english,41,Extraversion,+,3,3
19,llama3.2:3b,english,42,Agreeableness,+,3,3
19,llama3.2:3b,english,43,Conscientiousness,+,3,3
19,llama3.2:3b,english,44,Neuroticism,+,2,2
19,llama3.2:3b,english,45,Openness,+,3,3
19,llama3.2:3b,english,46,Extraversion,-,3,3
19,llama3.2:3b,english,47,Agreeableness,+,3,3
19,llama3.2:3b,english,48,Conscientiousness,+,4,4
19,llama3.2:3b,english,49,Neuroticism,+,2,2
19,llama3.2:3b,english,50,Openness,+,3,3
20,llama3.2:3b,english,1,Extraversion,+,3,3
20,llama3.2:3b,english,2,Agreeableness,-,3,3
20,llama3.2:3b,english,3,Conscientiousness,+,3,3
20,llama3.2:3b,english,4,Neuroticism,+,3,3
20,llama3.2:3b,english,5,Openness,+,3,3
20,llama3.2:3b,english,6,Extraversion,-,3,3
20,llama3.2:3b,english,7,Agreeableness,+,4,4
20,llama3.2:3b,english,8,Conscientiousness,-,2,2
20,llama3.2:3b,english,9,Neuroticism,-,3,3
20,llama3.2:3b,english,10,Openness,-,3,3
20,llama3.2:3b,english,11,Extraversion,+,3,3
20,llama3.2:3b,english,12,Agreeableness,-,1,1
20,llama3.2:3b,english,13,Conscientiousness,+,3,3
20,llama3.2:3b,english,14,Neuroticism,+,3,3
20,llama3.2:3b,english,15,Openness,+,3,3
20,llama3.2:3b,english,16,Extraversion,-,3,3
20,llama3.2:3b,english,17,Agreeableness,+,3,3
20,llama3.2:3b,english,18,Conscientiousness,-,3,3
20,llama3.2:3b,english,19,Neuroticism,-,3,3
20,llama3.2:3b,english,20,Openness,-,3,3
20,llama3.2:3b,english,21,Extraversion,+,3,3
20,llama3.2:3b,english,22,Agreeableness,-,3,3
20,llama3.2:3b,english,23,Conscientiousness,+,3,3
20,llama3.2:3b,english,24,Neuroticism,+,3,3
20,llama3.2:3b,english,25,Openness,+,5,5
20,llama3.2:3b,english,26,Extraversion,-,3,3
20,llama3.2:3b,english,27,Agreeableness,+,3,3
20,llama3.2:3b,english,28,Conscientiousness,-,4,4
20,llama3.2:3b,english,29,Neuroticism,+,3,3
20,llama3.2:3b,english,30,Openness,-,3,3
20,llama3.2:3b,english,31,Extraversion,+,3,3
20,llama3.2:3b,english,32,Agreeableness,-,3,3
20,llama3.2:3b,english,33,Conscientiousness,+,3,3
20,llama3.2:3b,english,34,Neuroticism,+,3,3
20,llama3.2:3b,english,35,Openness,+,4,4
20,llama3.2:3b,english,36,Extraversion,-,4,4
20,llama3.2:3b,english,37,Agreeableness,+,3,3
20,llama3.2:3b,english,38,Conscientiousness,-,3,3
20,llama3.2:3b,english,39,Neuroticism,+,3,3
20,llama3.2:3b,english,40,Openness,+,3,3
20,llama3.2:3b,english,41,Extraversion,+,4,4
20,llama3.2:3b,english,42,Agreeableness,+,2,2
20,llama3.2:3b,english,43,Conscientiousness,+,3,3
20,llama3.2:3b,english,44,Neuroticism,+,3,3
20,llama3.2:3b,english,45,Openness,+,4,4
20,llama3.2:3b,english,46,Extraversion,-,3,3
20,llama3.2:3b,english,47,Agreeableness,+,4,4
20,llama3.2:3b,english,48,Conscientiousness,+,5,5
20,llama3.2:3b,english,49,Neuroticism,+,4,4
20,llama3.2:3b,english,50,Openness,+,3,3
1,llama3.2:3b,burmese,1,Extraversion,+,ရက်တ,
1,llama3.2:3b,burmese,2,Agreeableness,-,ရှော,
1,llama3.2:3b,burmese,3,Conscientiousness,+,ရှေး,
1,llama3.2:3b,burmese,4,Neuroticism,+,မေးခ,
1,llama3.2:3b,burmese,5,Openness,+,ရှော,
1,llama3.2:3b,burmese,6,Extraversion,-,ရှင်,
1,llama3.2:3b,burmese,7,Agreeableness,+,ရှော,
1,llama3.2:3b,burmese,8,Conscientiousness,-,ရှေယ,
1,llama3.2:3b,burmese,9,Neuroticism,-,ရှော,
1,llama3.2:3b,burmese,10,Openness,-,ရှင်,
1,llama3.2:3b,burmese,11,Extraversion,+,ရှော,
1,llama3.2:3b,burmese,12,Agreeableness,-,အောက,
1,llama3.2:3b,burmese,13,Conscientiousness,+,ရှင်,
1,llama3.2:3b,burmese,14,Neuroticism,+,ဖော်,
1,llama3.2:3b,burmese,15,Openness,+,ရှေး,
1,llama3.2:3b,burmese,16,Extraversion,-,ရှော,
1,llama3.2:3b,burmese,17,Agreeableness,+,အောက,
1,llama3.2:3b,burmese,18,Conscientiousness,-,ရှေး,
1,llama3.2:3b,burmese,19,Neuroticism,-,ရှော,
1,llama3.2:3b,burmese,20,Openness,-,သင့်,
1,llama3.2:3b,burmese,21,Extraversion,+,ရိုမ,
1,llama3.2:3b,burmese,22,Agreeableness,-,သင့်,
1,llama3.2:3b,burmese,23,Conscientiousness,+,ရှော,
1,llama3.2:3b,burmese,24,Neuroticism,+,ရှေပ,
1,llama3.2:3b,burmese,25,Openness,+,ရှင်,
1,llama3.2:3b,burmese,26,Extraversion,-,အောက,
1,llama3.2:3b,burmese,27,Agreeableness,+,ရေးအ,
1,llama3.2:3b,burmese,28,Conscientiousness,-,ရှင်,
1,llama3.2:3b,burmese,29,Neuroticism,+,မေးခ,
1,llama3.2:3b,burmese,30,Openness,-,ရှေး,
1,llama3.2:3b,burmese,31,Extraversion,+,ရှေး,
1,llama3.2:3b,burmese,32,Agreeableness,-,ရှင်,
1,llama3.2:3b,burmese,33,Conscientiousness,+,အောက,
1,llama3.2:3b,burmese,34,Neuroticism,+,ရှော,
1,llama3.2:3b,burmese,35,Openness,+,ဖော်,
1,llama3.2:3b,burmese,36,Extraversion,-,ဖော်,
1,llama3.2:3b,burmese,37,Agreeableness,+,ရှင်,
1,llama3.2:3b,burmese,38,Conscientiousness,-,ရှော,
1,llama3.2:3b,burmese,39,Neuroticism,+,ရှော,
1,llama3.2:3b,burmese,40,Openness,+,ရှေး,
1,llama3.2:3b,burmese,41,Extraversion,+,အောက,
1,llama3.2:3b,burmese,42,Agreeableness,+,ရမ်း,
1,llama3.2:3b,burmese,43,Conscientiousness,+,ရွယ်,
1,llama3.2:3b,burmese,44,Neuroticism,+,ရက်ရ,
1,llama3.2:3b,burmese,45,Openness,+,ရှော,
1,llama3.2:3b,burmese,46,Extraversion,-,ရှေ့,
1,llama3.2:3b,burmese,47,Agreeableness,+,သင့်,
1,llama3.2:3b,burmese,48,Conscientiousness,+,ရှေယ,
1,llama3.2:3b,burmese,49,Neuroticism,+,သင့်,
1,llama3.2:3b,burmese,50,Openness,+,ရှင်,
2,llama3.2:3b,burmese,1,Extraversion,+,အောက,
2,llama3.2:3b,burmese,2,Agreeableness,-,ရှေး,
2,llama3.2:3b,burmese,3,Conscientiousness,+,သင့်,
2,llama3.2:3b,burmese,4,Neuroticism,+,ရှင်,
2,llama3.2:3b,burmese,5,Openness,+,အောက,
2,llama3.2:3b,burmese,6,Extraversion,-,ဖော်,
2,llama3.2:3b,burmese,7,Agreeableness,+,ရှင်,
2,llama3.2:3b,burmese,8,Conscientiousness,-,မင့်,
2,llama3.2:3b,burmese,9,Neuroticism,-,ရှော,
2,llama3.2:3b,burmese,10,Openness,-,ရှေး,
2,llama3.2:3b,burmese,11,Extraversion,+,ရောအ,
2,llama3.2:3b,burmese,12,Agreeableness,-,ရှော,
2,llama3.2:3b,burmese,13,Conscientiousness,+,ဖော်,
2,llama3.2:3b,burmese,14,Neuroticism,+,ရှေး,
2,llama3.2:3b,burmese,15,Openness,+,အောက,
2,llama3.2:3b,burmese,16,Extraversion,-,အောက,
2,llama3.2:3b,burmese,17,Agreeableness,+,ရဲ့,
2,llama3.2:3b,burmese,18,Conscientiousness,-,ရေပြ,
2,llama3.2:3b,burmese,19,Neuroticism,-,ရှော,
2,llama3.2:3b,burmese,20,Openness,-,ရှေး,
2,llama3.2:3b,burmese,21,Extraversion,+,ရှော,
2,llama3.2:3b,burmese,22,Agreeableness,-,ရဲ့,
2,llama3.2:3b,burmese,23,Conscientiousness,+,ရဲရဲ,
2,llama3.2:3b,burmese,24,Neuroticism,+,ရှော,
2,llama3.2:3b,burmese,25,Openness,+,အောက,
2,llama3.2:3b,burmese,26,Extraversion,-,ရောဲ,
2,llama3.2:3b,burmese,27,Agreeableness,+,ရှင်,
2,llama3.2:3b,burmese,28,Conscientiousness,-,ရှေး,
2,llama3.2:3b,burmese,29,Neuroticism,+,ရဲလဲ,
2,llama3.2:3b,burmese,30,Openness,-,အောက,
2,llama3.2:3b,burmese,31,Extraversion,+,မေးခ,
2,llama3.2:3b,burmese,32,Agreeableness,-,ရည်သ,
2,llama3.2:3b,burmese,33,Conscientiousness,+,ရှော,
2,llama3.2:3b,burmese,34,Neuroticism,+,ရည်သ,
2,llama3.2:3b,burmese,35,Openness,+,ရှေ့,
2,llama3.2:3b,burmese,36,Extraversion,-,ရေတု,
2,llama3.2:3b,burmese,37,Agreeableness,+,ဆေးရ,
2,llama3.2:3b,burmese,38,Conscientiousness,-,ရှော,
2,llama3.2:3b,burmese,39,Neuroticism,+,ရေသဲ,
2,llama3.2:3b,burmese,40,Openness,+,ရှေး,
2,llama3.2:3b,burmese,41,Extraversion,+,ဇောဂ,
2,llama3.2:3b,burmese,42,Agreeableness,+,ရဲ့,
2,llama3.2:3b,burmese,43,Conscientiousness,+,ရွက်,
2,llama3.2:3b,burmese,44,Neuroticism,+,ရှေး,
2,llama3.2:3b,burmese,45,Openness,+,ရှေး,
2,llama3.2:3b,burmese,46,Extraversion,-,ဖော်,
2,llama3.2:3b,burmese,47,Agreeableness,+,ရှေယ,
2,llama3.2:3b,burmese,48,Conscientiousness,+,ရှော,
2,llama3.2:3b,burmese,49,Neuroticism,+,အောက,
2,llama3.2:3b,burmese,50,Openness,+,မို့,
3,llama3.2:3b,burmese,1,Extraversion,+,ကော့,
3,llama3.2:3b,burmese,2,Agreeableness,-,ရှော,
3,llama3.2:3b,burmese,3,Conscientiousness,+,ရှော,
3,llama3.2:3b,burmese,4,Neuroticism,+,ရှော,
3,llama3.2:3b,burmese,5,Openness,+,ရှေး,
3,llama3.2:3b,burmese,6,Extraversion,-,ရှင်,
3,llama3.2:3b,burmese,7,Agreeableness,+,ရှေး,
3,llama3.2:3b,burmese,8,Conscientiousness,-,ရှေယ,
3,llama3.2:3b,burmese,9,Neuroticism,-,ရှေး,
3,llama3.2:3b,burmese,10,Openness,-,အောက,
3,llama3.2:3b,burmese,11,Extraversion,+,ရှေး,
3,llama3.2:3b,burmese,12,Agreeableness,-,ရှော,
3,llama3.2:3b,burmese,13,Conscientiousness,+,မေးခ,
3,llama3.2:3b,burmese,14,Neuroticism,+,ရိုမ,
3,llama3.2:3b,burmese,15,Openness,+,လုံး,
3,llama3.2:3b,burmese,16,Extraversion,-,ရှော,
3,llama3.2:3b,burmese,17,Agreeableness,+,ရဲ့က,
3,llama3.2:3b,burmese,18,Conscientiousness,-,ရွေး,
3,llama3.2:3b,burmese,19,Neuroticism,-,ရှော,
3,llama3.2:3b,burmese,20,Openness,-,ရှေး,
3,llama3.2:3b,burmese,21,Extraversion,+,မေးခ,
3,llama3.2:3b,burmese,22,Agreeableness,-,ရဲ့အ,
3,llama3.2:3b,burmese,23,Conscientiousness,+,ရှေး,
3,llama3.2:3b,burmese,24,Neuroticism,+,ရှော,
3,llama3.2:3b,burmese,25,Openness,+,ရှော,
3,llama3.2:3b,burmese,26,Extraversion,-,ရှေး,
3,llama3.2:3b,burmese,27,Agreeableness,+,ရှေး,
3,llama3.2:3b,burmese,28,Conscientiousness,-,ရှေး,
3,llama3.2:3b,burmese,29,Neuroticism,+,မေးခ,
3,llama3.2:3b,burmese,30,Openness,-,ဆော်,
3,llama3.2:3b,burmese,31,Extraversion,+,ရှော,
3,llama3.2:3b,burmese,32,Agreeableness,-,အောက,
3,llama3.2:3b,burmese,33,Conscientiousness,+,ရှေး,
3,llama3.2:3b,burmese,34,Neuroticism,+,အောက,
3,llama3.2:3b,burmese,35,Openness,+,ရောဂ,
3,llama3.2:3b,burmese,36,Extraversion,-,ရှေ့,
3,llama3.2:3b,burmese,37,Agreeableness,+,ရှော,
3,llama3.2:3b,burmese,38,Conscientiousness,-,ရှော,
3,llama3.2:3b,burmese,39,Neuroticism,+,ရှေယ,
3,llama3.2:3b,burmese,40,Openness,+,ရှော,
3,llama3.2:3b,burmese,41,Extraversion,+,ရဲရင,
3,llama3.2:3b,burmese,42,Agreeableness,+,အောက,
3,llama3.2:3b,burmese,43,Conscientiousness,+,အောက,
3,llama3.2:3b,burmese,44,Neuroticism,+,ရှေး,
3,llama3.2:3b,burmese,45,Openness,+,ဖော်,
3,llama3.2:3b,burmese,46,Extraversion,-,မေးခ,
3,llama3.2:3b,burmese,47,Agreeableness,+,ရမ်း,
3,llama3.2:3b,burmese,48,Conscientiousness,+,ရှော,
3,llama3.2:3b,burmese,49,Neuroticism,+,အောက,
3,llama3.2:3b,burmese,50,Openness,+,ရှော,
4,llama3.2:3b,burmese,1,Extraversion,+,ရှော,
4,llama3.2:3b,burmese,2,Agreeableness,-,ရှင်,
4,llama3.2:3b,burmese,3,Conscientiousness,+,ရှင်,
4,llama3.2:3b,burmese,4,Neuroticism,+,ရှော,
4,llama3.2:3b,burmese,5,Openness,+,ရှင်,
4,llama3.2:3b,burmese,6,Extraversion,-,အောက,
4,llama3.2:3b,burmese,7,Agreeableness,+,ရှော,
4,llama3.2:3b,burmese,8,Conscientiousness,-,ရှေး,
4,llama3.2:3b,burmese,9,Neuroticism,-,ရှော,
4,llama3.2:3b,burmese,10,Openness,-,ဖော်,
4,llama3.2:3b,burmese,11,Extraversion,+,ရူးသ,
4,llama3.2:3b,burmese,12,Agreeableness,-,ရှော,
4,llama3.2:3b,burmese,13,Conscientiousness,+,ရှော,
4,llama3.2:3b,burmese,14,Neuroticism,+,ရက်တ,
4,llama3.2:3b,burmese,15,Openness,+,ရှေယ,
4,llama3.2:3b,burmese,16,Extraversion,-,ကိုယ,
4,llama3.2:3b,burmese,17,Agreeableness,+,ရဲ့လ,
4,llama3.2:3b,burmese,18,Conscientiousness,-,ရှော,
4,llama3.2:3b,burmese,19,Neuroticism,-,ရှင်,
4,llama3.2:3b,burmese,20,Openness,-,ရှော,
4,llama3.2:3b,burmese,21,Extraversion,+,ရှင်,
4,llama3.2:3b,burmese,22,Agreeableness,-,သင့်,
4,llama3.2:3b,burmese,23,Conscientiousness,+,ရှေး,
4,llama3.2:3b,burmese,24,Neuroticism,+,ရှေပ,
4,llama3.2:3b,burmese,25,Openness,+,ရှေး,
4,llama3.2:3b,burmese,26,Extraversion,-,ရှေး,
4,llama3.2:3b,burmese,27,Agreeableness,+,ရှင်,
4,llama3.2:3b,burmese,28,Conscientiousness,-,ရှော,
4,llama3.2:3b,burmese,29,Neuroticism,+,ရှော,
4,llama3.2:3b,burmese,30,Openness,-,ဖော်,
4,llama3.2:3b,burmese,31,Extraversion,+,အောက,
4,llama3.2:3b,burmese,32,Agreeableness,-,ဖော်,
4,llama3.2:3b,burmese,33,Conscientiousness,+,ခေါဲ,
4,llama3.2:3b,burmese,34,Neuroticism,+,ရှေး,
4,llama3.2:3b,burmese,35,Openness,+,ရှော,
4,llama3.2:3b,burmese,36,Extraversion,-,ရင်ဆ,
4,llama3.2:3b,burmese,37,Agreeableness,+,ဖော်,
4,llama3.2:3b,burmese,38,Conscientiousness,-,ရေးအ,
4,llama3.2:3b,burmese,39,Neuroticism,+,ရှေး,
4,llama3.2:3b,burmese,40,Openness,+,ရှော,
4,llama3.2:3b,burmese,41,Extraversion,+,ဖော်,
4,llama3.2:3b,burmese,42,Agreeableness,+,အောက,
4,llama3.2:3b,burmese,43,Conscientiousness,+,ရဲလဲ,
4,llama3.2:3b,burmese,44,Neuroticism,+,ရှော,
4,llama3.2:3b,burmese,45,Openness,+,အောက,
4,llama3.2:3b,burmese,46,Extraversion,-,ရှော,
4,llama3.2:3b,burmese,47,Agreeableness,+,ဖော်,
4,llama3.2:3b,burmese,48,Conscientiousness,+,အောက,
4,llama3.2:3b,burmese,49,Neuroticism,+,ရက်တ,
4,llama3.2:3b,burmese,50,Openness,+,ရှေး,
5,llama3.2:3b,burmese,1,Extraversion,+,ရေကြ,
5,llama3.2:3b,burmese,2,Agreeableness,-,ရှော,
5,llama3.2:3b,burmese,3,Conscientiousness,+,ရှေး,
5,llama3.2:3b,burmese,4,Neuroticism,+,အောက,
5,llama3.2:3b,burmese,5,Openness,+,ရတူခ,
5,llama3.2:3b,burmese,6,Extraversion,-,ဆိုသ,
5,llama3.2:3b,burmese,7,Agreeableness,+,ရှော,
5,llama3.2:3b,burmese,8,Conscientiousness,-,မေးခ,
5,llama3.2:3b,burmese,9,Neuroticism,-,ရှေ့,
5,llama3.2:3b,burmese,10,Openness,-,ဇသဘေ,
5,llama3.2:3b,burmese,11,Extraversion,+,ရှော,
5,llama3.2:3b,burmese,12,Agreeableness,-,ရေဇက,
5,llama3.2:3b,burmese,13,Conscientiousness,+,ဖော်,
5,llama3.2:3b,burmese,14,Neuroticism,+,ရေသက,
5,llama3.2:3b,burmese,15,Openness,+,ရှေ့,
5,llama3.2:3b,burmese,16,Extraversion,-,ဖော်,
5,llama3.2:3b,burmese,17,Agreeableness,+,မေးခ,
5,llama3.2:3b,burmese,18,Conscientiousness,-,အောက,
5,llama3.2:3b,burmese,19,Neuroticism,-,ရှင်,
5,llama3.2:3b,burmese,20,Openness,-,မူယေ,
5,llama3.2:3b,burmese,21,Extraversion,+,ဒါက,
5,llama3.2:3b,burmese,22,Agreeableness,-,ရဲ့,
5,llama3.2:3b,burmese,23,Conscientiousness,+,ရမ်း,
5,llama3.2:3b,burmese,24,Neuroticism,+,ဖော်,
5,llama3.2:3b,burmese,25,Openness,+,ရှော,
5,llama3.2:3b,burmese,26,Extraversion,-,ရှော,
5,llama3.2:3b,burmese,27,Agreeableness,+,ရှော,
5,llama3.2:3b,burmese,28,Conscientiousness,-,ရမ်း,
5,llama3.2:3b,burmese,29,Neuroticism,+,ဒါက,
5,llama3.2:3b,burmese,30,Openness,-,ဖော်,
5,llama3.2:3b,burmese,31,Extraversion,+,လူမျ,
5,llama3.2:3b,burmese,32,Agreeableness,-,ရက်လ,
5,llama3.2:3b,burmese,33,Conscientiousness,+,ဇူလဲ,
5,llama3.2:3b,burmese,34,Neuroticism,+,ရှေပ,
5,llama3.2:3b,burmese,35,Openness,+,ရှော,
5,llama3.2:3b,burmese,36,Extraversion,-,ရှေး,
5,llama3.2:3b,burmese,37,Agreeableness,+,ရှေး,
5,llama3.2:3b,burmese,38,Conscientiousness,-,ရှော,
5,llama3.2:3b,burmese,39,Neuroticism,+,ရာဇာ,
5,llama3.2:3b,burmese,40,Openness,+,ရှော,
5,llama3.2:3b,burmese,41,Extraversion,+,ရှင်,
5,llama3.2:3b,burmese,42,Agreeableness,+,မေးခ,
5,llama3.2:3b,burmese,43,Conscientiousness,+,ရွက်,
5,llama3.2:3b,burmese,44,Neuroticism,+,ဖော်,
5,llama3.2:3b,burmese,45,Openness,+,ရဲရဲ,
5,llama3.2:3b,burmese,46,Extraversion,-,ရယ်လ,
5,llama3.2:3b,burmese,47,Agreeableness,+,ရေသိ,
5,llama3.2:3b,burmese,48,Conscientiousness,+,ရှော,
5,llama3.2:3b,burmese,49,Neuroticism,+,အောက,
5,llama3.2:3b,burmese,50,Openness,+,ဖော်,
6,llama3.2:3b,burmese,1,Extraversion,+,ရမ်း,
6,llama3.2:3b,burmese,2,Agreeableness,-,ရှော,
6,llama3.2:3b,burmese,3,Conscientiousness,+,ရှော,
6,llama3.2:3b,burmese,4,Neuroticism,+,ရှေး,
6,llama3.2:3b,burmese,5,Openness,+,ရှင်,
6,llama3.2:3b,burmese,6,Extraversion,-,ရှေး,
6,llama3.2:3b,burmese,7,Agreeableness,+,ရှေး,
6,llama3.2:3b,burmese,8,Conscientiousness,-,ရှော,
6,llama3.2:3b,burmese,9,Neuroticism,-,အောက,
6,llama3.2:3b,burmese,10,Openness,-,ရှော,
6,llama3.2:3b,burmese,11,Extraversion,+,ရှော,
6,llama3.2:3b,burmese,12,Agreeableness,-,ရှော,
6,llama3.2:3b,burmese,13,Conscientiousness,+,အောက,
6,llama3.2:3b,burmese,14,Neuroticism,+,ရှော,
6,llama3.2:3b,burmese,15,Openness,+,ရှော,
6,llama3.2:3b,burmese,16,Extraversion,-,ရှော,
6,llama3.2:3b,burmese,17,Agreeableness,+,ရဲ့ဆ,
6,llama3.2:3b,burmese,18,Conscientiousness,-,ရှေး,
6,llama3.2:3b,burmese,19,Neuroticism,-,ရှော,
6,llama3.2:3b,burmese,20,Openness,-,ရှေး,
6,llama3.2:3b,burmese,21,Extraversion,+,ရှေး,
6,llama3.2:3b,burmese,22,Agreeableness,-,မေးရ,
6,llama3.2:3b,burmese,23,Conscientiousness,+,ဖော်,
6,llama3.2:3b,burmese,24,Neuroticism,+,ရှင်,
6,llama3.2:3b,burmese,25,Openness,+,ဖော်,
6,llama3.2:3b,burmese,26,Extraversion,-,ရှင်,
6,llama3.2:3b,burmese,27,Agreeableness,+,ရှင်,
6,llama3.2:3b,burmese,28,Conscientiousness,-,ရှေး,
6,llama3.2:3b,burmese,29,Neuroticism,+,ရှင်,
6,llama3.2:3b,burmese,30,Openness,-,ရှော,
6,llama3.2:3b,burmese,31,Extraversion,+,ရင်ဆ,
6,llama3.2:3b,burmese,32,Agreeableness,-,အောက,
6,llama3.2:3b,burmese,33,Conscientiousness,+,အောက,
6,llama3.2:3b,burmese,34,Neuroticism,+,ရက်အ,
6,llama3.2:3b,burmese,35,Openness,+,ရှေယ,
6,llama3.2:3b,burmese,36,Extraversion,-,ရှင်,
6,llama3.2:3b,burmese,37,Agreeableness,+,ရှော,
6,llama3.2:3b,burmese,38,Conscientiousness,-,ရှော,
6,llama3.2:3b,burmese,39,Neuroticism,+,ရှော,
6,llama3.2:3b,burmese,40,Openness,+,ရှင်,
6,llama3.2:3b,burmese,41,Extraversion,+,ရာမန,
6,llama3.2:3b,burmese,42,Agreeableness,+,ရူပ်,
6,llama3.2:3b,burmese,43,Conscientiousness,+,ဖော်,
6,llama3.2:3b,burmese,44,Neuroticism,+,ရှေး,
6,llama3.2:3b,burmese,45,Openness,+,ရှော,
6,llama3.2:3b,burmese,46,Extraversion,-,ရှေး,
6,llama3.2:3b,burmese,47,Agreeableness,+,ရှေ့,
6,llama3.2:3b,burmese,48,Conscientiousness,+,ရှော,
6,llama3.2:3b,burmese,49,Neuroticism,+,အောက,
6,llama3.2:3b,burmese,50,Openness,+,ရှော,
7,llama3.2:3b,burmese,1,Extraversion,+,ရေကြ,
7,llama3.2:3b,burmese,2,Agreeableness,-,ချက်,
7,llama3.2:3b,burmese,3,Conscientiousness,+,ရှေး,
7,llama3.2:3b,burmese,4,Neuroticism,+,ရှေး,
7,llama3.2:3b,burmese,5,Openness,+,ရာပြ,
7,llama3.2:3b,burmese,6,Extraversion,-,ရှော,
7,llama3.2:3b,burmese,7,Agreeableness,+,ရယ်လ,
7,llama3.2:3b,burmese,8,Conscientiousness,-,ရှင်,
7,llama3.2:3b,burmese,9,Neuroticism,-,ရှေး,
7,llama3.2:3b,burmese,10,Openness,-,ရှော,
7,llama3.2:3b,burmese,11,Extraversion,+,ရမ်း,
7,llama3.2:3b,burmese,12,Agreeableness,-,သူတေ,
7,llama3.2:3b,burmese,13,Conscientiousness,+,ရေပြ,
7,llama3.2:3b,burmese,14,Neuroticism,+,ရေသု,
7,llama3.2:3b,burmese,15,Openness,+,ရှင်,
7,llama3.2:3b,burmese,16,Extraversion,-,ရှေယ,
7,llama3.2:3b,burmese,17,Agreeableness,+,ရဲ့,
7,llama3.2:3b,burmese,18,Conscientiousness,-,ရှော,
7,llama3.2:3b,burmese,19,Neuroticism,-,ရှေး,
7,llama3.2:3b,burmese,20,Openness,-,ရှော,
7,llama3.2:3b,burmese,21,Extraversion,+,ရှော,
7,llama3.2:3b,burmese,22,Agreeableness,-,ရွယ်,
7,llama3.2:3b,burmese,23,Conscientiousness,+,ရှော,
7,llama3.2:3b,burmese,24,Neuroticism,+,ရှင်,
7,llama3.2:3b,burmese,25,Openness,+,ရှေး,
7,llama3.2:3b,burmese,26,Extraversion,-,ဆောင,
7,llama3.2:3b,burmese,27,Agreeableness,+,ရှင်,
7,llama3.2:3b,burmese,28,Conscientiousness,-,ရှေး,
7,llama3.2:3b,burmese,29,Neuroticism,+,ရွေး,
7,llama3.2:3b,burmese,30,Openness,-,ရာရဲ,
7,llama3.2:3b,burmese,31,Extraversion,+,ရှော,
7,llama3.2:3b,burmese,32,Agreeableness,-,အောက,
7,llama3.2:3b,burmese,33,Conscientiousness,+,ဖော်,
7,llama3.2:3b,burmese,34,Neuroticism,+,ရဲလဲ,
7,llama3.2:3b,burmese,35,Openness,+,ရှော,
7,llama3.2:3b,burmese,36,Extraversion,-,ရှေ့,
7,llama3.2:3b,burmese,37,Agreeableness,+,အောက,
7,llama3.2:3b,burmese,38,Conscientiousness,-,ရှော,
7,llama3.2:3b,burmese,39,Neuroticism,+,မှာလ,
7,llama3.2:3b,burmese,40,Openness,+,ရှေး,
7,llama3.2:3b,burmese,41,Extraversion,+,ရှော,
7,llama3.2:3b,burmese,42,Agreeableness,+,ဇီလန,
7,llama3.2:3b,burmese,43,Conscientiousness,+,မေးခ,
7,llama3.2:3b,burmese,44,Neuroticism,+,ရှော,
7,llama3.2:3b,burmese,45,Openness,+,ရံလွ,
7,llama3.2:3b,burmese,46,Extraversion,-,ဒါက,
7,llama3.2:3b,burmese,47,Agreeableness,+,ရင်ဆ,
7,llama3.2:3b,burmese,48,Conscientiousness,+,ရှေး,
7,llama3.2:3b,burmese,49,Neuroticism,+,ရာအု,
7,llama3.2:3b,burmese,50,Openness,+,အောက,
8,llama3.2:3b,burmese,1,Extraversion,+,ရှော,
8,llama3.2:3b,burmese,2,Agreeableness,-,ရင်ဆ,
8,llama3.2:3b,burmese,3,Conscientiousness,+,ရှေး,
8,llama3.2:3b,burmese,4,Neuroticism,+,ဖော်,
8,llama3.2:3b,burmese,5,Openness,+,ဖော်,
8,llama3.2:3b,burmese,6,Extraversion,-,ရက်ဂ,
8,llama3.2:3b,burmese,7,Agreeableness,+,ရှော,
8,llama3.2:3b,burmese,8,Conscientiousness,-,ရှင်,
8,llama3.2:3b,burmese,9,Neuroticism,-,ရှင်,
8,llama3.2:3b,burmese,10,Openness,-,အောက,
8,llama3.2:3b,burmese,11,Extraversion,+,အောက,
8,llama3.2:3b,burmese,12,Agreeableness,-,ရှော,
8,llama3.2:3b,burmese,13,Conscientiousness,+,အောက,
8,llama3.2:3b,burmese,14,Neuroticism,+,ရုံး,
8,llama3.2:3b,burmese,15,Openness,+,ရှော,
8,llama3.2:3b,burmese,16,Extraversion,-,ရှေ့,
8,llama3.2:3b,burmese,17,Agreeableness,+,ရဲ့ဆ,
8,llama3.2:3b,burmese,18,Conscientiousness,-,ချက်,
8,llama3.2:3b,burmese,19,Neuroticism,-,သင့်,
8,llama3.2:3b,burmese,20,Openness,-,ရိုမ,
8,llama3.2:3b,burmese,21,Extraversion,+,ရတနာ,
8,llama3.2:3b,burmese,22,Agreeableness,-,ရဲ့,
8,llama3.2:3b,burmese,23,Conscientiousness,+,ရှေး,
8,llama3.2:3b,burmese,24,Neuroticism,+,ရှော,
8,llama3.2:3b,burmese,25,Openness,+,ရှော,
8,llama3.2:3b,burmese,26,Extraversion,-,မေးခ,
8,llama3.2:3b,burmese,27,Agreeableness,+,ရှင်,
8,llama3.2:3b,burmese,28,Conscientiousness,-,ရှေး,
8,llama3.2:3b,burmese,29,Neuroticism,+,ရှော,
8,llama3.2:3b,burmese,30,Openness,-,သင့်,
8,llama3.2:3b,burmese,31,Extraversion,+,ရှော,
8,llama3.2:3b,burmese,32,Agreeableness,-,ရင်ဆ,
8,llama3.2:3b,burmese,33,Conscientiousness,+,အောက,
8,llama3.2:3b,burmese,34,Neuroticism,+,ဖော်,
8,llama3.2:3b,burmese,35,Openness,+,သင့်,
8,llama3.2:3b,burmese,36,Extraversion,-,ရွေး,
8,llama3.2:3b,burmese,37,Agreeableness,+,ရှင်,
8,llama3.2:3b,burmese,38,Conscientiousness,-,ရှော,
8,llama3.2:3b,burmese,39,Neuroticism,+,ဖော်,
8,llama3.2:3b,burmese,40,Openness,+,မေးခ,
8,llama3.2:3b,burmese,41,Extraversion,+,ရှင်,
8,llama3.2:3b,burmese,42,Agreeableness,+,မဟုတ,
8,llama3.2:3b,burmese,43,Conscientiousness,+,ရာဇ်,
8,llama3.2:3b,burmese,44,Neuroticism,+,ဖော်,
8,llama3.2:3b,burmese,45,Openness,+,ရှော,
8,llama3.2:3b,burmese,46,Extraversion,-,ရှေး,
8,llama3.2:3b,burmese,47,Agreeableness,+,ရှေပ,
8,llama3.2:3b,burmese,48,Conscientiousness,+,ရူးဖ,
8,llama3.2:3b,burmese,49,Neuroticism,+,ရှော,
8,llama3.2:3b,burmese,50,Openness,+,ရှော,
9,llama3.2:3b,burmese,1,Extraversion,+,အောက,
9,llama3.2:3b,burmese,2,Agreeableness,-,ဆီးခ,
9,llama3.2:3b,burmese,3,Conscientiousness,+,ရှေး,
9,llama3.2:3b,burmese,4,Neuroticism,+,ရှင်,
9,llama3.2:3b,burmese,5,Openness,+,ရေသွ,
9,llama3.2:3b,burmese,6,Extraversion,-,ရေသွ,
9,llama3.2:3b,burmese,7,Agreeableness,+,ရှော,
9,llama3.2:3b,burmese,8,Conscientiousness,-,ရှော,
9,llama3.2:3b,burmese,9,Neuroticism,-,ရံအီ,
9,llama3.2:3b,burmese,10,Openness,-,အောက,
9,llama3.2:3b,burmese,11,Extraversion,+,ရှော,
9,llama3.2:3b,burmese,12,Agreeableness,-,ရှေး,
9,llama3.2:3b,burmese,13,Conscientiousness,+,ရှေး,
9,llama3.2:3b,burmese,14,Neuroticism,+,အောက,
9,llama3.2:3b,burmese,15,Openness,+,ရှော,
9,llama3.2:3b,burmese,16,Extraversion,-,ရှေယ,
9,llama3.2:3b,burmese,17,Agreeableness,+,ရူေတ,
9,llama3.2:3b,burmese,18,Conscientiousness,-,ဒါက,
9,llama3.2:3b,burmese,19,Neuroticism,-,ရှင်,
9,llama3.2:3b,burmese,20,Openness,-,ကိုယ,
9,llama3.2:3b,burmese,21,Extraversion,+,ရှော,
9,llama3.2:3b,burmese,22,Agreeableness,-,ရဲ့တ,
9,llama3.2:3b,burmese,23,Conscientiousness,+,ရွေး,
9,llama3.2:3b,burmese,24,Neuroticism,+,ရှေ့,
9,llama3.2:3b,burmese,25,Openness,+,ရှင်,
9,llama3.2:3b,burmese,26,Extraversion,-,ရှေး,
9,llama3.2:3b,burmese,27,Agreeableness,+,ရှော,
9,llama3.2:3b,burmese,28,Conscientiousness,-,ရှော,
9,llama3.2:3b,burmese,29,Neuroticism,+,အောက,
9,llama3.2:3b,burmese,30,Openness,-,ရက်အ,
9,llama3.2:3b,burmese,31,Extraversion,+,ရှော,
9,llama3.2:3b,burmese,32,Agreeableness,-,ရဲလု,
9,llama3.2:3b,burmese,33,Conscientiousness,+,ရင်ဆ,
9,llama3.2:3b,burmese,34,Neuroticism,+,အောက,
9,llama3.2:3b,burmese,35,Openness,+,ရှေး,
9,llama3.2:3b,burmese,36,Extraversion,-,ရှော,
9,llama3.2:3b,burmese,37,Agreeableness,+,ရင်ဆ,
9,llama3.2:3b,burmese,38,Conscientiousness,-,ရှော,
9,llama3.2:3b,burmese,39,Neuroticism,+,အောက,
9,llama3.2:3b,burmese,40,Openness,+,ရှေ့,
9,llama3.2:3b,burmese,41,Extraversion,+,ရှေး,
9,llama3.2:3b,burmese,42,Agreeableness,+,ရင်ဆ,
9,llama3.2:3b,burmese,43,Conscientiousness,+,ရွက်,
9,llama3.2:3b,burmese,44,Neuroticism,+,ရှော,
9,llama3.2:3b,burmese,45,Openness,+,အောက,
9,llama3.2:3b,burmese,46,Extraversion,-,သူစိ,
9,llama3.2:3b,burmese,47,Agreeableness,+,ရဲက်,
9,llama3.2:3b,burmese,48,Conscientiousness,+,ရှေး,
9,llama3.2:3b,burmese,49,Neuroticism,+,သတ်မ,
9,llama3.2:3b,burmese,50,Openness,+,အောက,
10,llama3.2:3b,burmese,1,Extraversion,+,ရေးသ,
10,llama3.2:3b,burmese,2,Agreeableness,-,ဖော်,
10,llama3.2:3b,burmese,3,Conscientiousness,+,ရှေး,
10,llama3.2:3b,burmese,4,Neuroticism,+,ရှေး,
10,llama3.2:3b,burmese,5,Openness,+,အောက,
10,llama3.2:3b,burmese,6,Extraversion,-,အောက,
10,llama3.2:3b,burmese,7,Agreeableness,+,ရှေး,
10,llama3.2:3b,burmese,8,Conscientiousness,-,သင့်,
10,llama3.2:3b,burmese,9,Neuroticism,-,ရှော,
10,llama3.2:3b,burmese,10,Openness,-,ဖော်,
10,llama3.2:3b,burmese,11,Extraversion,+,ရှော,
10,llama3.2:3b,burmese,12,Agreeableness,-,ဖော်,
10,llama3.2:3b,burmese,13,Conscientiousness,+,ရှော,
10,llama3.2:3b,burmese,14,Neuroticism,+,သေးတ,
10,llama3.2:3b,burmese,15,Openness,+,ရင်ဆ,
10,llama3.2:3b,burmese,16,Extraversion,-,ရှော,
10,llama3.2:3b,burmese,17,Agreeableness,+,ရဲ့,
10,llama3.2:3b,burmese,18,Conscientiousness,-,ရှော,
10,llama3.2:3b,burmese,19,Neuroticism,-,ရာအု,
10,llama3.2:3b,burmese,20,Openness,-,ရှေး,
10,llama3.2:3b,burmese,21,Extraversion,+,ရှင်,
10,llama3.2:3b,burmese,22,Agreeableness,-,ရဲ့,
10,llama3.2:3b,burmese,23,Conscientiousness,+,ရှော,
10,llama3.2:3b,burmese,24,Neuroticism,+,အောက,
10,llama3.2:3b,burmese,25,Openness,+,အောက,
10,llama3.2:3b,burmese,26,Extraversion,-,ရှေး,
10,llama3.2:3b,burmese,27,Agreeableness,+,ရင်အ,
10,llama3.2:3b,burmese,28,Conscientiousness,-,ရှင်,
10,llama3.2:3b,burmese,29,Neuroticism,+,ရှေး,
10,llama3.2:3b,burmese,30,Openness,-,ရှေယ,
10,llama3.2:3b,burmese,31,Extraversion,+,ရဲလဲ,
10,llama3.2:3b,burmese,32,Agreeableness,-,ရှေး,
10,llama3.2:3b,burmese,33,Conscientiousness,+,ရွေး,
10,llama3.2:3b,burmese,34,Neuroticism,+,ရေကြ,
10,llama3.2:3b,burmese,35,Openness,+,ရှေ့,
10,llama3.2:3b,burmese,36,Extraversion,-,ဖော်,
10,llama3.2:3b,burmese,37,Agreeableness,+,ရှေ့,
10,llama3.2:3b,burmese,38,Conscientiousness,-,ဖော်,
10,llama3.2:3b,burmese,39,Neuroticism,+,ရှော,
10,llama3.2:3b,burmese,40,Openness,+,ဖော်,
10,llama3.2:3b,burmese,41,Extraversion,+,ရှေး,
10,llama3.2:3b,burmese,42,Agreeableness,+,ရွေး,
10,llama3.2:3b,burmese,43,Conscientiousness,+,လုံး,
10,llama3.2:3b,burmese,44,Neuroticism,+,ဒါက,
10,llama3.2:3b,burmese,45,Openness,+,အောက,
10,llama3.2:3b,burmese,46,Extraversion,-,ရှော,
10,llama3.2:3b,burmese,47,Agreeableness,+,ရှင်,
10,llama3.2:3b,burmese,48,Conscientiousness,+,ရှင်,
10,llama3.2:3b,burmese,49,Neuroticism,+,ရှေး,
10,llama3.2:3b,burmese,50,Openness,+,ရှေး,
11,llama3.2:3b,burmese,1,Extraversion,+,အောက,
11,llama3.2:3b,burmese,2,Agreeableness,-,ရှေး,
11,llama3.2:3b,burmese,3,Conscientiousness,+,ရှော,
11,llama3.2:3b,burmese,4,Neuroticism,+,ရှော,
11,llama3.2:3b,burmese,5,Openness,+,မေးခ,
11,llama3.2:3b,burmese,6,Extraversion,-,ရှော,
11,llama3.2:3b,burmese,7,Agreeableness,+,ရှော,
11,llama3.2:3b,burmese,8,Conscientiousness,-,ရှော,
11,llama3.2:3b,burmese,9,Neuroticism,-,ရှော,
11,llama3.2:3b,burmese,10,Openness,-,အောက,
11,llama3.2:3b,burmese,11,Extraversion,+,ယေးရ,
11,llama3.2:3b,burmese,12,Agreeableness,-,ရှော,
11,llama3.2:3b,burmese,13,Conscientiousness,+,ရမ်း,
11,llama3.2:3b,burmese,14,Neuroticism,+,ရှော,
11,llama3.2:3b,burmese,15,Openness,+,အောက,
11,llama3.2:3b,burmese,16,Extraversion,-,ရှေး,
11,llama3.2:3b,burmese,17,Agreeableness,+,ရဲ့,
11,llama3.2:3b,burmese,18,Conscientiousness,-,ရှော,
11,llama3.2:3b,burmese,19,Neuroticism,-,ရွေး,
11,llama3.2:3b,burmese,20,Openness,-,ဆော်,
11,llama3.2:3b,burmese,21,Extraversion,+,ရှော,
11,llama3.2:3b,burmese,22,Agreeableness,-,မဟုတ,
11,llama3.2:3b,burmese,23,Conscientiousness,+,ရင်ဆ,
11,llama3.2:3b,burmese,24,Neuroticism,+,ရှေး,
11,llama3.2:3b,burmese,25,Openness,+,ရှေး,
11,llama3.2:3b,burmese,26,Extraversion,-,ရှော,
11,llama3.2:3b,burmese,27,Agreeableness,+,ရှော,
11,llama3.2:3b,burmese,28,Conscientiousness,-,ရှေး,
11,llama3.2:3b,burmese,29,Neuroticism,+,ရှင်,
11,llama3.2:3b,burmese,30,Openness,-,ရှော,
11,llama3.2:3b,burmese,31,Extraversion,+,ရေးလ,
11,llama3.2:3b,burmese,32,Agreeableness,-,ရှော,
11,llama3.2:3b,burmese,33,Conscientiousness,+,ရှင်,
11,llama3.2:3b,burmese,34,Neuroticism,+,ရှော,
11,llama3.2:3b,burmese,35,Openness,+,ဖော်,
11,llama3.2:3b,burmese,36,Extraversion,-,ရေးသ,
11,llama3.2:3b,burmese,37,Agreeableness,+,ဆိုင,
11,llama3.2:3b,burmese,38,Conscientiousness,-,ရေကြ,
11,llama3.2:3b,burmese,39,Neuroticism,+,ဖော်,
11,llama3.2:3b,burmese,40,Openness,+,ရှင်,
11,llama3.2:3b,burmese,41,Extraversion,+,ရှေယ,
11,llama3.2:3b,burmese,42,Agreeableness,+,ရဲ့,
11,llama3.2:3b,burmese,43,Conscientiousness,+,ရွက်,
11,llama3.2:3b,burmese,44,Neuroticism,+,လူပု,
11,llama3.2:3b,burmese,45,Openness,+,ရင်ဆ,
11,llama3.2:3b,burmese,46,Extraversion,-,ရူုလ,
11,llama3.2:3b,burmese,47,Agreeableness,+,ရှော,
11,llama3.2:3b,burmese,48,Conscientiousness,+,ရှေး,
11,llama3.2:3b,burmese,49,Neuroticism,+,မေးခ,
11,llama3.2:3b,burmese,50,Openness,+,ဖော်,
12,llama3.2:3b,burmese,1,Extraversion,+,ဖော်,
12,llama3.2:3b,burmese,2,Agreeableness,-,ဆရာဗ,
12,llama3.2:3b,burmese,3,Conscientiousness,+,ရှင်,
12,llama3.2:3b,burmese,4,Neuroticism,+,ချက်,
12,llama3.2:3b,burmese,5,Openness,+,အောက,
12,llama3.2:3b,burmese,6,Extraversion,-,အောက,
12,llama3.2:3b,burmese,7,Agreeableness,+,ရှော,
12,llama3.2:3b,burmese,8,Conscientiousness,-,ဖော်,
12,llama3.2:3b,burmese,9,Neuroticism,-,အောက,
12,llama3.2:3b,burmese,10,Openness,-,ရဲလဲ,
12,llama3.2:3b,burmese,11,Extraversion,+,ရွေး,
12,llama3.2:3b,burmese,12,Agreeableness,-,ရွေး,
12,llama3.2:3b,burmese,13,Conscientiousness,+,ရှင်,
12,llama3.2:3b,burmese,14,Neuroticism,+,ရှော,
12,llama3.2:3b,burmese,15,Openness,+,ရှင်,
12,llama3.2:3b,burmese,16,Extraversion,-,ရှော,
12,llama3.2:3b,burmese,17,Agreeableness,+,ဆော်,
12,llama3.2:3b,burmese,18,Conscientiousness,-,ရှော,
12,llama3.2:3b,burmese,19,Neuroticism,-,မူယူ,
12,llama3.2:3b,burmese,20,Openness,-,ရဲကရ,
12,llama3.2:3b,burmese,21,Extraversion,+,သင့်,
12,llama3.2:3b,burmese,22,Agreeableness,-,ရွေး,
12,llama3.2:3b,burmese,23,Conscientiousness,+,ရင်ဆ,
12,llama3.2:3b,burmese,24,Neuroticism,+,ရှေ့,
12,llama3.2:3b,burmese,25,Openness,+,ရှေး,
12,llama3.2:3b,burmese,26,Extraversion,-,ရှေး,
12,llama3.2:3b,burmese,27,Agreeableness,+,ချက်,
12,llama3.2:3b,burmese,28,Conscientiousness,-,လူနီ,
12,llama3.2:3b,burmese,29,Neuroticism,+,လူနု,
12,llama3.2:3b,burmese,30,Openness,-,ရွှေ,
12,llama3.2:3b,burmese,31,Extraversion,+,ရှင်,
12,llama3.2:3b,burmese,32,Agreeableness,-,မေးခ,
12,llama3.2:3b,burmese,33,Conscientiousness,+,ရှင်,
12,llama3.2:3b,burmese,34,Neuroticism,+,ရှေယ,
12,llama3.2:3b,burmese,35,Openness,+,ရှော,
12,llama3.2:3b,burmese,36,Extraversion,-,ရှေယ,
12,llama3.2:3b,burmese,37,Agreeableness,+,အောက,
12,llama3.2:3b,burmese,38,Conscientiousness,-,အောက,
12,llama3.2:3b,burmese,39,Neuroticism,+,ရှော,
12,llama3.2:3b,burmese,40,Openness,+,ရှေး,
12,llama3.2:3b,burmese,41,Extraversion,+,ဖော်,
12,llama3.2:3b,burmese,42,Agreeableness,+,ရဲ့,
12,llama3.2:3b,burmese,43,Conscientiousness,+,ရွက်,
12,llama3.2:3b,burmese,44,Neuroticism,+,ရွေး,
12,llama3.2:3b,burmese,45,Openness,+,ရှေ့,
12,llama3.2:3b,burmese,46,Extraversion,-,ရှော,
12,llama3.2:3b,burmese,47,Agreeableness,+,ရံလမ,
12,llama3.2:3b,burmese,48,Conscientiousness,+,ရှေး,
12,llama3.2:3b,burmese,49,Neuroticism,+,ဖော်,
12,llama3.2:3b,burmese,50,Openness,+,ဒါက,
13,llama3.2:3b,burmese,1,Extraversion,+,မို့,
13,llama3.2:3b,burmese,2,Agreeableness,-,ရှေး,
13,llama3.2:3b,burmese,3,Conscientiousness,+,မေးခ,
13,llama3.2:3b,burmese,4,Neuroticism,+,ရှော,
13,llama3.2:3b,burmese,5,Openness,+,ရေဇွ,
13,llama3.2:3b,burmese,6,Extraversion,-,ရှော,
13,llama3.2:3b,burmese,7,Agreeableness,+,ဇယ်က,
13,llama3.2:3b,burmese,8,Conscientiousness,-,ရှေး,
13,llama3.2:3b,burmese,9,Neuroticism,-,အောက,
13,llama3.2:3b,burmese,10,Openness,-,ရှော,
13,llama3.2:3b,burmese,11,Extraversion,+,မို့,
13,llama3.2:3b,burmese,12,Agreeableness,-,ရှေး,
13,llama3.2:3b,burmese,13,Conscientiousness,+,မေးခ,
13,llama3.2:3b,burmese,14,Neuroticism,+,ရှင်,
13,llama3.2:3b,burmese,15,Openness,+,ဒါက,
13,llama3.2:3b,burmese,16,Extraversion,-,ရှင်,
13,llama3.2:3b,burmese,17,Agreeableness,+,ရဲ့,
13,llama3.2:3b,burmese,18,Conscientiousness,-,ရှော,
13,llama3.2:3b,burmese,19,Neuroticism,-,ရှင်,
13,llama3.2:3b,burmese,20,Openness,-,ရေးလ,
13,llama3.2:3b,burmese,21,Extraversion,+,လူအု,
13,llama3.2:3b,burmese,22,Agreeableness,-,ရဲ့ဆ,
13,llama3.2:3b,burmese,23,Conscientiousness,+,သင်,
13,llama3.2:3b,burmese,24,Neuroticism,+,အောက,
13,llama3.2:3b,burmese,25,Openness,+,ရှော,
13,llama3.2:3b,burmese,26,Extraversion,-,ရှေး,
13,llama3.2:3b,burmese,27,Agreeableness,+,ရှေယ,
13,llama3.2:3b,burmese,28,Conscientiousness,-,အောက,
13,llama3.2:3b,burmese,29,Neuroticism,+,ရှေး,
13,llama3.2:3b,burmese,30,Openness,-,ရှေပ,
13,llama3.2:3b,burmese,31,Extraversion,+,ရှော,
13,llama3.2:3b,burmese,32,Agreeableness,-,ဒါက,
13,llama3.2:3b,burmese,33,Conscientiousness,+,ရှင်,
13,llama3.2:3b,burmese,34,Neuroticism,+,သို့,
13,llama3.2:3b,burmese,35,Openness,+,လူနေ,
13,llama3.2:3b,burmese,36,Extraversion,-,ရှော,
13,llama3.2:3b,burmese,37,Agreeableness,+,အောက,
13,llama3.2:3b,burmese,38,Conscientiousness,-,ရှော,
13,llama3.2:3b,burmese,39,Neuroticism,+,ရမ်း,
13,llama3.2:3b,burmese,40,Openness,+,ရင်လ,
13,llama3.2:3b,burmese,41,Extraversion,+,ဖော်,
13,llama3.2:3b,burmese,42,Agreeableness,+,ရွေး,
13,llama3.2:3b,burmese,43,Conscientiousness,+,ရမ်း,
13,llama3.2:3b,burmese,44,Neuroticism,+,ရှင်,
13,llama3.2:3b,burmese,45,Openness,+,ရူးသ,
13,llama3.2:3b,burmese,46,Extraversion,-,ရှေး,
13,llama3.2:3b,burmese,47,Agreeableness,+,အောက,
13,llama3.2:3b,burmese,48,Conscientiousness,+,ရှော,
13,llama3.2:3b,burmese,49,Neuroticism,+,မှန်,
13,llama3.2:3b,burmese,50,Openness,+,ဆရာဗ,
14,llama3.2:3b,burmese,1,Extraversion,+,ရှော,
14,llama3.2:3b,burmese,2,Agreeableness,-,ရင်န,
14,llama3.2:3b,burmese,3,Conscientiousness,+,ရှင်,
14,llama3.2:3b,burmese,4,Neuroticism,+,ရှင်,
14,llama3.2:3b,burmese,5,Openness,+,ရှော,
14,llama3.2:3b,burmese,6,Extraversion,-,ရတနာ,
14,llama3.2:3b,burmese,7,Agreeableness,+,ရှော,
14,llama3.2:3b,burmese,8,Conscientiousness,-,ရူေဖ,
14,llama3.2:3b,burmese,9,Neuroticism,-,ရှော,
14,llama3.2:3b,burmese,10,Openness,-,ရှော,
14,llama3.2:3b,burmese,11,Extraversion,+,ဒါက,
14,llama3.2:3b,burmese,12,Agreeableness,-,ရွှေ,
14,llama3.2:3b,burmese,13,Conscientiousness,+,ရဲလဲ,
14,llama3.2:3b,burmese,14,Neuroticism,+,ရဲလဲ,
14,llama3.2:3b,burmese,15,Openness,+,ရှေယ,
14,llama3.2:3b,burmese,16,Extraversion,-,ရှော,
14,llama3.2:3b,burmese,17,Agreeableness,+,ရဲ့,
14,llama3.2:3b,burmese,18,Conscientiousness,-,ရှော,
14,llama3.2:3b,burmese,19,Neuroticism,-,ရေညီ,
14,llama3.2:3b,burmese,20,Openness,-,ရေးသ,
14,llama3.2:3b,burmese,21,Extraversion,+,ရှေး,
14,llama3.2:3b,burmese,22,Agreeableness,-,ရဲ့,
14,llama3.2:3b,burmese,23,Conscientiousness,+,ရှော,
14,llama3.2:3b,burmese,24,Neuroticism,+,ဖော်,
14,llama3.2:3b,burmese,25,Openness,+,ဖော်,
14,llama3.2:3b,burmese,26,Extraversion,-,ရှေ့,
14,llama3.2:3b,burmese,27,Agreeableness,+,ရှေး,
14,llama3.2:3b,burmese,28,Conscientiousness,-,ရှေး,
14,llama3.2:3b,burmese,29,Neuroticism,+,ရွယ်,
14,llama3.2:3b,burmese,30,Openness,-,ရှော,
14,llama3.2:3b,burmese,31,Extraversion,+,ရေကြ,
14,llama3.2:3b,burmese,32,Agreeableness,-,ရှေး,
14,llama3.2:3b,burmese,33,Conscientiousness,+,ဒေါရ,
14,llama3.2:3b,burmese,34,Neuroticism,+,ရှော,
14,llama3.2:3b,burmese,35,Openness,+,အောက,
14,llama3.2:3b,burmese,36,Extraversion,-,ရှေ့,
14,llama3.2:3b,burmese,37,Agreeableness,+,အောက,
14,llama3.2:3b,burmese,38,Conscientiousness,-,အောက,
14,llama3.2:3b,burmese,39,Neuroticism,+,ရှေး,
14,llama3.2:3b,burmese,40,Openness,+,ရွေး,
14,llama3.2:3b,burmese,41,Extraversion,+,ရှော,
14,llama3.2:3b,burmese,42,Agreeableness,+,ရဲ့,
14,llama3.2:3b,burmese,43,Conscientiousness,+,ရှော,
14,llama3.2:3b,burmese,44,Neuroticism,+,ရဲက,
14,llama3.2:3b,burmese,45,Openness,+,ရှေး,
14,llama3.2:3b,burmese,46,Extraversion,-,ရဲလဲ,
14,llama3.2:3b,burmese,47,Agreeableness,+,ရှင်,
14,llama3.2:3b,burmese,48,Conscientiousness,+,ရှေပ,
14,llama3.2:3b,burmese,49,Neuroticism,+,ရှေး,
14,llama3.2:3b,burmese,50,Openness,+,ရှေး,
15,llama3.2:3b,burmese,1,Extraversion,+,အောက,
15,llama3.2:3b,burmese,2,Agreeableness,-,ရာတွ,
15,llama3.2:3b,burmese,3,Conscientiousness,+,ရှေး,
15,llama3.2:3b,burmese,4,Neuroticism,+,ရှော,
15,llama3.2:3b,burmese,5,Openness,+,ရှေး,
15,llama3.2:3b,burmese,6,Extraversion,-,ရှော,
15,llama3.2:3b,burmese,7,Agreeableness,+,ရှင်,
15,llama3.2:3b,burmese,8,Conscientiousness,-,ဖော်,
15,llama3.2:3b,burmese,9,Neuroticism,-,ရှော,
15,llama3.2:3b,burmese,10,Openness,-,ရှော,
15,llama3.2:3b,burmese,11,Extraversion,+,ရူးဂ,
15,llama3.2:3b,burmese,12,Agreeableness,-,ရှင်,
15,llama3.2:3b,burmese,13,Conscientiousness,+,ရှော,
15,llama3.2:3b,burmese,14,Neuroticism,+,ရှော,
15,llama3.2:3b,burmese,15,Openness,+,ရှေး,
15,llama3.2:3b,burmese,16,Extraversion,-,မေးခ,
15,llama3.2:3b,burmese,17,Agreeableness,+,ရဲ့,
15,llama3.2:3b,burmese,18,Conscientiousness,-,ရှော,
15,llama3.2:3b,burmese,19,Neuroticism,-,ရံလမ,
15,llama3.2:3b,burmese,20,Openness,-,အောက,
15,llama3.2:3b,burmese,21,Extraversion,+,ရေကြ,
15,llama3.2:3b,burmese,22,Agreeableness,-,ရှေး,
15,llama3.2:3b,burmese,23,Conscientiousness,+,ရှော,
15,llama3.2:3b,burmese,24,Neuroticism,+,ရှော,
15,llama3.2:3b,burmese,25,Openness,+,မှန်,
15,llama3.2:3b,burmese,26,Extraversion,-,ရှေး,
15,llama3.2:3b,burmese,27,Agreeableness,+,ရှေယ,
15,llama3.2:3b,burmese,28,Conscientiousness,-,ရူးဆ,
15,llama3.2:3b,burmese,29,Neuroticism,+,ရောအ,
15,llama3.2:3b,burmese,30,Openness,-,ရေဃု,
15,llama3.2:3b,burmese,31,Extraversion,+,မေးခ,
15,llama3.2:3b,burmese,32,Agreeableness,-,ရှေယ,
15,llama3.2:3b,burmese,33,Conscientiousness,+,ရှော,
15,llama3.2:3b,burmese,34,Neuroticism,+,အောက,
15,llama3.2:3b,burmese,35,Openness,+,အောက,
15,llama3.2:3b,burmese,36,Extraversion,-,ရှော,
15,llama3.2:3b,burmese,37,Agreeableness,+,ရှေး,
15,llama3.2:3b,burmese,38,Conscientiousness,-,ရှော,
15,llama3.2:3b,burmese,39,Neuroticism,+,အောက,
15,llama3.2:3b,burmese,40,Openness,+,ရှေး,
15,llama3.2:3b,burmese,41,Extraversion,+,ရှေး,
15,llama3.2:3b,burmese,42,Agreeableness,+,ဆော်,
15,llama3.2:3b,burmese,43,Conscientiousness,+,ရဲလဲ,
15,llama3.2:3b,burmese,44,Neuroticism,+,ရှေး,
15,llama3.2:3b,burmese,45,Openness,+,ရှေး,
15,llama3.2:3b,burmese,46,Extraversion,-,ဖော်,
15,llama3.2:3b,burmese,47,Agreeableness,+,ဖော်,
15,llama3.2:3b,burmese,48,Conscientiousness,+,မေးခ,
15,llama3.2:3b,burmese,49,Neuroticism,+,ရှေး,
15,llama3.2:3b,burmese,50,Openness,+,ရှော,
16,llama3.2:3b,burmese,1,Extraversion,+,ရှေယ,
16,llama3.2:3b,burmese,2,Agreeableness,-,သင့်,
16,llama3.2:3b,burmese,3,Conscientiousness,+,ဖော်,
16,llama3.2:3b,burmese,4,Neuroticism,+,မို့,
16,llama3.2:3b,burmese,5,Openness,+,ရှော,
16,llama3.2:3b,burmese,6,Extraversion,-,ရှေယ,
16,llama3.2:3b,burmese,7,Agreeableness,+,ရှင်,
16,llama3.2:3b,burmese,8,Conscientiousness,-,ရှေယ,
16,llama3.2:3b,burmese,9,Neuroticism,-,ရှော,
16,llama3.2:3b,burmese,10,Openness,-,ဒါက,
16,llama3.2:3b,burmese,11,Extraversion,+,ရှေး,
16,llama3.2:3b,burmese,12,Agreeableness,-,ရှင်,
16,llama3.2:3b,burmese,13,Conscientiousness,+,ရှေ့,
16,llama3.2:3b,burmese,14,Neuroticism,+,ရေးလ,
16,llama3.2:3b,burmese,15,Openness,+,အောက,
16,llama3.2:3b,burmese,16,Extraversion,-,ရှင်,
16,llama3.2:3b,burmese,17,Agreeableness,+,ရဲ့,
16,llama3.2:3b,burmese,18,Conscientiousness,-,ရှုပ,
16,llama3.2:3b,burmese,19,Neuroticism,-,ရှေး,
16,llama3.2:3b,burmese,20,Openness,-,ရှော,
16,llama3.2:3b,burmese,21,Extraversion,+,ရှင်,
16,llama3.2:3b,burmese,22,Agreeableness,-,အောက,
16,llama3.2:3b,burmese,23,Conscientiousness,+,ရှင်,
16,llama3.2:3b,burmese,24,Neuroticism,+,ရှော,
16,llama3.2:3b,burmese,25,Openness,+,ဇေယ်,
16,llama3.2:3b,burmese,26,Extraversion,-,ရှော,
16,llama3.2:3b,burmese,27,Agreeableness,+,ရှေး,
16,llama3.2:3b,burmese,28,Conscientiousness,-,ရင်ဆ,
16,llama3.2:3b,burmese,29,Neuroticism,+,အောက,
16,llama3.2:3b,burmese,30,Openness,-,ဖော်,
16,llama3.2:3b,burmese,31,Extraversion,+,အောက,
16,llama3.2:3b,burmese,32,Agreeableness,-,ရှော,
16,llama3.2:3b,burmese,33,Conscientiousness,+,အောက,
16,llama3.2:3b,burmese,34,Neuroticism,+,လူပု,
16,llama3.2:3b,burmese,35,Openness,+,ဖော်,
16,llama3.2:3b,burmese,36,Extraversion,-,ရှေး,
16,llama3.2:3b,burmese,37,Agreeableness,+,အောက,
16,llama3.2:3b,burmese,38,Conscientiousness,-,ရှော,
16,llama3.2:3b,burmese,39,Neuroticism,+,ဖော်,
16,llama3.2:3b,burmese,40,Openness,+,ရှော,
16,llama3.2:3b,burmese,41,Extraversion,+,ရှော,
16,llama3.2:3b,burmese,42,Agreeableness,+,ဆော်,
16,llama3.2:3b,burmese,43,Conscientiousness,+,ရွက်,
16,llama3.2:3b,burmese,44,Neuroticism,+,ရှင်,
16,llama3.2:3b,burmese,45,Openness,+,ရွှေ,
16,llama3.2:3b,burmese,46,Extraversion,-,ရဲမယ,
16,llama3.2:3b,burmese,47,Agreeableness,+,ဆောဇ,
16,llama3.2:3b,burmese,48,Conscientiousness,+,ရှေး,
16,llama3.2:3b,burmese,49,Neuroticism,+,ရှင်,
16,llama3.2:3b,burmese,50,Openness,+,မလုံ,
17,llama3.2:3b,burmese,1,Extraversion,+,ရင်ဆ,
17,llama3.2:3b,burmese,2,Agreeableness,-,ရှေး,
17,llama3.2:3b,burmese,3,Conscientiousness,+,ဖော်,
17,llama3.2:3b,burmese,4,Neuroticism,+,ရှေး,
17,llama3.2:3b,burmese,5,Openness,+,ဖော်,
17,llama3.2:3b,burmese,6,Extraversion,-,ရှော,
17,llama3.2:3b,burmese,7,Agreeableness,+,ရှေပ,
17,llama3.2:3b,burmese,8,Conscientiousness,-,ရှင်,
17,llama3.2:3b,burmese,9,Neuroticism,-,သင့်,
17,llama3.2:3b,burmese,10,Openness,-,ဖော်,
17,llama3.2:3b,burmese,11,Extraversion,+,ရှေး,
17,llama3.2:3b,burmese,12,Agreeableness,-,သူတစ,
17,llama3.2:3b,burmese,13,Conscientiousness,+,ဒါက,
17,llama3.2:3b,burmese,14,Neuroticism,+,ရှော,
17,llama3.2:3b,burmese,15,Openness,+,မေးခ,
17,llama3.2:3b,burmese,16,Extraversion,-,ရက်တ,
17,llama3.2:3b,burmese,17,Agreeableness,+,အောက,
17,llama3.2:3b,burmese,18,Conscientiousness,-,ရှေး,
17,llama3.2:3b,burmese,19,Neuroticism,-,သင့်,
17,llama3.2:3b,burmese,20,Openness,-,ရေမေ,
17,llama3.2:3b,burmese,21,Extraversion,+,ရှေပ,
17,llama3.2:3b,burmese,22,Agreeableness,-,ဖော်,
17,llama3.2:3b,burmese,23,Conscientiousness,+,ရှေး,
17,llama3.2:3b,burmese,24,Neuroticism,+,ရှော,
17,llama3.2:3b,burmese,25,Openness,+,ရှေး,
17,llama3.2:3b,burmese,26,Extraversion,-,ရှော,
17,llama3.2:3b,burmese,27,Agreeableness,+,ရှေး,
17,llama3.2:3b,burmese,28,Conscientiousness,-,ရယ်ရ,
17,llama3.2:3b,burmese,29,Neuroticism,+,ဖော်,
17,llama3.2:3b,burmese,30,Openness,-,ရှော,
17,llama3.2:3b,burmese,31,Extraversion,+,ရွေး,
17,llama3.2:3b,burmese,32,Agreeableness,-,ရှေ့,
17,llama3.2:3b,burmese,33,Conscientiousness,+,ရှေ့,
17,llama3.2:3b,burmese,34,Neuroticism,+,ရှော,
17,llama3.2:3b,burmese,35,Openness,+,ရှော,
17,llama3.2:3b,burmese,36,Extraversion,-,အောက,
17,llama3.2:3b,burmese,37,Agreeableness,+,ရှင်,
17,llama3.2:3b,burmese,38,Conscientiousness,-,ရှော,
17,llama3.2:3b,burmese,39,Neuroticism,+,ရှေး,
17,llama3.2:3b,burmese,40,Openness,+,ရင်ဆ,
17,llama3.2:3b,burmese,41,Extraversion,+,ရှင်,
17,llama3.2:3b,burmese,42,Agreeableness,+,ရည်သ,
17,llama3.2:3b,burmese,43,Conscientiousness,+,ရာအု,
17,llama3.2:3b,burmese,44,Neuroticism,+,ရှော,
17,llama3.2:3b,burmese,45,Openness,+,ရှင်,
17,llama3.2:3b,burmese,46,Extraversion,-,ရှော,
17,llama3.2:3b,burmese,47,Agreeableness,+,ရှင်,
17,llama3.2:3b,burmese,48,Conscientiousness,+,အောက,
17,llama3.2:3b,burmese,49,Neuroticism,+,ဇေယ်,
17,llama3.2:3b,burmese,50,Openness,+,ရှင်,
18,llama3.2:3b,burmese,1,Extraversion,+,ရူးအ,
18,llama3.2:3b,burmese,2,Agreeableness,-,ဒါက,
18,llama3.2:3b,burmese,3,Conscientiousness,+,အောက,
18,llama3.2:3b,burmese,4,Neuroticism,+,အောက,
18,llama3.2:3b,burmese,5,Openness,+,ရဲလဲ,
18,llama3.2:3b,burmese,6,Extraversion,-,ရေးရ,
18,llama3.2:3b,burmese,7,Agreeableness,+,ရှေး,
18,llama3.2:3b,burmese,8,Conscientiousness,-,ရက်တ,
18,llama3.2:3b,burmese,9,Neuroticism,-,ရှော,
18,llama3.2:3b,burmese,10,Openness,-,ရေဃေ,
18,llama3.2:3b,burmese,11,Extraversion,+,လူတွ,
18,llama3.2:3b,burmese,12,Agreeableness,-,အောက,
18,llama3.2:3b,burmese,13,Conscientiousness,+,မှန်,
18,llama3.2:3b,burmese,14,Neuroticism,+,ရှေး,
18,llama3.2:3b,burmese,15,Openness,+,ရှေ့,
18,llama3.2:3b,burmese,16,Extraversion,-,ရှေး,
18,llama3.2:3b,burmese,17,Agreeableness,+,ရဲ့,
18,llama3.2:3b,burmese,18,Conscientiousness,-,ရှေး,
18,llama3.2:3b,burmese,19,Neuroticism,-,ရှေ့,
18,llama3.2:3b,burmese,20,Openness,-,ရာဘွ,
18,llama3.2:3b,burmese,21,Extraversion,+,ရှင်,
18,llama3.2:3b,burmese,22,Agreeableness,-,ရောဂ,
18,llama3.2:3b,burmese,23,Conscientiousness,+,ဆောင,
18,llama3.2:3b,burmese,24,Neuroticism,+,ဖော်,
18,llama3.2:3b,burmese,25,Openness,+,ရှေး,
18,llama3.2:3b,burmese,26,Extraversion,-,ရှင်,
18,llama3.2:3b,burmese,27,Agreeableness,+,ရှေး,
18,llama3.2:3b,burmese,28,Conscientiousness,-,အောက,
18,llama3.2:3b,burmese,29,Neuroticism,+,အောက,
18,llama3.2:3b,burmese,30,Openness,-,ရှော,
18,llama3.2:3b,burmese,31,Extraversion,+,ရှော,
18,llama3.2:3b,burmese,32,Agreeableness,-,အောက,
18,llama3.2:3b,burmese,33,Conscientiousness,+,သင့်,
18,llama3.2:3b,burmese,34,Neuroticism,+,မှန်,
18,llama3.2:3b,burmese,35,Openness,+,ရှော,
18,llama3.2:3b,burmese,36,Extraversion,-,အောက,
18,llama3.2:3b,burmese,37,Agreeableness,+,ရှော,
18,llama3.2:3b,burmese,38,Conscientiousness,-,ရူုလ,
18,llama3.2:3b,burmese,39,Neuroticism,+,အောက,
18,llama3.2:3b,burmese,40,Openness,+,ရင်ဆ,
18,llama3.2:3b,burmese,41,Extraversion,+,ရှေး,
18,llama3.2:3b,burmese,42,Agreeableness,+,ဖော်,
18,llama3.2:3b,burmese,43,Conscientiousness,+,ရှင်,
18,llama3.2:3b,burmese,44,Neuroticism,+,ဖော်,
18,llama3.2:3b,burmese,45,Openness,+,ရှော,
18,llama3.2:3b,burmese,46,Extraversion,-,ရှေး,
18,llama3.2:3b,burmese,47,Agreeableness,+,မေးခ,
18,llama3.2:3b,burmese,48,Conscientiousness,+,ဖော်,
18,llama3.2:3b,burmese,49,Neuroticism,+,ရှေ့,
18,llama3.2:3b,burmese,50,Openness,+,ရှေ့,
19,llama3.2:3b,burmese,1,Extraversion,+,ရှေး,
19,llama3.2:3b,burmese,2,Agreeableness,-,ရူးသ,
19,llama3.2:3b,burmese,3,Conscientiousness,+,ရှင်,
19,llama3.2:3b,burmese,4,Neuroticism,+,ရှော,
19,llama3.2:3b,burmese,5,Openness,+,ရှေး,
19,llama3.2:3b,burmese,6,Extraversion,-,ရင်က,
19,llama3.2:3b,burmese,7,Agreeableness,+,ရှော,
19,llama3.2:3b,burmese,8,Conscientiousness,-,ရှေလ,
19,llama3.2:3b,burmese,9,Neuroticism,-,ရှင်,
19,llama3.2:3b,burmese,10,Openness,-,ရဲနည,
19,llama3.2:3b,burmese,11,Extraversion,+,ရှေး,
19,llama3.2:3b,burmese,12,Agreeableness,-,ရှေး,
19,llama3.2:3b,burmese,13,Conscientiousness,+,အောက,
19,llama3.2:3b,burmese,14,Neuroticism,+,ရှော,
19,llama3.2:3b,burmese,15,Openness,+,ရှေယ,
19,llama3.2:3b,burmese,16,Extraversion,-,ရှော,
19,llama3.2:3b,burmese,17,Agreeableness,+,ရယ်န,
19,llama3.2:3b,burmese,18,Conscientiousness,-,ရှော,
19,llama3.2:3b,burmese,19,Neuroticism,-,ရှော,
19,llama3.2:3b,burmese,20,Openness,-,ရှေး,
19,llama3.2:3b,burmese,21,Extraversion,+,ဆောဇ,
19,llama3.2:3b,burmese,22,Agreeableness,-,ရဲ့,
19,llama3.2:3b,burmese,23,Conscientiousness,+,ရှင်,
19,llama3.2:3b,burmese,24,Neuroticism,+,ရှေယ,
19,llama3.2:3b,burmese,25,Openness,+,လူအိ,
19,llama3.2:3b,burmese,26,Extraversion,-,ဖော်,
19,llama3.2:3b,burmese,27,Agreeableness,+,ရှော,
19,llama3.2:3b,burmese,28,Conscientiousness,-,ရှေး,
19,llama3.2:3b,burmese,29,Neuroticism,+,ရင်ဆ,
19,llama3.2:3b,burmese,30,Openness,-,ရှေး,
19,llama3.2:3b,burmese,31,Extraversion,+,ရှင်,
19,llama3.2:3b,burmese,32,Agreeableness,-,ဖော်,
19,llama3.2:3b,burmese,33,Conscientiousness,+,ရှော,
19,llama3.2:3b,burmese,34,Neuroticism,+,ရှေ့,
19,llama3.2:3b,burmese,35,Openness,+,ရဲမယ,
19,llama3.2:3b,burmese,36,Extraversion,-,ရှော,
19,llama3.2:3b,burmese,37,Agreeableness,+,ဆရှေ,
19,llama3.2:3b,burmese,38,Conscientiousness,-,ရှော,
19,llama3.2:3b,burmese,39,Neuroticism,+,ရှေ့,
19,llama3.2:3b,burmese,40,Openness,+,ရှင်,
19,llama3.2:3b,burmese,41,Extraversion,+,ဖော်,
19,llama3.2:3b,burmese,42,Agreeableness,+,ရဲ့,
19,llama3.2:3b,burmese,43,Conscientiousness,+,ရူးဆ,
19,llama3.2:3b,burmese,44,Neuroticism,+,ရာတွ,
19,llama3.2:3b,burmese,45,Openness,+,ရေဇီ,
19,llama3.2:3b,burmese,46,Extraversion,-,ရှေယ,
19,llama3.2:3b,burmese,47,Agreeableness,+,ချက်,
19,llama3.2:3b,burmese,48,Conscientiousness,+,မေးခ,
19,llama3.2:3b,burmese,49,Neuroticism,+,ရူပသ,
19,llama3.2:3b,burmese,50,Openness,+,ဆော်,
20,llama3.2:3b,burmese,1,Extraversion,+,ရှင်,
20,llama3.2:3b,burmese,2,Agreeableness,-,ရတနာ,
20,llama3.2:3b,burmese,3,Conscientiousness,+,ရှေယ,
20,llama3.2:3b,burmese,4,Neuroticism,+,ရှော,
20,llama3.2:3b,burmese,5,Openness,+,ရက်တ,
20,llama3.2:3b,burmese,6,Extraversion,-,အောက,
20,llama3.2:3b,burmese,7,Agreeableness,+,ဖော်,
20,llama3.2:3b,burmese,8,Conscientiousness,-,ရှော,
20,llama3.2:3b,burmese,9,Neuroticism,-,အောက,
20,llama3.2:3b,burmese,10,Openness,-,အောက,
20,llama3.2:3b,burmese,11,Extraversion,+,ရှော,
20,llama3.2:3b,burmese,12,Agreeableness,-,ရှေး,
20,llama3.2:3b,burmese,13,Conscientiousness,+,ဇေယွ,
20,llama3.2:3b,burmese,14,Neuroticism,+,အောက,
20,llama3.2:3b,burmese,15,Openness,+,အောက,
20,llama3.2:3b,burmese,16,Extraversion,-,ရွေး,
20,llama3.2:3b,burmese,17,Agreeableness,+,ရဲ့,
20,llama3.2:3b,burmese,18,Conscientiousness,-,ရှေး,
20,llama3.2:3b,burmese,19,Neuroticism,-,ရှင်,
20,llama3.2:3b,burmese,20,Openness,-,ရှော,
20,llama3.2:3b,burmese,21,Extraversion,+,ရဲလဲ,
20,llama3.2:3b,burmese,22,Agreeableness,-,ရေကြ,
20,llama3.2:3b,burmese,23,Conscientiousness,+,အောက,
20,llama3.2:3b,burmese,24,Neuroticism,+,ရှော,
20,llama3.2:3b,burmese,25,Openness,+,မေးခ,
20,llama3.2:3b,burmese,26,Extraversion,-,ရှော,
20,llama3.2:3b,burmese,27,Agreeableness,+,ရှင်,
20,llama3.2:3b,burmese,28,Conscientiousness,-,ရှင်,
20,llama3.2:3b,burmese,29,Neuroticism,+,ဖော်,
20,llama3.2:3b,burmese,30,Openness,-,ရတနာ,
20,llama3.2:3b,burmese,31,Extraversion,+,ရွှေ,
20,llama3.2:3b,burmese,32,Agreeableness,-,ရင်ဆ,
20,llama3.2:3b,burmese,33,Conscientiousness,+,ရှော,
20,llama3.2:3b,burmese,34,Neuroticism,+,အောက,
20,llama3.2:3b,burmese,35,Openness,+,ရှင်,
20,llama3.2:3b,burmese,36,Extraversion,-,ရေဃု,
20,llama3.2:3b,burmese,37,Agreeableness,+,လူကဲ,
20,llama3.2:3b,burmese,38,Conscientiousness,-,ရှော,
20,llama3.2:3b,burmese,39,Neuroticism,+,ရှေး,
20,llama3.2:3b,burmese,40,Openness,+,ဖော်,
20,llama3.2:3b,burmese,41,Extraversion,+,ရှော,
20,llama3.2:3b,burmese,42,Agreeableness,+,ဖော်,
20,llama3.2:3b,burmese,43,Conscientiousness,+,ရှေပ,
20,llama3.2:3b,burmese,44,Neuroticism,+,ရင်ဆ,
20,llama3.2:3b,burmese,45,Openness,+,ဇောတ,
20,llama3.2:3b,burmese,46,Extraversion,-,ရှေး,
20,llama3.2:3b,burmese,47,Agreeableness,+,ရှော,
20,llama3.2:3b,burmese,48,Conscientiousness,+,ရှင်,
20,llama3.2:3b,burmese,49,Neuroticism,+,ဖော်,
20,llama3.2:3b,burmese,50,Openness,+,ရှေး,
1,aisingapore/Llama-SEA-LION-v3.5-8B-R,english,1,Extraversion,+,3,3
1,aisingapore/Llama-SEA-LION-v3.5-8B-R,english,2,Agreeableness,-,4,4
1,aisingapore/Llama-SEA-LION-v3.5-8B-R,english,3,Conscientiousness,+,3,3
1,aisingapore/Llama-SEA-LION-v3.5-8B-R,english,4,Neuroticism,+,3,3
1,aisingapore/Llama-SEA-LION-v3.5-8B-R,english,5,Openness,+,4,4
1,aisingapore/Llama-SEA-LION-v3.5-8B-R,english,6,Extraversion,-,3,3
1,aisingapore/Llama-SEA-LION-v3.5-8B-R,english,7,Agreeableness,+,4,4
1,aisingapore/Llama-SEA-LION-v3.5-8B-R,english,8,Conscientiousness,-,3,3
1,aisingapore/Llama-SEA-LION-v3.5-8B-R,english,9,Neuroticism,-,3,3
1,aisingapore/Llama-SEA-LION-v3.5-8B-R,english,10,Openness,-,3,3
1,aisingapore/Llama-SEA-LION-v3.5-8B-R,english,11,Extraversion,+,3,3
1,aisingapore/Llama-SEA-LION-v3.5-8B-R,english,12,Agreeableness,-,2,2
1,aisingapore/Llama-SEA-LION-v3.5-8B-R,english,13,Conscientiousness,+,4,4
1,aisingapore/Llama-SEA-LION-v3.5-8B-R,english,14,Neuroticism,+,3,3
1,aisingapore/Llama-SEA-LION-v3.5-8B-R,english,15,Openness,+,5,5
1,aisingapore/Llama-SEA-LION-v3.5-8B-R,english,16,Extraversion,-,3,3
1,aisingapore/Llama-SEA-LION-v3.5-8B-R,english,17,Agreeableness,+,4,4
1,aisingapore/Llama-SEA-LION-v3.5-8B-R,english,18,Conscientiousness,-,3,3
1,aisingapore/Llama-SEA-LION-v3.5-8B-R,english,19,Neuroticism,-,3,3
1,aisingapore/Llama-SEA-LION-v3.5-8B-R,english,20,Openness,-,3,3
1,aisingapore/Llama-SEA-LION-v3.5-8B-R,english,21,Extraversion,+,3,3
1,aisingapore/Llama-SEA-LION-v3.5-8B-R,english,22,Agreeableness,-,3,3
1,aisingapore/Llama-SEA-LION-v3.5-8B-R,english,23,Conscientiousness,+,4,4
1,aisingapore/Llama-SEA-LION-v3.5-8B-R,english,24,Neuroticism,+,3,3
1,aisingapore/Llama-SEA-LION-v3.5-8B-R,english,25,Openness,+,3,3
1,aisingapore/Llama-SEA-LION-v3.5-8B-R,english,26,Extraversion,-,3,3
1,aisingapore/Llama-SEA-LION-v3.5-8B-R,english,27,Agreeableness,+,3,3
1,aisingapore/Llama-SEA-LION-v3.5-8B-R,english,28,Conscientiousness,-,3,3
1,aisingapore/Llama-SEA-LION-v3.5-8B-R,english,29,Neuroticism,+,3,3
1,aisingapore/Llama-SEA-LION-v3.5-8B-R,english,30,Openness,-,4,4
1,aisingapore/Llama-SEA-LION-v3.5-8B-R,english,31,Extraversion,+,3,3
1,aisingapore/Llama-SEA-LION-v3.5-8B-R,english,32,Agreeableness,-,3,3
1,aisingapore/Llama-SEA-LION-v3.5-8B-R,english,33,Conscientiousness,+,4,4
1,aisingapore/Llama-SEA-LION-v3.5-8B-R,english,34,Neuroticism,+,3,3
1,aisingapore/Llama-SEA-LION-v3.5-8B-R,english,35,Openness,+,4,4
1,aisingapore/Llama-SEA-LION-v3.5-8B-R,english,36,Extraversion,-,3,3
1,aisingapore/Llama-SEA-LION-v3.5-8B-R,english,37,Agreeableness,+,3,3
1,aisingapore/Llama-SEA-LION-v3.5-8B-R,english,38,Conscientiousness,-,3,3
1,aisingapore/Llama-SEA-LION-v3.5-8B-R,english,39,Neuroticism,+,3,3
1,aisingapore/Llama-SEA-LION-v3.5-8B-R,english,40,Openness,+,3,3
1,aisingapore/Llama-SEA-LION-v3.5-8B-R,english,41,Extraversion,+,3,3
1,aisingapore/Llama-SEA-LION-v3.5-8B-R,english,42,Agreeableness,+,4,4
1,aisingapore/Llama-SEA-LION-v3.5-8B-R,english,43,Conscientiousness,+,4,4
1,aisingapore/Llama-SEA-LION-v3.5-8B-R,english,44,Neuroticism,+,3,3
1,aisingapore/Llama-SEA-LION-v3.5-8B-R,english,45,Openness,+,3,3
1,aisingapore/Llama-SEA-LION-v3.5-8B-R,english,46,Extraversion,-,3,3
1,aisingapore/Llama-SEA-LION-v3.5-8B-R,english,47,Agreeableness,+,3,3
1,aisingapore/Llama-SEA-LION-v3.5-8B-R,english,48,Conscientiousness,+,4,4
1,aisingapore/Llama-SEA-LION-v3.5-8B-R,english,49,Neuroticism,+,3,3
1,aisingapore/Llama-SEA-LION-v3.5-8B-R,english,50,Openness,+,3,3
2,aisingapore/Llama-SEA-LION-v3.5-8B-R,english,1,Extraversion,+,3,3
2,aisingapore/Llama-SEA-LION-v3.5-8B-R,english,2,Agreeableness,-,2,2
2,aisingapore/Llama-SEA-LION-v3.5-8B-R,english,3,Conscientiousness,+,3,3
2,aisingapore/Llama-SEA-LION-v3.5-8B-R,english,4,Neuroticism,+,3,3
2,aisingapore/Llama-SEA-LION-v3.5-8B-R,english,5,Openness,+,3,3
2,aisingapore/Llama-SEA-LION-v3.5-8B-R,english,6,Extraversion,-,3,3
2,aisingapore/Llama-SEA-LION-v3.5-8B-R,english,7,Agreeableness,+,5,5
2,aisingapore/Llama-SEA-LION-v3.5-8B-R,english,8,Conscientiousness,-,3,3
2,aisingapore/Llama-SEA-LION-v3.5-8B-R,english,9,Neuroticism,-,3,3
2,aisingapore/Llama-SEA-LION-v3.5-8B-R,english,10,Openness,-,3,3
2,aisingapore/Llama-SEA-LION-v3.5-8B-R,english,11,Extraversion,+,4,4
2,aisingapore/Llama-SEA-LION-v3.5-8B-R,english,12,Agreeableness,-,3,3
2,aisingapore/Llama-SEA-LION-v3.5-8B-R,english,13,Conscientiousness,+,3,3
2,aisingapore/Llama-SEA-LION-v3.5-8B-R,english,14,Neuroticism,+,3,3
2,aisingapore/Llama-SEA-LION-v3.5-8B-R,english,15,Openness,+,4,4
2,aisingapore/Llama-SEA-LION-v3.5-8B-R,english,16,Extraversion,-,3,3
2,aisingapore/Llama-SEA-LION-v3.5-8B-R,english,17,Agreeableness,+,4,4
2,aisingapore/Llama-SEA-LION-v3.5-8B-R,english,18,Conscientiousness,-,3,3
2,aisingapore/Llama-SEA-LION-v3.5-8B-R,english,19,Neuroticism,-,3,3
2,aisingapore/Llama-SEA-LION-v3.5-8B-R,english,20,Openness,-,5,5
2,aisingapore/Llama-SEA-LION-v3.5-8B-R,english,21,Extraversion,+,4,4
2,aisingapore/Llama-SEA-LION-v3.5-8B-R,english,22,Agreeableness,-,3,3
2,aisingapore/Llama-SEA-LION-v3.5-8B-R,english,23,Conscientiousness,+,4,4
2,aisingapore/Llama-SEA-LION-v3.5-8B-R,english,24,Neuroticism,+,3,3
2,aisingapore/Llama-SEA-LION-v3.5-8B-R,english,25,Openness,+,4,4
2,aisingapore/Llama-SEA-LION-v3.5-8B-R,english,26,Extraversion,-,3,3
2,aisingapore/Llama-SEA-LION-v3.5-8B-R,english,27,Agreeableness,+,3,3
2,aisingapore/Llama-SEA-LION-v3.5-8B-R,english,28,Conscientiousness,-,3,3
2,aisingapore/Llama-SEA-LION-v3.5-8B-R,english,29,Neuroticism,+,3,3
2,aisingapore/Llama-SEA-LION-v3.5-8B-R,english,30,Openness,-,3,3
2,aisingapore/Llama-SEA-LION-v3.5-8B-R,english,31,Extraversion,+,3,3
2,aisingapore/Llama-SEA-LION-v3.5-8B-R,english,32,Agreeableness,-,3,3
2,aisingapore/Llama-SEA-LION-v3.5-8B-R,english,33,Conscientiousness,+,3,3
2,aisingapore/Llama-SEA-LION-v3.5-8B-R,english,34,Neuroticism,+,3,3
2,aisingapore/Llama-SEA-LION-v3.5-8B-R,english,35,Openness,+,4,4
2,aisingapore/Llama-SEA-LION-v3.5-8B-R,english,36,Extraversion,-,3,3
2,aisingapore/Llama-SEA-LION-v3.5-8B-R,english,37,Agreeableness,+,3,3
2,aisingapore/Llama-SEA-LION-v3.5-8B-R,english,38,Conscientiousness,-,3,3
2,aisingapore/Llama-SEA-LION-v3.5-8B-R,english,39,Neuroticism,+,3,3
2,aisingapore/Llama-SEA-LION-v3.5-8B-R,english,40,Openness,+,3,3
2,aisingapore/Llama-SEA-LION-v3.5-8B-R,english,41,Extraversion,+,2,2
2,aisingapore/Llama-SEA-LION-v3.5-8B-R,english,42,Agreeableness,+,2,2
2,aisingapore/Llama-SEA-LION-v3.5-8B-R,english,43,Conscientiousness,+,3,3
2,aisingapore/Llama-SEA-LION-v3.5-8B-R,english,44,Neuroticism,+,2,2
2,aisingapore/Llama-SEA-LION-v3.5-8B-R,english,45,Openness,+,4,4
2,aisingapore/Llama-SEA-LION-v3.5-8B-R,english,46,Extraversion,-,2,2
2,aisingapore/Llama-SEA-LION-v3.5-8B-R,english,47,Agreeableness,+,4,4
2,aisingapore/Llama-SEA-LION-v3.5-8B-R,english,48,Conscientiousness,+,3,3
2,aisingapore/Llama-SEA-LION-v3.5-8B-R,english,49,Neuroticism,+,3,3
2,aisingapore/Llama-SEA-LION-v3.5-8B-R,english,50,Openness,+,3,3
3,aisingapore/Llama-SEA-LION-v3.5-8B-R,english,1,Extraversion,+,4,4
3,aisingapore/Llama-SEA-LION-v3.5-8B-R,english,2,Agreeableness,-,3,3
3,aisingapore/Llama-SEA-LION-v3.5-8B-R,english,3,Conscientiousness,+,4,4
3,aisingapore/Llama-SEA-LION-v3.5-8B-R,english,4,Neuroticism,+,3,3
3,aisingapore/Llama-SEA-LION-v3.5-8B-R,english,5,Openness,+,4,4
3,aisingapore/Llama-SEA-LION-v3.5-8B-R,english,6,Extraversion,-,3,3
3,aisingapore/Llama-SEA-LION-v3.5-8B-R,english,7,Agreeableness,+,3,3
3,aisingapore/Llama-SEA-LION-v3.5-8B-R,english,8,Conscientiousness,-,2,2
3,aisingapore/Llama-SEA-LION-v3.5-8B-R,english,9,Neuroticism,-,3,3
3,aisingapore/Llama-SEA-LION-v3.5-8B-R,english,10,Openness,-,3,3
3,aisingapore/Llama-SEA-LION-v3.5-8B-R,english,11,Extraversion,+,3,3
3,aisingapore/Llama-SEA-LION-v3.5-8B-R,english,12,Agreeableness,-,1,1
3,aisingapore/Llama-SEA-LION-v3.5-8B-R,english,13,Conscientiousness,+,4,4
3,aisingapore/Llama-SEA-LION-v3.5-8B-R,english,14,Neuroticism,+,2,2
3,aisingapore/Llama-SEA-LION-v3.5-8B-R,english,15,Openness,+,3,3
3,aisingapore/Llama-SEA-LION-v3.5-8B-R,english,16,Extraversion,-,2,2
3,aisingapore/Llama-SEA-LION-v3.5-8B-R,english,17,Agreeableness,+,3,3
3,aisingapore/Llama-SEA-LION-v3.5-8B-R,english,18,Conscientiousness,-,3,3
3,aisingapore/Llama-SEA-LION-v3.5-8B-R,english,19,Neuroticism,-,3,3
3,aisingapore/Llama-SEA-LION-v3.5-8B-R,english,20,Openness,-,2,2
3,aisingapore/Llama-SEA-LION-v3.5-8B-R,english,21,Extraversion,+,3,3
3,aisingapore/Llama-SEA-LION-v3.5-8B-R,english,22,Agreeableness,-,2,2
3,aisingapore/Llama-SEA-LION-v3.5-8B-R,english,23,Conscientiousness,+,3,3
3,aisingapore/Llama-SEA-LION-v3.5-8B-R,english,24,Neuroticism,+,3,3
3,aisingapore/Llama-SEA-LION-v3.5-8B-R,english,25,Openness,+,3,3
3,aisingapore/Llama-SEA-LION-v3.5-8B-R,english,26,Extraversion,-,3,3
3,aisingapore/Llama-SEA-LION-v3.5-8B-R,english,27,Agreeableness,+,3,3
3,aisingapore/Llama-SEA-LION-v3.5-8B-R,english,28,Conscientiousness,-,2,2
3,aisingapore/Llama-SEA-LION-v3.5-8B-R,english,29,Neuroticism,+,3,3
3,aisingapore/Llama-SEA-LION-v3.5-8B-R,english,30,Openness,-,3,3
3,aisingapore/Llama-SEA-LION-v3.5-8B-R,english,31,Extraversion,+,3,3
3,aisingapore/Llama-SEA-LION-v3.5-8B-R,english,32,Agreeableness,-,3,3
3,aisingapore/Llama-SEA-LION-v3.5-8B-R,english,33,Conscientiousness,+,3,3
3,aisingapore/Llama-SEA-LION-v3.5-8B-R,english,34,Neuroticism,+,3,3
3,aisingapore/Llama-SEA-LION-v3.5-8B-R,english,35,Openness,+,3,3
3,aisingapore/Llama-SEA-LION-v3.5-8B-R,english,36,Extraversion,-,3,3
3,aisingapore/Llama-SEA-LION-v3.5-8B-R,english,37,Agreeableness,+,3,3
3,aisingapore/Llama-SEA-LION-v3.5-8B-R,english,38,Conscientiousness,-,3,3
3,aisingapore/Llama-SEA-LION-v3.5-8B-R,english,39,Neuroticism,+,3,3
3,aisingapore/Llama-SEA-LION-v3.5-8B-R,english,40,Openness,+,3,3
3,aisingapore/Llama-SEA-LION-v3.5-8B-R,english,41,Extraversion,+,3,3
3,aisingapore/Llama-SEA-LION-v3.5-8B-R,english,42,Agreeableness,+,4,4
3,aisingapore/Llama-SEA-LION-v3.5-8B-R,english,43,Conscientiousness,+,4,4
3,aisingapore/Llama-SEA-LION-v3.5-8B-R,english,44,Neuroticism,+,3,3
3,aisingapore/Llama-SEA-LION-v3.5-8B-R,english,45,Openness,+,3,3
3,aisingapore/Llama-SEA-LION-v3.5-8B-R,english,46,Extraversion,-,3,3
3,aisingapore/Llama-SEA-LION-v3.5-8B-R,english,47,Agreeableness,+,4,4
3,aisingapore/Llama-SEA-LION-v3.5-8B-R,english,48,Conscientiousness,+,3,3
3,aisingapore/Llama-SEA-LION-v3.5-8B-R,english,49,Neuroticism,+,3,3
3,aisingapore/Llama-SEA-LION-v3.5-8B-R,english,50,Openness,+,3,3
4,aisingapore/Llama-SEA-LION-v3.5-8B-R,english,1,Extraversion,+,3,3
4,aisingapore/Llama-SEA-LION-v3.5-8B-R,english,2,Agreeableness,-,3,3
4,aisingapore/Llama-SEA-LION-v3.5-8B-R,english,3,Conscientiousness,+,3,3
4,aisingapore/Llama-SEA-LION-v3.5-8B-R,english,4,Neuroticism,+,3,3
4,aisingapore/Llama-SEA-LION-v3.5-8B-R,english,5,Openness,+,4,4
4,aisingapore/Llama-SEA-LION-v3.5-8B-R,english,6,Extraversion,-,3,3
4,aisingapore/Llama-SEA-LION-v3.5-8B-R,english,7,Agreeableness,+,3,3
4,aisingapore/Llama-SEA-LION-v3.5-8B-R,english,8,Conscientiousness,-,3,3
4,aisingapore/Llama-SEA-LION-v3.5-8B-R,english,9,Neuroticism,-,3,3
4,aisingapore/Llama-SEA-LION-v3.5-8B-R,english,10,Openness,-,4,4
4,aisingapore/Llama-SEA-LION-v3.5-8B-R,english,11,Extraversion,+,3,3
4,aisingapore/Llama-SEA-LION-v3.5-8B-R,english,12,Agreeableness,-,3,3
4,aisingapore/Llama-SEA-LION-v3.5-8B-R,english,13,Conscientiousness,+,3,3
4,aisingapore/Llama-SEA-LION-v3.5-8B-R,english,14,Neuroticism,+,3,3
4,aisingapore/Llama-SEA-LION-v3.5-8B-R,english,15,Openness,+,3,3
4,aisingapore/Llama-SEA-LION-v3.5-8B-R,english,16,Extraversion,-,2,2
4,aisingapore/Llama-SEA-LION-v3.5-8B-R,english,17,Agreeableness,+,4,4
4,aisingapore/Llama-SEA-LION-v3.5-8B-R,english,18,Conscientiousness,-,3,3
4,aisingapore/Llama-SEA-LION-v3.5-8B-R,english,19,Neuroticism,-,2,2
4,aisingapore/Llama-SEA-LION-v3.5-8B-R,english,20,Openness,-,3,3
4,aisingapore/Llama-SEA-LION-v3.5-8B-R,english,21,Extraversion,+,4,4
4,aisingapore/Llama-SEA-LION-v3.5-8B-R,english,22,Agreeableness,-,3,3
4,aisingapore/Llama-SEA-LION-v3.5-8B-R,english,23,Conscientiousness,+,3,3
4,aisingapore/Llama-SEA-LION-v3.5-8B-R,english,24,Neuroticism,+,3,3
4,aisingapore/Llama-SEA-LION-v3.5-8B-R,english,25,Openness,+,3,3
4,aisingapore/Llama-SEA-LION-v3.5-8B-R,english,26,Extraversion,-,3,3
4,aisingapore/Llama-SEA-LION-v3.5-8B-R,english,27,Agreeableness,+,3,3
4,aisingapore/Llama-SEA-LION-v3.5-8B-R,english,28,Conscientiousness,-,4,4
4,aisingapore/Llama-SEA-LION-v3.5-8B-R,english,29,Neuroticism,+,2,2
4,aisingapore/Llama-SEA-LION-v3.5-8B-R,english,30,Openness,-,3,3
4,aisingapore/Llama-SEA-LION-v3.5-8B-R,english,31,Extraversion,+,3,3
4,aisingapore/Llama-SEA-LION-v3.5-8B-R,english,32,Agreeableness,-,3,3
4,aisingapore/Llama-SEA-LION-v3.5-8B-R,english,33,Conscientiousness,+,4,4
4,aisingapore/Llama-SEA-LION-v3.5-8B-R,english,34,Neuroticism,+,4,4
4,aisingapore/Llama-SEA-LION-v3.5-8B-R,english,35,Openness,+,3,3
4,aisingapore/Llama-SEA-LION-v3.5-8B-R,english,36,Extraversion,-,3,3
4,aisingapore/Llama-SEA-LION-v3.5-8B-R,english,37,Agreeableness,+,3,3
4,aisingapore/Llama-SEA-LION-v3.5-8B-R,english,38,Conscientiousness,-,3,3
4,aisingapore/Llama-SEA-LION-v3.5-8B-R,english,39,Neuroticism,+,3,3
4,aisingapore/Llama-SEA-LION-v3.5-8B-R,english,40,Openness,+,3,3
4,aisingapore/Llama-SEA-LION-v3.5-8B-R,english,41,Extraversion,+,3,3
4,aisingapore/Llama-SEA-LION-v3.5-8B-R,english,42,Agreeableness,+,3,3
4,aisingapore/Llama-SEA-LION-v3.5-8B-R,english,43,Conscientiousness,+,3,3
4,aisingapore/Llama-SEA-LION-v3.5-8B-R,english,44,Neuroticism,+,2,2
4,aisingapore/Llama-SEA-LION-v3.5-8B-R,english,45,Openness,+,3,3
4,aisingapore/Llama-SEA-LION-v3.5-8B-R,english,46,Extraversion,-,4,4
4,aisingapore/Llama-SEA-LION-v3.5-8B-R,english,47,Agreeableness,+,3,3
4,aisingapore/Llama-SEA-LION-v3.5-8B-R,english,48,Conscientiousness,+,3,3
4,aisingapore/Llama-SEA-LION-v3.5-8B-R,english,49,Neuroticism,+,3,3
4,aisingapore/Llama-SEA-LION-v3.5-8B-R,english,50,Openness,+,4,4
5,aisingapore/Llama-SEA-LION-v3.5-8B-R,english,1,Extraversion,+,4,4
5,aisingapore/Llama-SEA-LION-v3.5-8B-R,english,2,Agreeableness,-,2,2
5,aisingapore/Llama-SEA-LION-v3.5-8B-R,english,3,Conscientiousness,+,3,3
5,aisingapore/Llama-SEA-LION-v3.5-8B-R,english,4,Neuroticism,+,3,3
5,aisingapore/Llama-SEA-LION-v3.5-8B-R,english,5,Openness,+,4,4
5,aisingapore/Llama-SEA-LION-v3.5-8B-R,english,6,Extraversion,-,2,2
5,aisingapore/Llama-SEA-LION-v3.5-8B-R,english,7,Agreeableness,+,4,4
5,aisingapore/Llama-SEA-LION-v3.5-8B-R,english,8,Conscientiousness,-,3,3
5,aisingapore/Llama-SEA-LION-v3.5-8B-R,english,9,Neuroticism,-,3,3
5,aisingapore/Llama-SEA-LION-v3.5-8B-R,english,10,Openness,-,3,3
5,aisingapore/Llama-SEA-LION-v3.5-8B-R,english,11,Extraversion,+,3,3
5,aisingapore/Llama-SEA-LION-v3.5-8B-R,english,12,Agreeableness,-,3,3
5,aisingapore/Llama-SEA-LION-v3.5-8B-R,english,13,Conscientiousness,+,4,4
5,aisingapore/Llama-SEA-LION-v3.5-8B-R,english,14,Neuroticism,+,3,3
5,aisingapore/Llama-SEA-LION-v3.5-8B-R,english,15,Openness,+,3,3
5,aisingapore/Llama-SEA-LION-v3.5-8B-R,english,16,Extraversion,-,3,3
5,aisingapore/Llama-SEA-LION-v3.5-8B-R,english,17,Agreeableness,+,3,3
5,aisingapore/Llama-SEA-LION-v3.5-8B-R,english,18,Conscientiousness,-,3,3
5,aisingapore/Llama-SEA-LION-v3.5-8B-R,english,19,Neuroticism,-,4,4
5,aisingapore/Llama-SEA-LION-v3.5-8B-R,english,20,Openness,-,2,2
5,aisingapore/Llama-SEA-LION-v3.5-8B-R,english,21,Extraversion,+,3,3
5,aisingapore/Llama-SEA-LION-v3.5-8B-R,english,22,Agreeableness,-,3,3
5,aisingapore/Llama-SEA-LION-v3.5-8B-R,english,23,Conscientiousness,+,4,4
5,aisingapore/Llama-SEA-LION-v3.5-8B-R,english,24,Neuroticism,+,3,3
5,aisingapore/Llama-SEA-LION-v3.5-8B-R,english,25,Openness,+,3,3
5,aisingapore/Llama-SEA-LION-v3.5-8B-R,english,26,Extraversion,-,3,3
5,aisingapore/Llama-SEA-LION-v3.5-8B-R,english,27,Agreeableness,+,3,3
5,aisingapore/Llama-SEA-LION-v3.5-8B-R,english,28,Conscientiousness,-,3,3
5,aisingapore/Llama-SEA-LION-v3.5-8B-R,english,29,Neuroticism,+,3,3
5,aisingapore/Llama-SEA-LION-v3.5-8B-R,english,30,Openness,-,3,3
5,aisingapore/Llama-SEA-LION-v3.5-8B-R,english,31,Extraversion,+,3,3
5,aisingapore/Llama-SEA-LION-v3.5-8B-R,english,32,Agreeableness,-,3,3
5,aisingapore/Llama-SEA-LION-v3.5-8B-R,english,33,Conscientiousness,+,3,3
5,aisingapore/Llama-SEA-LION-v3.5-8B-R,english,34,Neuroticism,+,3,3
5,aisingapore/Llama-SEA-LION-v3.5-8B-R,english,35,Openness,+,4,4
5,aisingapore/Llama-SEA-LION-v3.5-8B-R,english,36,Extraversion,-,3,3
5,aisingapore/Llama-SEA-LION-v3.5-8B-R,english,37,Agreeableness,+,5,5
5,aisingapore/Llama-SEA-LION-v3.5-8B-R,english,38,Conscientiousness,-,3,3
5,aisingapore/Llama-SEA-LION-v3.5-8B-R,english,39,Neuroticism,+,3,3
5,aisingapore/Llama-SEA-LION-v3.5-8B-R,english,40,Openness,+,3,3
5,aisingapore/Llama-SEA-LION-v3.5-8B-R,english,41,Extraversion,+,3,3
5,aisingapore/Llama-SEA-LION-v3.5-8B-R,english,42,Agreeableness,+,3,3
5,aisingapore/Llama-SEA-LION-v3.5-8B-R,english,43,Conscientiousness,+,4,4
5,aisingapore/Llama-SEA-LION-v3.5-8B-R,english,44,Neuroticism,+,3,3
5,aisingapore/Llama-SEA-LION-v3.5-8B-R,english,45,Openness,+,3,3
5,aisingapore/Llama-SEA-LION-v3.5-8B-R,english,46,Extraversion,-,3,3
5,aisingapore/Llama-SEA-LION-v3.5-8B-R,english,47,Agreeableness,+,4,4
5,aisingapore/Llama-SEA-LION-v3.5-8B-R,english,48,Conscientiousness,+,4,4
5,aisingapore/Llama-SEA-LION-v3.5-8B-R,english,49,Neuroticism,+,3,3
5,aisingapore/Llama-SEA-LION-v3.5-8B-R,english,50,Openness,+,3,3
6,aisingapore/Llama-SEA-LION-v3.5-8B-R,english,1,Extraversion,+,3,3
6,aisingapore/Llama-SEA-LION-v3.5-8B-R,english,2,Agreeableness,-,2,2
6,aisingapore/Llama-SEA-LION-v3.5-8B-R,english,3,Conscientiousness,+,3,3
6,aisingapore/Llama-SEA-LION-v3.5-8B-R,english,4,Neuroticism,+,3,3
6,aisingapore/Llama-SEA-LION-v3.5-8B-R,english,5,Openness,+,3,3
6,aisingapore/Llama-SEA-LION-v3.5-8B-R,english,6,Extraversion,-,3,3
6,aisingapore/Llama-SEA-LION-v3.5-8B-R,english,7,Agreeableness,+,4,4
6,aisingapore/Llama-SEA-LION-v3.5-8B-R,english,8,Conscientiousness,-,2,2
6,aisingapore/Llama-SEA-LION-v3.5-8B-R,english,9,Neuroticism,-,3,3
6,aisingapore/Llama-SEA-LION-v3.5-8B-R,english,10,Openness,-,3,3
6,aisingapore/Llama-SEA-LION-v3.5-8B-R,english,11,Extraversion,+,3,3
6,aisingapore/Llama-SEA-LION-v3.5-8B-R,english,12,Agreeableness,-,3,3
6,aisingapore/Llama-SEA-LION-v3.5-8B-R,english,13,Conscientiousness,+,3,3
6,aisingapore/Llama-SEA-LION-v3.5-8B-R,english,14,Neuroticism,+,2,2
6,aisingapore/Llama-SEA-LION-v3.5-8B-R,english,15,Openness,+,3,3
6,aisingapore/Llama-SEA-LION-v3.5-8B-R,english,16,Extraversion,-,3,3
6,aisingapore/Llama-SEA-LION-v3.5-8B-R,english,17,Agreeableness,+,5,5
6,aisingapore/Llama-SEA-LION-v3.5-8B-R,english,18,Conscientiousness,-,3,3
6,aisingapore/Llama-SEA-LION-v3.5-8B-R,english,19,Neuroticism,-,2,2
6,aisingapore/Llama-SEA-LION-v3.5-8B-R,english,20,Openness,-,3,3
6,aisingapore/Llama-SEA-LION-v3.5-8B-R,english,21,Extraversion,+,4,4
6,aisingapore/Llama-SEA-LION-v3.5-8B-R,english,22,Agreeableness,-,3,3
6,aisingapore/Llama-SEA-LION-v3.5-8B-R,english,23,Conscientiousness,+,4,4
6,aisingapore/Llama-SEA-LION-v3.5-8B-R,english,24,Neuroticism,+,3,3
6,aisingapore/Llama-SEA-LION-v3.5-8B-R,english,25,Openness,+,4,4
6,aisingapore/Llama-SEA-LION-v3.5-8B-R,english,26,Extraversion,-,3,3
6,aisingapore/Llama-SEA-LION-v3.5-8B-R,english,27,Agreeableness,+,3,3
6,aisingapore/Llama-SEA-LION-v3.5-8B-R,english,28,Conscientiousness,-,4,4
6,aisingapore/Llama-SEA-LION-v3.5-8B-R,english,29,Neuroticism,+,3,3
6,aisingapore/Llama-SEA-LION-v3.5-8B-R,english,30,Openness,-,3,3
6,aisingapore/Llama-SEA-LION-v3.5-8B-R,english,31,Extraversion,+,3,3
6,aisingapore/Llama-SEA-LION-v3.5-8B-R,english,32,Agreeableness,-,3,3
6,aisingapore/Llama-SEA-LION-v3.5-8B-R,english,33,Conscientiousness,+,4,4
6,aisingapore/Llama-SEA-LION-v3.5-8B-R,english,34,Neuroticism,+,3,3
6,aisingapore/Llama-SEA-LION-v3.5-8B-R,english,35,Openness,+,3,3
6,aisingapore/Llama-SEA-LION-v3.5-8B-R,english,36,Extraversion,-,3,3
6,aisingapore/Llama-SEA-LION-v3.5-8B-R,english,37,Agreeableness,+,3,3
6,aisingapore/Llama-SEA-LION-v3.5-8B-R,english,38,Conscientiousness,-,3,3
6,aisingapore/Llama-SEA-LION-v3.5-8B-R,english,39,Neuroticism,+,3,3
6,aisingapore/Llama-SEA-LION-v3.5-8B-R,english,40,Openness,+,3,3
6,aisingapore/Llama-SEA-LION-v3.5-8B-R,english,41,Extraversion,+,3,3
6,aisingapore/Llama-SEA-LION-v3.5-8B-R,english,42,Agreeableness,+,3,3
6,aisingapore/Llama-SEA-LION-v3.5-8B-R,english,43,Conscientiousness,+,2,2
6,aisingapore/Llama-SEA-LION-v3.5-8B-R,english,44,Neuroticism,+,3,3
6,aisingapore/Llama-SEA-LION-v3.5-8B-R,english,45,Openness,+,3,3
6,aisingapore/Llama-SEA-LION-v3.5-8B-R,english,46,Extraversion,-,3,3
6,aisingapore/Llama-SEA-LION-v3.5-8B-R,english,47,Agreeableness,+,3,3
6,aisingapore/Llama-SEA-LION-v3.5-8B-R,english,48,Conscientiousness,+,3,3
6,aisingapore/Llama-SEA-LION-v3.5-8B-R,english,49,Neuroticism,+,3,3
6,aisingapore/Llama-SEA-LION-v3.5-8B-R,english,50,Openness,+,4,4
7,aisingapore/Llama-SEA-LION-v3.5-8B-R,english,1,Extraversion,+,3,3
7,aisingapore/Llama-SEA-LION-v3.5-8B-R,english,2,Agreeableness,-,3,3
7,aisingapore/Llama-SEA-LION-v3.5-8B-R,english,3,Conscientiousness,+,3,3
7,aisingapore/Llama-SEA-LION-v3.5-8B-R,english,4,Neuroticism,+,3,3
7,aisingapore/Llama-SEA-LION-v3.5-8B-R,english,5,Openness,+,4,4
7,aisingapore/Llama-SEA-LION-v3.5-8B-R,english,6,Extraversion,-,3,3
7,aisingapore/Llama-SEA-LION-v3.5-8B-R,english,7,Agreeableness,+,5,5
7,aisingapore/Llama-SEA-LION-v3.5-8B-R,english,8,Conscientiousness,-,3,3
7,aisingapore/Llama-SEA-LION-v3.5-8B-R,english,9,Neuroticism,-,3,3
7,aisingapore/Llama-SEA-LION-v3.5-8B-R,english,10,Openness,-,2,2
7,aisingapore/Llama-SEA-LION-v3.5-8B-R,english,11,Extraversion,+,3,3
7,aisingapore/Llama-SEA-LION-v3.5-8B-R,english,12,Agreeableness,-,3,3
7,aisingapore/Llama-SEA-LION-v3.5-8B-R,english,13,Conscientiousness,+,3,3
7,aisingapore/Llama-SEA-LION-v3.5-8B-R,english,14,Neuroticism,+,3,3
7,aisingapore/Llama-SEA-LION-v3.5-8B-R,english,15,Openness,+,3,3
7,aisingapore/Llama-SEA-LION-v3.5-8B-R,english,16,Extraversion,-,3,3
7,aisingapore/Llama-SEA-LION-v3.5-8B-R,english,17,Agreeableness,+,4,4
7,aisingapore/Llama-SEA-LION-v3.5-8B-R,english,18,Conscientiousness,-,3,3
7,aisingapore/Llama-SEA-LION-v3.5-8B-R,english,19,Neuroticism,-,3,3
7,aisingapore/Llama-SEA-LION-v3.5-8B-R,english,20,Openness,-,3,3
7,aisingapore/Llama-SEA-LION-v3.5-8B-R,english,21,Extraversion,+,3,3
7,aisingapore/Llama-SEA-LION-v3.5-8B-R,english,22,Agreeableness,-,3,3
7,aisingapore/Llama-SEA-LION-v3.5-8B-R,english,23,Conscientiousness,+,3,3
7,aisingapore/Llama-SEA-LION-v3.5-8B-R,english,24,Neuroticism,+,3,3
7,aisingapore/Llama-SEA-LION-v3.5-8B-R,english,25,Openness,+,3,3
7,aisingapore/Llama-SEA-LION-v3.5-8B-R,english,26,Extraversion,-,3,3
7,aisingapore/Llama-SEA-LION-v3.5-8B-R,english,27,Agreeableness,+,3,3
7,aisingapore/Llama-SEA-LION-v3.5-8B-R,english,28,Conscientiousness,-,3,3
7,aisingapore/Llama-SEA-LION-v3.5-8B-R,english,29,Neuroticism,+,3,3
7,aisingapore/Llama-SEA-LION-v3.5-8B-R,english,30,Openness,-,3,3
7,aisingapore/Llama-SEA-LION-v3.5-8B-R,english,31,Extraversion,+,3,3
7,aisingapore/Llama-SEA-LION-v3.5-8B-R,english,32,Agreeableness,-,2,2
7,aisingapore/Llama-SEA-LION-v3.5-8B-R,english,33,Conscientiousness,+,4,4
7,aisingapore/Llama-SEA-LION-v3.5-8B-R,english,34,Neuroticism,+,3,3
7,aisingapore/Llama-SEA-LION-v3.5-8B-R,english,35,Openness,+,4,4
7,aisingapore/Llama-SEA-LION-v3.5-8B-R,english,36,Extraversion,-,2,2
7,aisingapore/Llama-SEA-LION-v3.5-8B-R,english,37,Agreeableness,+,4,4
7,aisingapore/Llama-SEA-LION-v3.5-8B-R,english,38,Conscientiousness,-,3,3
7,aisingapore/Llama-SEA-LION-v3.5-8B-R,english,39,Neuroticism,+,4,4
7,aisingapore/Llama-SEA-LION-v3.5-8B-R,english,40,Openness,+,3,3
7,aisingapore/Llama-SEA-LION-v3.5-8B-R,english,41,Extraversion,+,4,4
7,aisingapore/Llama-SEA-LION-v3.5-8B-R,english,42,Agreeableness,+,3,3
7,aisingapore/Llama-SEA-LION-v3.5-8B-R,english,43,Conscientiousness,+,3,3
7,aisingapore/Llama-SEA-LION-v3.5-8B-R,english,44,Neuroticism,+,3,3
7,aisingapore/Llama-SEA-LION-v3.5-8B-R,english,45,Openness,+,4,4
7,aisingapore/Llama-SEA-LION-v3.5-8B-R,english,46,Extraversion,-,3,3
7,aisingapore/Llama-SEA-LION-v3.5-8B-R,english,47,Agreeableness,+,4,4
7,aisingapore/Llama-SEA-LION-v3.5-8B-R,english,48,Conscientiousness,+,3,3
7,aisingapore/Llama-SEA-LION-v3.5-8B-R,english,49,Neuroticism,+,3,3
7,aisingapore/Llama-SEA-LION-v3.5-8B-R,english,50,Openness,+,4,4
8,aisingapore/Llama-SEA-LION-v3.5-8B-R,english,1,Extraversion,+,3,3
8,aisingapore/Llama-SEA-LION-v3.5-8B-R,english,2,Agreeableness,-,3,3
8,aisingapore/Llama-SEA-LION-v3.5-8B-R,english,3,Conscientiousness,+,3,3
8,aisingapore/Llama-SEA-LION-v3.5-8B-R,english,4,Neuroticism,+,3,3
8,aisingapore/Llama-SEA-LION-v3.5-8B-R,english,5,Openness,+,4,4
8,aisingapore/Llama-SEA-LION-v3.5-8B-R,english,6,Extraversion,-,3,3
8,aisingapore/Llama-SEA-LION-v3.5-8B-R,english,7,Agreeableness,+,3,3
8,aisingapore/Llama-SEA-LION-v3.5-8B-R,english,8,Conscientiousness,-,3,3
8,aisingapore/Llama-SEA-LION-v3.5-8B-R,english,9,Neuroticism,-,3,3
8,aisingapore/Llama-SEA-LION-v3.5-8B-R,english,10,Openness,-,3,3
8,aisingapore/Llama-SEA-LION-v3.5-8B-R,english,11,Extraversion,+,4,4
8,aisingapore/Llama-SEA-LION-v3.5-8B-R,english,12,Agreeableness,-,1,1
8,aisingapore/Llama-SEA-LION-v3.5-8B-R,english,13,Conscientiousness,+,3,3
8,aisingapore/Llama-SEA-LION-v3.5-8B-R,english,14,Neuroticism,+,4,4
8,aisingapore/Llama-SEA-LION-v3.5-8B-R,english,15,Openness,+,4,4
8,aisingapore/Llama-SEA-LION-v3.5-8B-R,english,16,Extraversion,-,3,3
8,aisingapore/Llama-SEA-LION-v3.5-8B-R,english,17,Agreeableness,+,3,3
8,aisingapore/Llama-SEA-LION-v3.5-8B-R,english,18,Conscientiousness,-,3,3
8,aisingapore/Llama-SEA-LION-v3.5-8B-R,english,19,Neuroticism,-,4,4
8,aisingapore/Llama-SEA-LION-v3.5-8B-R,english,20,Openness,-,3,3
8,aisingapore/Llama-SEA-LION-v3.5-8B-R,english,21,Extraversion,+,4,4
8,aisingapore/Llama-SEA-LION-v3.5-8B-R,english,22,Agreeableness,-,3,3
8,aisingapore/Llama-SEA-LION-v3.5-8B-R,english,23,Conscientiousness,+,3,3
8,aisingapore/Llama-SEA-LION-v3.5-8B-R,english,24,Neuroticism,+,3,3
8,aisingapore/Llama-SEA-LION-v3.5-8B-R,english,25,Openness,+,4,4
8,aisingapore/Llama-SEA-LION-v3.5-8B-R,english,26,Extraversion,-,3,3
8,aisingapore/Llama-SEA-LION-v3.5-8B-R,english,27,Agreeableness,+,3,3
8,aisingapore/Llama-SEA-LION-v3.5-8B-R,english,28,Conscientiousness,-,3,3
8,aisingapore/Llama-SEA-LION-v3.5-8B-R,english,29,Neuroticism,+,3,3
8,aisingapore/Llama-SEA-LION-v3.5-8B-R,english,30,Openness,-,3,3
8,aisingapore/Llama-SEA-LION-v3.5-8B-R,english,31,Extraversion,+,3,3
8,aisingapore/Llama-SEA-LION-v3.5-8B-R,english,32,Agreeableness,-,2,2
8,aisingapore/Llama-SEA-LION-v3.5-8B-R,english,33,Conscientiousness,+,3,3
8,aisingapore/Llama-SEA-LION-v3.5-8B-R,english,34,Neuroticism,+,3,3
8,aisingapore/Llama-SEA-LION-v3.5-8B-R,english,35,Openness,+,3,3
8,aisingapore/Llama-SEA-LION-v3.5-8B-R,english,36,Extraversion,-,3,3
8,aisingapore/Llama-SEA-LION-v3.5-8B-R,english,37,Agreeableness,+,3,3
8,aisingapore/Llama-SEA-LION-v3.5-8B-R,english,38,Conscientiousness,-,3,3
8,aisingapore/Llama-SEA-LION-v3.5-8B-R,english,39,Neuroticism,+,2,2
8,aisingapore/Llama-SEA-LION-v3.5-8B-R,english,40,Openness,+,2,2
8,aisingapore/Llama-SEA-LION-v3.5-8B-R,english,41,Extraversion,+,3,3
8,aisingapore/Llama-SEA-LION-v3.5-8B-R,english,42,Agreeableness,+,3,3
8,aisingapore/Llama-SEA-LION-v3.5-8B-R,english,43,Conscientiousness,+,3,3
8,aisingapore/Llama-SEA-LION-v3.5-8B-R,english,44,Neuroticism,+,3,3
8,aisingapore/Llama-SEA-LION-v3.5-8B-R,english,45,Openness,+,5,5
8,aisingapore/Llama-SEA-LION-v3.5-8B-R,english,46,Extraversion,-,3,3
8,aisingapore/Llama-SEA-LION-v3.5-8B-R,english,47,Agreeableness,+,5,5
8,aisingapore/Llama-SEA-LION-v3.5-8B-R,english,48,Conscientiousness,+,3,3
8,aisingapore/Llama-SEA-LION-v3.5-8B-R,english,49,Neuroticism,+,3,3
8,aisingapore/Llama-SEA-LION-v3.5-8B-R,english,50,Openness,+,4,4
9,aisingapore/Llama-SEA-LION-v3.5-8B-R,english,1,Extraversion,+,3,3
9,aisingapore/Llama-SEA-LION-v3.5-8B-R,english,2,Agreeableness,-,3,3
9,aisingapore/Llama-SEA-LION-v3.5-8B-R,english,3,Conscientiousness,+,3,3
9,aisingapore/Llama-SEA-LION-v3.5-8B-R,english,4,Neuroticism,+,3,3
9,aisingapore/Llama-SEA-LION-v3.5-8B-R,english,5,Openness,+,3,3
9,aisingapore/Llama-SEA-LION-v3.5-8B-R,english,6,Extraversion,-,2,2
9,aisingapore/Llama-SEA-LION-v3.5-8B-R,english,7,Agreeableness,+,4,4
9,aisingapore/Llama-SEA-LION-v3.5-8B-R,english,8,Conscientiousness,-,2,2
9,aisingapore/Llama-SEA-LION-v3.5-8B-R,english,9,Neuroticism,-,3,3
9,aisingapore/Llama-SEA-LION-v3.5-8B-R,english,10,Openness,-,3,3
9,aisingapore/Llama-SEA-LION-v3.5-8B-R,english,11,Extraversion,+,3,3
9,aisingapore/Llama-SEA-LION-v3.5-8B-R,english,12,Agreeableness,-,3,3
9,aisingapore/Llama-SEA-LION-v3.5-8B-R,english,13,Conscientiousness,+,3,3
9,aisingapore/Llama-SEA-LION-v3.5-8B-R,english,14,Neuroticism,+,3,3
9,aisingapore/Llama-SEA-LION-v3.5-8B-R,english,15,Openness,+,5,5
9,aisingapore/Llama-SEA-LION-v3.5-8B-R,english,16,Extraversion,-,3,3
9,aisingapore/Llama-SEA-LION-v3.5-8B-R,english,17,Agreeableness,+,3,3
9,aisingapore/Llama-SEA-LION-v3.5-8B-R,english,18,Conscientiousness,-,3,3
9,aisingapore/Llama-SEA-LION-v3.5-8B-R,english,19,Neuroticism,-,3,3
9,aisingapore/Llama-SEA-LION-v3.5-8B-R,english,20,Openness,-,3,3
9,aisingapore/Llama-SEA-LION-v3.5-8B-R,english,21,Extraversion,+,3,3
9,aisingapore/Llama-SEA-LION-v3.5-8B-R,english,22,Agreeableness,-,3,3
9,aisingapore/Llama-SEA-LION-v3.5-8B-R,english,23,Conscientiousness,+,3,3
9,aisingapore/Llama-SEA-LION-v3.5-8B-R,english,24,Neuroticism,+,2,2
9,aisingapore/Llama-SEA-LION-v3.5-8B-R,english,25,Openness,+,3,3
9,aisingapore/Llama-SEA-LION-v3.5-8B-R,english,26,Extraversion,-,3,3
9,aisingapore/Llama-SEA-LION-v3.5-8B-R,english,27,Agreeableness,+,3,3
9,aisingapore/Llama-SEA-LION-v3.5-8B-R,english,28,Conscientiousness,-,3,3
9,aisingapore/Llama-SEA-LION-v3.5-8B-R,english,29,Neuroticism,+,3,3
9,aisingapore/Llama-SEA-LION-v3.5-8B-R,english,30,Openness,-,3,3
9,aisingapore/Llama-SEA-LION-v3.5-8B-R,english,31,Extraversion,+,3,3
9,aisingapore/Llama-SEA-LION-v3.5-8B-R,english,32,Agreeableness,-,3,3
9,aisingapore/Llama-SEA-LION-v3.5-8B-R,english,33,Conscientiousness,+,3,3
9,aisingapore/Llama-SEA-LION-v3.5-8B-R,english,34,Neuroticism,+,3,3
9,aisingapore/Llama-SEA-LION-v3.5-8B-R,english,35,Openness,+,3,3
9,aisingapore/Llama-SEA-LION-v3.5-8B-R,english,36,Extraversion,-,2,2
9,aisingapore/Llama-SEA-LION-v3.5-8B-R,english,37,Agreeableness,+,3,3
9,aisingapore/Llama-SEA-LION-v3.5-8B-R,english,38,Conscientiousness,-,3,3
9,aisingapore/Llama-SEA-LION-v3.5-8B-R,english,39,Neuroticism,+,3,3
9,aisingapore/Llama-SEA-LION-v3.5-8B-R,english,40,Openness,+,3,3
9,aisingapore/Llama-SEA-LION-v3.5-8B-R,english,41,Extraversion,+,3,3
9,aisingapore/Llama-SEA-LION-v3.5-8B-R,english,42,Agreeableness,+,3,3
9,aisingapore/Llama-SEA-LION-v3.5-8B-R,english,43,Conscientiousness,+,3,3
9,aisingapore/Llama-SEA-LION-v3.5-8B-R,english,44,Neuroticism,+,3,3
9,aisingapore/Llama-SEA-LION-v3.5-8B-R,english,45,Openness,+,3,3
9,aisingapore/Llama-SEA-LION-v3.5-8B-R,english,46,Extraversion,-,4,4
9,aisingapore/Llama-SEA-LION-v3.5-8B-R,english,47,Agreeableness,+,4,4
9,aisingapore/Llama-SEA-LION-v3.5-8B-R,english,48,Conscientiousness,+,3,3
9,aisingapore/Llama-SEA-LION-v3.5-8B-R,english,49,Neuroticism,+,3,3
9,aisingapore/Llama-SEA-LION-v3.5-8B-R,english,50,Openness,+,4,4
10,aisingapore/Llama-SEA-LION-v3.5-8B-R,english,1,Extraversion,+,3,3
10,aisingapore/Llama-SEA-LION-v3.5-8B-R,english,2,Agreeableness,-,3,3
10,aisingapore/Llama-SEA-LION-v3.5-8B-R,english,3,Conscientiousness,+,3,3
10,aisingapore/Llama-SEA-LION-v3.5-8B-R,english,4,Neuroticism,+,4,4
10,aisingapore/Llama-SEA-LION-v3.5-8B-R,english,5,Openness,+,3,3
10,aisingapore/Llama-SEA-LION-v3.5-8B-R,english,6,Extraversion,-,3,3
10,aisingapore/Llama-SEA-LION-v3.5-8B-R,english,7,Agreeableness,+,4,4
10,aisingapore/Llama-SEA-LION-v3.5-8B-R,english,8,Conscientiousness,-,3,3
10,aisingapore/Llama-SEA-LION-v3.5-8B-R,english,9,Neuroticism,-,3,3
10,aisingapore/Llama-SEA-LION-v3.5-8B-R,english,10,Openness,-,3,3
10,aisingapore/Llama-SEA-LION-v3.5-8B-R,english,11,Extraversion,+,3,3
10,aisingapore/Llama-SEA-LION-v3.5-8B-R,english,12,Agreeableness,-,3,3
10,aisingapore/Llama-SEA-LION-v3.5-8B-R,english,13,Conscientiousness,+,5,5
10,aisingapore/Llama-SEA-LION-v3.5-8B-R,english,14,Neuroticism,+,3,3
10,aisingapore/Llama-SEA-LION-v3.5-8B-R,english,15,Openness,+,3,3
10,aisingapore/Llama-SEA-LION-v3.5-8B-R,english,16,Extraversion,-,2,2
10,aisingapore/Llama-SEA-LION-v3.5-8B-R,english,17,Agreeableness,+,3,3
10,aisingapore/Llama-SEA-LION-v3.5-8B-R,english,18,Conscientiousness,-,2,2
10,aisingapore/Llama-SEA-LION-v3.5-8B-R,english,19,Neuroticism,-,4,4
10,aisingapore/Llama-SEA-LION-v3.5-8B-R,english,20,Openness,-,3,3
10,aisingapore/Llama-SEA-LION-v3.5-8B-R,english,21,Extraversion,+,4,4
10,aisingapore/Llama-SEA-LION-v3.5-8B-R,english,22,Agreeableness,-,2,2
10,aisingapore/Llama-SEA-LION-v3.5-8B-R,english,23,Conscientiousness,+,3,3
10,aisingapore/Llama-SEA-LION-v3.5-8B-R,english,24,Neuroticism,+,3,3
10,aisingapore/Llama-SEA-LION-v3.5-8B-R,english,25,Openness,+,2,2
10,aisingapore/Llama-SEA-LION-v3.5-8B-R,english,26,Extraversion,-,3,3
10,aisingapore/Llama-SEA-LION-v3.5-8B-R,english,27,Agreeableness,+,4,4
10,aisingapore/Llama-SEA-LION-v3.5-8B-R,english,28,Conscientiousness,-,4,4
10,aisingapore/Llama-SEA-LION-v3.5-8B-R,english,29,Neuroticism,+,3,3
10,aisingapore/Llama-SEA-LION-v3.5-8B-R,english,30,Openness,-,3,3
10,aisingapore/Llama-SEA-LION-v3.5-8B-R,english,31,Extraversion,+,3,3
10,aisingapore/Llama-SEA-LION-v3.5-8B-R,english,32,Agreeableness,-,3,3
10,aisingapore/Llama-SEA-LION-v3.5-8B-R,english,33,Conscientiousness,+,3,3
10,aisingapore/Llama-SEA-LION-v3.5-8B-R,english,34,Neuroticism,+,3,3
10,aisingapore/Llama-SEA-LION-v3.5-8B-R,english,35,Openness,+,3,3
10,aisingapore/Llama-SEA-LION-v3.5-8B-R,english,36,Extraversion,-,3,3
10,aisingapore/Llama-SEA-LION-v3.5-8B-R,english,37,Agreeableness,+,3,3
10,aisingapore/Llama-SEA-LION-v3.5-8B-R,english,38,Conscientiousness,-,3,3
10,aisingapore/Llama-SEA-LION-v3.5-8B-R,english,39,Neuroticism,+,3,3
10,aisingapore/Llama-SEA-LION-v3.5-8B-R,english,40,Openness,+,2,2
10,aisingapore/Llama-SEA-LION-v3.5-8B-R,english,41,Extraversion,+,3,3
10,aisingapore/Llama-SEA-LION-v3.5-8B-R,english,42,Agreeableness,+,3,3
10,aisingapore/Llama-SEA-LION-v3.5-8B-R,english,43,Conscientiousness,+,4,4
10,aisingapore/Llama-SEA-LION-v3.5-8B-R,english,44,Neuroticism,+,3,3
10,aisingapore/Llama-SEA-LION-v3.5-8B-R,english,45,Openness,+,3,3
10,aisingapore/Llama-SEA-LION-v3.5-8B-R,english,46,Extraversion,-,3,3
10,aisingapore/Llama-SEA-LION-v3.5-8B-R,english,47,Agreeableness,+,4,4
10,aisingapore/Llama-SEA-LION-v3.5-8B-R,english,48,Conscientiousness,+,4,4
10,aisingapore/Llama-SEA-LION-v3.5-8B-R,english,49,Neuroticism,+,3,3
10,aisingapore/Llama-SEA-LION-v3.5-8B-R,english,50,Openness,+,4,4
11,aisingapore/Llama-SEA-LION-v3.5-8B-R,english,1,Extraversion,+,3,3
11,aisingapore/Llama-SEA-LION-v3.5-8B-R,english,2,Agreeableness,-,3,3
11,aisingapore/Llama-SEA-LION-v3.5-8B-R,english,3,Conscientiousness,+,3,3
11,aisingapore/Llama-SEA-LION-v3.5-8B-R,english,4,Neuroticism,+,3,3
11,aisingapore/Llama-SEA-LION-v3.5-8B-R,english,5,Openness,+,3,3
11,aisingapore/Llama-SEA-LION-v3.5-8B-R,english,6,Extraversion,-,3,3
11,aisingapore/Llama-SEA-LION-v3.5-8B-R,english,7,Agreeableness,+,4,4
11,aisingapore/Llama-SEA-LION-v3.5-8B-R,english,8,Conscientiousness,-,3,3
11,aisingapore/Llama-SEA-LION-v3.5-8B-R,english,9,Neuroticism,-,3,3
11,aisingapore/Llama-SEA-LION-v3.5-8B-R,english,10,Openness,-,3,3
11,aisingapore/Llama-SEA-LION-v3.5-8B-R,english,11,Extraversion,+,4,4
11,aisingapore/Llama-SEA-LION-v3.5-8B-R,english,12,Agreeableness,-,2,2
11,aisingapore/Llama-SEA-LION-v3.5-8B-R,english,13,Conscientiousness,+,3,3
11,aisingapore/Llama-SEA-LION-v3.5-8B-R,english,14,Neuroticism,+,3,3
11,aisingapore/Llama-SEA-LION-v3.5-8B-R,english,15,Openness,+,4,4
11,aisingapore/Llama-SEA-LION-v3.5-8B-R,english,16,Extraversion,-,3,3
11,aisingapore/Llama-SEA-LION-v3.5-8B-R,english,17,Agreeableness,+,4,4
11,aisingapore/Llama-SEA-LION-v3.5-8B-R,english,18,Conscientiousness,-,3,3
11,aisingapore/Llama-SEA-LION-v3.5-8B-R,english,19,Neuroticism,-,3,3
11,aisingapore/Llama-SEA-LION-v3.5-8B-R,english,20,Openness,-,3,3
11,aisingapore/Llama-SEA-LION-v3.5-8B-R,english,21,Extraversion,+,3,3
11,aisingapore/Llama-SEA-LION-v3.5-8B-R,english,22,Agreeableness,-,2,2
11,aisingapore/Llama-SEA-LION-v3.5-8B-R,english,23,Conscientiousness,+,3,3
11,aisingapore/Llama-SEA-LION-v3.5-8B-R,english,24,Neuroticism,+,3,3
11,aisingapore/Llama-SEA-LION-v3.5-8B-R,english,25,Openness,+,3,3
11,aisingapore/Llama-SEA-LION-v3.5-8B-R,english,26,Extraversion,-,3,3
11,aisingapore/Llama-SEA-LION-v3.5-8B-R,english,27,Agreeableness,+,3,3
11,aisingapore/Llama-SEA-LION-v3.5-8B-R,english,28,Conscientiousness,-,3,3
11,aisingapore/Llama-SEA-LION-v3.5-8B-R,english,29,Neuroticism,+,3,3
11,aisingapore/Llama-SEA-LION-v3.5-8B-R,english,30,Openness,-,3,3
11,aisingapore/Llama-SEA-LION-v3.5-8B-R,english,31,Extraversion,+,3,3
11,aisingapore/Llama-SEA-LION-v3.5-8B-R,english,32,Agreeableness,-,2,2
11,aisingapore/Llama-SEA-LION-v3.5-8B-R,english,33,Conscientiousness,+,3,3
11,aisingapore/Llama-SEA-LION-v3.5-8B-R,english,34,Neuroticism,+,3,3
11,aisingapore/Llama-SEA-LION-v3.5-8B-R,english,35,Openness,+,3,3
11,aisingapore/Llama-SEA-LION-v3.5-8B-R,english,36,Extraversion,-,3,3
11,aisingapore/Llama-SEA-LION-v3.5-8B-R,english,37,Agreeableness,+,4,4
11,aisingapore/Llama-SEA-LION-v3.5-8B-R,english,38,Conscientiousness,-,2,2
11,aisingapore/Llama-SEA-LION-v3.5-8B-R,english,39,Neuroticism,+,4,4
11,aisingapore/Llama-SEA-LION-v3.5-8B-R,english,40,Openness,+,3,3
11,aisingapore/Llama-SEA-LION-v3.5-8B-R,english,41,Extraversion,+,3,3
11,aisingapore/Llama-SEA-LION-v3.5-8B-R,english,42,Agreeableness,+,3,3
11,aisingapore/Llama-SEA-LION-v3.5-8B-R,english,43,Conscientiousness,+,3,3
11,aisingapore/Llama-SEA-LION-v3.5-8B-R,english,44,Neuroticism,+,3,3
11,aisingapore/Llama-SEA-LION-v3.5-8B-R,english,45,Openness,+,3,3
11,aisingapore/Llama-SEA-LION-v3.5-8B-R,english,46,Extraversion,-,3,3
11,aisingapore/Llama-SEA-LION-v3.5-8B-R,english,47,Agreeableness,+,4,4
11,aisingapore/Llama-SEA-LION-v3.5-8B-R,english,48,Conscientiousness,+,3,3
11,aisingapore/Llama-SEA-LION-v3.5-8B-R,english,49,Neuroticism,+,3,3
11,aisingapore/Llama-SEA-LION-v3.5-8B-R,english,50,Openness,+,3,3
12,aisingapore/Llama-SEA-LION-v3.5-8B-R,english,1,Extraversion,+,3,3
12,aisingapore/Llama-SEA-LION-v3.5-8B-R,english,2,Agreeableness,-,3,3
12,aisingapore/Llama-SEA-LION-v3.5-8B-R,english,3,Conscientiousness,+,3,3
12,aisingapore/Llama-SEA-LION-v3.5-8B-R,english,4,Neuroticism,+,3,3
12,aisingapore/Llama-SEA-LION-v3.5-8B-R,english,5,Openness,+,3,3
12,aisingapore/Llama-SEA-LION-v3.5-8B-R,english,6,Extraversion,-,3,3
12,aisingapore/Llama-SEA-LION-v3.5-8B-R,english,7,Agreeableness,+,4,4
12,aisingapore/Llama-SEA-LION-v3.5-8B-R,english,8,Conscientiousness,-,3,3
12,aisingapore/Llama-SEA-LION-v3.5-8B-R,english,9,Neuroticism,-,3,3
12,aisingapore/Llama-SEA-LION-v3.5-8B-R,english,10,Openness,-,3,3
12,aisingapore/Llama-SEA-LION-v3.5-8B-R,english,11,Extraversion,+,3,3
12,aisingapore/Llama-SEA-LION-v3.5-8B-R,english,12,Agreeableness,-,3,3
12,aisingapore/Llama-SEA-LION-v3.5-8B-R,english,13,Conscientiousness,+,3,3
12,aisingapore/Llama-SEA-LION-v3.5-8B-R,english,14,Neuroticism,+,3,3
12,aisingapore/Llama-SEA-LION-v3.5-8B-R,english,15,Openness,+,4,4
12,aisingapore/Llama-SEA-LION-v3.5-8B-R,english,16,Extraversion,-,3,3
12,aisingapore/Llama-SEA-LION-v3.5-8B-R,english,17,Agreeableness,+,4,4
12,aisingapore/Llama-SEA-LION-v3.5-8B-R,english,18,Conscientiousness,-,3,3
12,aisingapore/Llama-SEA-LION-v3.5-8B-R,english,19,Neuroticism,-,3,3
12,aisingapore/Llama-SEA-LION-v3.5-8B-R,english,20,Openness,-,3,3
12,aisingapore/Llama-SEA-LION-v3.5-8B-R,english,21,Extraversion,+,3,3
12,aisingapore/Llama-SEA-LION-v3.5-8B-R,english,22,Agreeableness,-,3,3
12,aisingapore/Llama-SEA-LION-v3.5-8B-R,english,23,Conscientiousness,+,3,3
12,aisingapore/Llama-SEA-LION-v3.5-8B-R,english,24,Neuroticism,+,3,3
12,aisingapore/Llama-SEA-LION-v3.5-8B-R,english,25,Openness,+,3,3
12,aisingapore/Llama-SEA-LION-v3.5-8B-R,english,26,Extraversion,-,3,3
12,aisingapore/Llama-SEA-LION-v3.5-8B-R,english,27,Agreeableness,+,3,3
12,aisingapore/Llama-SEA-LION-v3.5-8B-R,english,28,Conscientiousness,-,4,4
12,aisingapore/Llama-SEA-LION-v3.5-8B-R,english,29,Neuroticism,+,3,3
12,aisingapore/Llama-SEA-LION-v3.5-8B-R,english,30,Openness,-,2,2
12,aisingapore/Llama-SEA-LION-v3.5-8B-R,english,31,Extraversion,+,3,3
12,aisingapore/Llama-SEA-LION-v3.5-8B-R,english,32,Agreeableness,-,3,3
12,aisingapore/Llama-SEA-LION-v3.5-8B-R,english,33,Conscientiousness,+,3,3
12,aisingapore/Llama-SEA-LION-v3.5-8B-R,english,34,Neuroticism,+,3,3
12,aisingapore/Llama-SEA-LION-v3.5-8B-R,english,35,Openness,+,3,3
12,aisingapore/Llama-SEA-LION-v3.5-8B-R,english,36,Extraversion,-,3,3
12,aisingapore/Llama-SEA-LION-v3.5-8B-R,english,37,Agreeableness,+,3,3
12,aisingapore/Llama-SEA-LION-v3.5-8B-R,english,38,Conscientiousness,-,2,2
12,aisingapore/Llama-SEA-LION-v3.5-8B-R,english,39,Neuroticism,+,3,3
12,aisingapore/Llama-SEA-LION-v3.5-8B-R,english,40,Openness,+,3,3
12,aisingapore/Llama-SEA-LION-v3.5-8B-R,english,41,Extraversion,+,3,3
12,aisingapore/Llama-SEA-LION-v3.5-8B-R,english,42,Agreeableness,+,3,3
12,aisingapore/Llama-SEA-LION-v3.5-8B-R,english,43,Conscientiousness,+,3,3
12,aisingapore/Llama-SEA-LION-v3.5-8B-R,english,44,Neuroticism,+,3,3
12,aisingapore/Llama-SEA-LION-v3.5-8B-R,english,45,Openness,+,4,4
12,aisingapore/Llama-SEA-LION-v3.5-8B-R,english,46,Extraversion,-,3,3
12,aisingapore/Llama-SEA-LION-v3.5-8B-R,english,47,Agreeableness,+,3,3
12,aisingapore/Llama-SEA-LION-v3.5-8B-R,english,48,Conscientiousness,+,3,3
12,aisingapore/Llama-SEA-LION-v3.5-8B-R,english,49,Neuroticism,+,3,3
12,aisingapore/Llama-SEA-LION-v3.5-8B-R,english,50,Openness,+,4,4
13,aisingapore/Llama-SEA-LION-v3.5-8B-R,english,1,Extraversion,+,3,3
13,aisingapore/Llama-SEA-LION-v3.5-8B-R,english,2,Agreeableness,-,2,2
13,aisingapore/Llama-SEA-LION-v3.5-8B-R,english,3,Conscientiousness,+,3,3
13,aisingapore/Llama-SEA-LION-v3.5-8B-R,english,4,Neuroticism,+,3,3
13,aisingapore/Llama-SEA-LION-v3.5-8B-R,english,5,Openness,+,3,3
13,aisingapore/Llama-SEA-LION-v3.5-8B-R,english,6,Extraversion,-,3,3
13,aisingapore/Llama-SEA-LION-v3.5-8B-R,english,7,Agreeableness,+,4,4
13,aisingapore/Llama-SEA-LION-v3.5-8B-R,english,8,Conscientiousness,-,3,3
13,aisingapore/Llama-SEA-LION-v3.5-8B-R,english,9,Neuroticism,-,3,3
13,aisingapore/Llama-SEA-LION-v3.5-8B-R,english,10,Openness,-,3,3
13,aisingapore/Llama-SEA-LION-v3.5-8B-R,english,11,Extraversion,+,3,3
13,aisingapore/Llama-SEA-LION-v3.5-8B-R,english,12,Agreeableness,-,2,2
13,aisingapore/Llama-SEA-LION-v3.5-8B-R,english,13,Conscientiousness,+,4,4
13,aisingapore/Llama-SEA-LION-v3.5-8B-R,english,14,Neuroticism,+,3,3
13,aisingapore/Llama-SEA-LION-v3.5-8B-R,english,15,Openness,+,4,4
13,aisingapore/Llama-SEA-LION-v3.5-8B-R,english,16,Extraversion,-,3,3
13,aisingapore/Llama-SEA-LION-v3.5-8B-R,english,17,Agreeableness,+,4,4
13,aisingapore/Llama-SEA-LION-v3.5-8B-R,english,18,Conscientiousness,-,3,3
13,aisingapore/Llama-SEA-LION-v3.5-8B-R,english,19,Neuroticism,-,3,3
13,aisingapore/Llama-SEA-LION-v3.5-8B-R,english,20,Openness,-,2,2
13,aisingapore/Llama-SEA-LION-v3.5-8B-R,english,21,Extraversion,+,3,3
13,aisingapore/Llama-SEA-LION-v3.5-8B-R,english,22,Agreeableness,-,3,3
13,aisingapore/Llama-SEA-LION-v3.5-8B-R,english,23,Conscientiousness,+,3,3
13,aisingapore/Llama-SEA-LION-v3.5-8B-R,english,24,Neuroticism,+,3,3
13,aisingapore/Llama-SEA-LION-v3.5-8B-R,english,25,Openness,+,3,3
13,aisingapore/Llama-SEA-LION-v3.5-8B-R,english,26,Extraversion,-,3,3
13,aisingapore/Llama-SEA-LION-v3.5-8B-R,english,27,Agreeableness,+,3,3
13,aisingapore/Llama-SEA-LION-v3.5-8B-R,english,28,Conscientiousness,-,4,4
13,aisingapore/Llama-SEA-LION-v3.5-8B-R,english,29,Neuroticism,+,3,3
13,aisingapore/Llama-SEA-LION-v3.5-8B-R,english,30,Openness,-,3,3
13,aisingapore/Llama-SEA-LION-v3.5-8B-R,english,31,Extraversion,+,3,3
13,aisingapore/Llama-SEA-LION-v3.5-8B-R,english,32,Agreeableness,-,3,3
13,aisingapore/Llama-SEA-LION-v3.5-8B-R,english,33,Conscientiousness,+,4,4
13,aisingapore/Llama-SEA-LION-v3.5-8B-R,english,34,Neuroticism,+,3,3
13,aisingapore/Llama-SEA-LION-v3.5-8B-R,english,35,Openness,+,4,4
13,aisingapore/Llama-SEA-LION-v3.5-8B-R,english,36,Extraversion,-,3,3
13,aisingapore/Llama-SEA-LION-v3.5-8B-R,english,37,Agreeableness,+,4,4
13,aisingapore/Llama-SEA-LION-v3.5-8B-R,english,38,Conscientiousness,-,3,3
13,aisingapore/Llama-SEA-LION-v3.5-8B-R,english,39,Neuroticism,+,3,3
13,aisingapore/Llama-SEA-LION-v3.5-8B-R,english,40,Openness,+,3,3
13,aisingapore/Llama-SEA-LION-v3.5-8B-R,english,41,Extraversion,+,3,3
13,aisingapore/Llama-SEA-LION-v3.5-8B-R,english,42,Agreeableness,+,3,3
13,aisingapore/Llama-SEA-LION-v3.5-8B-R,english,43,Conscientiousness,+,4,4
13,aisingapore/Llama-SEA-LION-v3.5-8B-R,english,44,Neuroticism,+,3,3
13,aisingapore/Llama-SEA-LION-v3.5-8B-R,english,45,Openness,+,3,3
13,aisingapore/Llama-SEA-LION-v3.5-8B-R,english,46,Extraversion,-,3,3
13,aisingapore/Llama-SEA-LION-v3.5-8B-R,english,47,Agreeableness,+,3,3
13,aisingapore/Llama-SEA-LION-v3.5-8B-R,english,48,Conscientiousness,+,3,3
13,aisingapore/Llama-SEA-LION-v3.5-8B-R,english,49,Neuroticism,+,3,3
13,aisingapore/Llama-SEA-LION-v3.5-8B-R,english,50,Openness,+,3,3
14,aisingapore/Llama-SEA-LION-v3.5-8B-R,english,1,Extraversion,+,3,3
14,aisingapore/Llama-SEA-LION-v3.5-8B-R,english,2,Agreeableness,-,3,3
14,aisingapore/Llama-SEA-LION-v3.5-8B-R,english,3,Conscientiousness,+,3,3
14,aisingapore/Llama-SEA-LION-v3.5-8B-R,english,4,Neuroticism,+,3,3
14,aisingapore/Llama-SEA-LION-v3.5-8B-R,english,5,Openness,+,3,3
14,aisingapore/Llama-SEA-LION-v3.5-8B-R,english,6,Extraversion,-,3,3
14,aisingapore/Llama-SEA-LION-v3.5-8B-R,english,7,Agreeableness,+,4,4
14,aisingapore/Llama-SEA-LION-v3.5-8B-R,english,8,Conscientiousness,-,3,3
14,aisingapore/Llama-SEA-LION-v3.5-8B-R,english,9,Neuroticism,-,3,3
14,aisingapore/Llama-SEA-LION-v3.5-8B-R,english,10,Openness,-,3,3
14,aisingapore/Llama-SEA-LION-v3.5-8B-R,english,11,Extraversion,+,3,3
14,aisingapore/Llama-SEA-LION-v3.5-8B-R,english,12,Agreeableness,-,1,1
14,aisingapore/Llama-SEA-LION-v3.5-8B-R,english,13,Conscientiousness,+,3,3
14,aisingapore/Llama-SEA-LION-v3.5-8B-R,english,14,Neuroticism,+,2,2
14,aisingapore/Llama-SEA-LION-v3.5-8B-R,english,15,Openness,+,3,3
14,aisingapore/Llama-SEA-LION-v3.5-8B-R,english,16,Extraversion,-,2,2
14,aisingapore/Llama-SEA-LION-v3.5-8B-R,english,17,Agreeableness,+,3,3
14,aisingapore/Llama-SEA-LION-v3.5-8B-R,english,18,Conscientiousness,-,3,3
14,aisingapore/Llama-SEA-LION-v3.5-8B-R,english,19,Neuroticism,-,4,4
14,aisingapore/Llama-SEA-LION-v3.5-8B-R,english,20,Openness,-,3,3
14,aisingapore/Llama-SEA-LION-v3.5-8B-R,english,21,Extraversion,+,5,5
14,aisingapore/Llama-SEA-LION-v3.5-8B-R,english,22,Agreeableness,-,3,3
14,aisingapore/Llama-SEA-LION-v3.5-8B-R,english,23,Conscientiousness,+,3,3
14,aisingapore/Llama-SEA-LION-v3.5-8B-R,english,24,Neuroticism,+,2,2
14,aisingapore/Llama-SEA-LION-v3.5-8B-R,english,25,Openness,+,3,3
14,aisingapore/Llama-SEA-LION-v3.5-8B-R,english,26,Extraversion,-,2,2
14,aisingapore/Llama-SEA-LION-v3.5-8B-R,english,27,Agreeableness,+,3,3
14,aisingapore/Llama-SEA-LION-v3.5-8B-R,english,28,Conscientiousness,-,4,4
14,aisingapore/Llama-SEA-LION-v3.5-8B-R,english,29,Neuroticism,+,3,3
14,aisingapore/Llama-SEA-LION-v3.5-8B-R,english,30,Openness,-,3,3
14,aisingapore/Llama-SEA-LION-v3.5-8B-R,english,31,Extraversion,+,3,3
14,aisingapore/Llama-SEA-LION-v3.5-8B-R,english,32,Agreeableness,-,3,3
14,aisingapore/Llama-SEA-LION-v3.5-8B-R,english,33,Conscientiousness,+,4,4
14,aisingapore/Llama-SEA-LION-v3.5-8B-R,english,34,Neuroticism,+,3,3
14,aisingapore/Llama-SEA-LION-v3.5-8B-R,english,35,Openness,+,3,3
14,aisingapore/Llama-SEA-LION-v3.5-8B-R,english,36,Extraversion,-,3,3
14,aisingapore/Llama-SEA-LION-v3.5-8B-R,english,37,Agreeableness,+,4,4
14,aisingapore/Llama-SEA-LION-v3.5-8B-R,english,38,Conscientiousness,-,3,3
14,aisingapore/Llama-SEA-LION-v3.5-8B-R,english,39,Neuroticism,+,2,2
14,aisingapore/Llama-SEA-LION-v3.5-8B-R,english,40,Openness,+,3,3
14,aisingapore/Llama-SEA-LION-v3.5-8B-R,english,41,Extraversion,+,3,3
14,aisingapore/Llama-SEA-LION-v3.5-8B-R,english,42,Agreeableness,+,2,2
14,aisingapore/Llama-SEA-LION-v3.5-8B-R,english,43,Conscientiousness,+,3,3
14,aisingapore/Llama-SEA-LION-v3.5-8B-R,english,44,Neuroticism,+,3,3
14,aisingapore/Llama-SEA-LION-v3.5-8B-R,english,45,Openness,+,4,4
14,aisingapore/Llama-SEA-LION-v3.5-8B-R,english,46,Extraversion,-,3,3
14,aisingapore/Llama-SEA-LION-v3.5-8B-R,english,47,Agreeableness,+,3,3
14,aisingapore/Llama-SEA-LION-v3.5-8B-R,english,48,Conscientiousness,+,3,3
14,aisingapore/Llama-SEA-LION-v3.5-8B-R,english,49,Neuroticism,+,3,3
14,aisingapore/Llama-SEA-LION-v3.5-8B-R,english,50,Openness,+,4,4
15,aisingapore/Llama-SEA-LION-v3.5-8B-R,english,1,Extraversion,+,3,3
15,aisingapore/Llama-SEA-LION-v3.5-8B-R,english,2,Agreeableness,-,4,4
15,aisingapore/Llama-SEA-LION-v3.5-8B-R,english,3,Conscientiousness,+,2,2
15,aisingapore/Llama-SEA-LION-v3.5-8B-R,english,4,Neuroticism,+,3,3
15,aisingapore/Llama-SEA-LION-v3.5-8B-R,english,5,Openness,+,3,3
15,aisingapore/Llama-SEA-LION-v3.5-8B-R,english,6,Extraversion,-,3,3
15,aisingapore/Llama-SEA-LION-v3.5-8B-R,english,7,Agreeableness,+,3,3
15,aisingapore/Llama-SEA-LION-v3.5-8B-R,english,8,Conscientiousness,-,3,3
15,aisingapore/Llama-SEA-LION-v3.5-8B-R,english,9,Neuroticism,-,3,3
15,aisingapore/Llama-SEA-LION-v3.5-8B-R,english,10,Openness,-,3,3
15,aisingapore/Llama-SEA-LION-v3.5-8B-R,english,11,Extraversion,+,3,3
15,aisingapore/Llama-SEA-LION-v3.5-8B-R,english,12,Agreeableness,-,3,3
15,aisingapore/Llama-SEA-LION-v3.5-8B-R,english,13,Conscientiousness,+,3,3
15,aisingapore/Llama-SEA-LION-v3.5-8B-R,english,14,Neuroticism,+,3,3
15,aisingapore/Llama-SEA-LION-v3.5-8B-R,english,15,Openness,+,4,4
15,aisingapore/Llama-SEA-LION-v3.5-8B-R,english,16,Extraversion,-,3,3
15,aisingapore/Llama-SEA-LION-v3.5-8B-R,english,17,Agreeableness,+,4,4
15,aisingapore/Llama-SEA-LION-v3.5-8B-R,english,18,Conscientiousness,-,3,3
15,aisingapore/Llama-SEA-LION-v3.5-8B-R,english,19,Neuroticism,-,4,4
15,aisingapore/Llama-SEA-LION-v3.5-8B-R,english,20,Openness,-,3,3
15,aisingapore/Llama-SEA-LION-v3.5-8B-R,english,21,Extraversion,+,4,4
15,aisingapore/Llama-SEA-LION-v3.5-8B-R,english,22,Agreeableness,-,3,3
15,aisingapore/Llama-SEA-LION-v3.5-8B-R,english,23,Conscientiousness,+,3,3
15,aisingapore/Llama-SEA-LION-v3.5-8B-R,english,24,Neuroticism,+,2,2
15,aisingapore/Llama-SEA-LION-v3.5-8B-R,english,25,Openness,+,3,3
15,aisingapore/Llama-SEA-LION-v3.5-8B-R,english,26,Extraversion,-,3,3
15,aisingapore/Llama-SEA-LION-v3.5-8B-R,english,27,Agreeableness,+,3,3
15,aisingapore/Llama-SEA-LION-v3.5-8B-R,english,28,Conscientiousness,-,4,4
15,aisingapore/Llama-SEA-LION-v3.5-8B-R,english,29,Neuroticism,+,3,3
15,aisingapore/Llama-SEA-LION-v3.5-8B-R,english,30,Openness,-,3,3
15,aisingapore/Llama-SEA-LION-v3.5-8B-R,english,31,Extraversion,+,3,3
15,aisingapore/Llama-SEA-LION-v3.5-8B-R,english,32,Agreeableness,-,3,3
15,aisingapore/Llama-SEA-LION-v3.5-8B-R,english,33,Conscientiousness,+,3,3
15,aisingapore/Llama-SEA-LION-v3.5-8B-R,english,34,Neuroticism,+,3,3
15,aisingapore/Llama-SEA-LION-v3.5-8B-R,english,35,Openness,+,3,3
15,aisingapore/Llama-SEA-LION-v3.5-8B-R,english,36,Extraversion,-,4,4
15,aisingapore/Llama-SEA-LION-v3.5-8B-R,english,37,Agreeableness,+,4,4
15,aisingapore/Llama-SEA-LION-v3.5-8B-R,english,38,Conscientiousness,-,2,2
15,aisingapore/Llama-SEA-LION-v3.5-8B-R,english,39,Neuroticism,+,3,3
15,aisingapore/Llama-SEA-LION-v3.5-8B-R,english,40,Openness,+,3,3
15,aisingapore/Llama-SEA-LION-v3.5-8B-R,english,41,Extraversion,+,3,3
15,aisingapore/Llama-SEA-LION-v3.5-8B-R,english,42,Agreeableness,+,3,3
15,aisingapore/Llama-SEA-LION-v3.5-8B-R,english,43,Conscientiousness,+,3,3
15,aisingapore/Llama-SEA-LION-v3.5-8B-R,english,44,Neuroticism,+,3,3
15,aisingapore/Llama-SEA-LION-v3.5-8B-R,english,45,Openness,+,4,4
15,aisingapore/Llama-SEA-LION-v3.5-8B-R,english,46,Extraversion,-,3,3
15,aisingapore/Llama-SEA-LION-v3.5-8B-R,english,47,Agreeableness,+,3,3
15,aisingapore/Llama-SEA-LION-v3.5-8B-R,english,48,Conscientiousness,+,3,3
15,aisingapore/Llama-SEA-LION-v3.5-8B-R,english,49,Neuroticism,+,3,3
15,aisingapore/Llama-SEA-LION-v3.5-8B-R,english,50,Openness,+,4,4
16,aisingapore/Llama-SEA-LION-v3.5-8B-R,english,1,Extraversion,+,3,3
16,aisingapore/Llama-SEA-LION-v3.5-8B-R,english,2,Agreeableness,-,3,3
16,aisingapore/Llama-SEA-LION-v3.5-8B-R,english,3,Conscientiousness,+,4,4
16,aisingapore/Llama-SEA-LION-v3.5-8B-R,english,4,Neuroticism,+,3,3
16,aisingapore/Llama-SEA-LION-v3.5-8B-R,english,5,Openness,+,3,3
16,aisingapore/Llama-SEA-LION-v3.5-8B-R,english,6,Extraversion,-,3,3
16,aisingapore/Llama-SEA-LION-v3.5-8B-R,english,7,Agreeableness,+,4,4
16,aisingapore/Llama-SEA-LION-v3.5-8B-R,english,8,Conscientiousness,-,3,3
16,aisingapore/Llama-SEA-LION-v3.5-8B-R,english,9,Neuroticism,-,3,3
16,aisingapore/Llama-SEA-LION-v3.5-8B-R,english,10,Openness,-,3,3
16,aisingapore/Llama-SEA-LION-v3.5-8B-R,english,11,Extraversion,+,3,3
16,aisingapore/Llama-SEA-LION-v3.5-8B-R,english,12,Agreeableness,-,2,2
16,aisingapore/Llama-SEA-LION-v3.5-8B-R,english,13,Conscientiousness,+,3,3
16,aisingapore/Llama-SEA-LION-v3.5-8B-R,english,14,Neuroticism,+,3,3
16,aisingapore/Llama-SEA-LION-v3.5-8B-R,english,15,Openness,+,4,4
16,aisingapore/Llama-SEA-LION-v3.5-8B-R,english,16,Extraversion,-,3,3
16,aisingapore/Llama-SEA-LION-v3.5-8B-R,english,17,Agreeableness,+,3,3
16,aisingapore/Llama-SEA-LION-v3.5-8B-R,english,18,Conscientiousness,-,3,3
16,aisingapore/Llama-SEA-LION-v3.5-8B-R,english,19,Neuroticism,-,2,2
16,aisingapore/Llama-SEA-LION-v3.5-8B-R,english,20,Openness,-,2,2
16,aisingapore/Llama-SEA-LION-v3.5-8B-R,english,21,Extraversion,+,3,3
16,aisingapore/Llama-SEA-LION-v3.5-8B-R,english,22,Agreeableness,-,4,4
16,aisingapore/Llama-SEA-LION-v3.5-8B-R,english,23,Conscientiousness,+,4,4
16,aisingapore/Llama-SEA-LION-v3.5-8B-R,english,24,Neuroticism,+,3,3
16,aisingapore/Llama-SEA-LION-v3.5-8B-R,english,25,Openness,+,3,3
16,aisingapore/Llama-SEA-LION-v3.5-8B-R,english,26,Extraversion,-,3,3
16,aisingapore/Llama-SEA-LION-v3.5-8B-R,english,27,Agreeableness,+,3,3
16,aisingapore/Llama-SEA-LION-v3.5-8B-R,english,28,Conscientiousness,-,2,2
16,aisingapore/Llama-SEA-LION-v3.5-8B-R,english,29,Neuroticism,+,3,3
16,aisingapore/Llama-SEA-LION-v3.5-8B-R,english,30,Openness,-,3,3
16,aisingapore/Llama-SEA-LION-v3.5-8B-R,english,31,Extraversion,+,3,3
16,aisingapore/Llama-SEA-LION-v3.5-8B-R,english,32,Agreeableness,-,3,3
16,aisingapore/Llama-SEA-LION-v3.5-8B-R,english,33,Conscientiousness,+,4,4
16,aisingapore/Llama-SEA-LION-v3.5-8B-R,english,34,Neuroticism,+,3,3
16,aisingapore/Llama-SEA-LION-v3.5-8B-R,english,35,Openness,+,4,4
16,aisingapore/Llama-SEA-LION-v3.5-8B-R,english,36,Extraversion,-,3,3
16,aisingapore/Llama-SEA-LION-v3.5-8B-R,english,37,Agreeableness,+,3,3
16,aisingapore/Llama-SEA-LION-v3.5-8B-R,english,38,Conscientiousness,-,3,3
16,aisingapore/Llama-SEA-LION-v3.5-8B-R,english,39,Neuroticism,+,3,3
16,aisingapore/Llama-SEA-LION-v3.5-8B-R,english,40,Openness,+,3,3
16,aisingapore/Llama-SEA-LION-v3.5-8B-R,english,41,Extraversion,+,3,3
16,aisingapore/Llama-SEA-LION-v3.5-8B-R,english,42,Agreeableness,+,3,3
16,aisingapore/Llama-SEA-LION-v3.5-8B-R,english,43,Conscientiousness,+,3,3
16,aisingapore/Llama-SEA-LION-v3.5-8B-R,english,44,Neuroticism,+,3,3
16,aisingapore/Llama-SEA-LION-v3.5-8B-R,english,45,Openness,+,3,3
16,aisingapore/Llama-SEA-LION-v3.5-8B-R,english,46,Extraversion,-,3,3
16,aisingapore/Llama-SEA-LION-v3.5-8B-R,english,47,Agreeableness,+,4,4
16,aisingapore/Llama-SEA-LION-v3.5-8B-R,english,48,Conscientiousness,+,3,3
16,aisingapore/Llama-SEA-LION-v3.5-8B-R,english,49,Neuroticism,+,3,3
16,aisingapore/Llama-SEA-LION-v3.5-8B-R,english,50,Openness,+,4,4
17,aisingapore/Llama-SEA-LION-v3.5-8B-R,english,1,Extraversion,+,2,2
17,aisingapore/Llama-SEA-LION-v3.5-8B-R,english,2,Agreeableness,-,3,3
17,aisingapore/Llama-SEA-LION-v3.5-8B-R,english,3,Conscientiousness,+,3,3
17,aisingapore/Llama-SEA-LION-v3.5-8B-R,english,4,Neuroticism,+,3,3
17,aisingapore/Llama-SEA-LION-v3.5-8B-R,english,5,Openness,+,4,4
17,aisingapore/Llama-SEA-LION-v3.5-8B-R,english,6,Extraversion,-,3,3
17,aisingapore/Llama-SEA-LION-v3.5-8B-R,english,7,Agreeableness,+,3,3
17,aisingapore/Llama-SEA-LION-v3.5-8B-R,english,8,Conscientiousness,-,3,3
17,aisingapore/Llama-SEA-LION-v3.5-8B-R,english,9,Neuroticism,-,3,3
17,aisingapore/Llama-SEA-LION-v3.5-8B-R,english,10,Openness,-,3,3
17,aisingapore/Llama-SEA-LION-v3.5-8B-R,english,11,Extraversion,+,3,3
17,aisingapore/Llama-SEA-LION-v3.5-8B-R,english,12,Agreeableness,-,3,3
17,aisingapore/Llama-SEA-LION-v3.5-8B-R,english,13,Conscientiousness,+,4,4
17,aisingapore/Llama-SEA-LION-v3.5-8B-R,english,14,Neuroticism,+,4,4
17,aisingapore/Llama-SEA-LION-v3.5-8B-R,english,15,Openness,+,3,3
17,aisingapore/Llama-SEA-LION-v3.5-8B-R,english,16,Extraversion,-,2,2
17,aisingapore/Llama-SEA-LION-v3.5-8B-R,english,17,Agreeableness,+,4,4
17,aisingapore/Llama-SEA-LION-v3.5-8B-R,english,18,Conscientiousness,-,3,3
17,aisingapore/Llama-SEA-LION-v3.5-8B-R,english,19,Neuroticism,-,3,3
17,aisingapore/Llama-SEA-LION-v3.5-8B-R,english,20,Openness,-,2,2
17,aisingapore/Llama-SEA-LION-v3.5-8B-R,english,21,Extraversion,+,3,3
17,aisingapore/Llama-SEA-LION-v3.5-8B-R,english,22,Agreeableness,-,3,3
17,aisingapore/Llama-SEA-LION-v3.5-8B-R,english,23,Conscientiousness,+,3,3
17,aisingapore/Llama-SEA-LION-v3.5-8B-R,english,24,Neuroticism,+,3,3
17,aisingapore/Llama-SEA-LION-v3.5-8B-R,english,25,Openness,+,3,3
17,aisingapore/Llama-SEA-LION-v3.5-8B-R,english,26,Extraversion,-,3,3
17,aisingapore/Llama-SEA-LION-v3.5-8B-R,english,27,Agreeableness,+,5,5
17,aisingapore/Llama-SEA-LION-v3.5-8B-R,english,28,Conscientiousness,-,4,4
17,aisingapore/Llama-SEA-LION-v3.5-8B-R,english,29,Neuroticism,+,3,3
17,aisingapore/Llama-SEA-LION-v3.5-8B-R,english,30,Openness,-,3,3
17,aisingapore/Llama-SEA-LION-v3.5-8B-R,english,31,Extraversion,+,3,3
17,aisingapore/Llama-SEA-LION-v3.5-8B-R,english,32,Agreeableness,-,3,3
17,aisingapore/Llama-SEA-LION-v3.5-8B-R,english,33,Conscientiousness,+,3,3
17,aisingapore/Llama-SEA-LION-v3.5-8B-R,english,34,Neuroticism,+,3,3
17,aisingapore/Llama-SEA-LION-v3.5-8B-R,english,35,Openness,+,4,4
17,aisingapore/Llama-SEA-LION-v3.5-8B-R,english,36,Extraversion,-,3,3
17,aisingapore/Llama-SEA-LION-v3.5-8B-R,english,37,Agreeableness,+,4,4
17,aisingapore/Llama-SEA-LION-v3.5-8B-R,english,38,Conscientiousness,-,3,3
17,aisingapore/Llama-SEA-LION-v3.5-8B-R,english,39,Neuroticism,+,3,3
17,aisingapore/Llama-SEA-LION-v3.5-8B-R,english,40,Openness,+,3,3
17,aisingapore/Llama-SEA-LION-v3.5-8B-R,english,41,Extraversion,+,3,3
17,aisingapore/Llama-SEA-LION-v3.5-8B-R,english,42,Agreeableness,+,3,3
17,aisingapore/Llama-SEA-LION-v3.5-8B-R,english,43,Conscientiousness,+,4,4
17,aisingapore/Llama-SEA-LION-v3.5-8B-R,english,44,Neuroticism,+,3,3
17,aisingapore/Llama-SEA-LION-v3.5-8B-R,english,45,Openness,+,3,3
17,aisingapore/Llama-SEA-LION-v3.5-8B-R,english,46,Extraversion,-,4,4
17,aisingapore/Llama-SEA-LION-v3.5-8B-R,english,47,Agreeableness,+,3,3
17,aisingapore/Llama-SEA-LION-v3.5-8B-R,english,48,Conscientiousness,+,3,3
17,aisingapore/Llama-SEA-LION-v3.5-8B-R,english,49,Neuroticism,+,3,3
17,aisingapore/Llama-SEA-LION-v3.5-8B-R,english,50,Openness,+,4,4
18,aisingapore/Llama-SEA-LION-v3.5-8B-R,english,1,Extraversion,+,3,3
18,aisingapore/Llama-SEA-LION-v3.5-8B-R,english,2,Agreeableness,-,3,3
18,aisingapore/Llama-SEA-LION-v3.5-8B-R,english,3,Conscientiousness,+,4,4
18,aisingapore/Llama-SEA-LION-v3.5-8B-R,english,4,Neuroticism,+,3,3
18,aisingapore/Llama-SEA-LION-v3.5-8B-R,english,5,Openness,+,3,3
18,aisingapore/Llama-SEA-LION-v3.5-8B-R,english,6,Extraversion,-,2,2
18,aisingapore/Llama-SEA-LION-v3.5-8B-R,english,7,Agreeableness,+,3,3
18,aisingapore/Llama-SEA-LION-v3.5-8B-R,english,8,Conscientiousness,-,2,2
18,aisingapore/Llama-SEA-LION-v3.5-8B-R,english,9,Neuroticism,-,3,3
18,aisingapore/Llama-SEA-LION-v3.5-8B-R,english,10,Openness,-,2,2
18,aisingapore/Llama-SEA-LION-v3.5-8B-R,english,11,Extraversion,+,3,3
18,aisingapore/Llama-SEA-LION-v3.5-8B-R,english,12,Agreeableness,-,2,2
18,aisingapore/Llama-SEA-LION-v3.5-8B-R,english,13,Conscientiousness,+,3,3
18,aisingapore/Llama-SEA-LION-v3.5-8B-R,english,14,Neuroticism,+,3,3
18,aisingapore/Llama-SEA-LION-v3.5-8B-R,english,15,Openness,+,3,3
18,aisingapore/Llama-SEA-LION-v3.5-8B-R,english,16,Extraversion,-,3,3
18,aisingapore/Llama-SEA-LION-v3.5-8B-R,english,17,Agreeableness,+,4,4
18,aisingapore/Llama-SEA-LION-v3.5-8B-R,english,18,Conscientiousness,-,3,3
18,aisingapore/Llama-SEA-LION-v3.5-8B-R,english,19,Neuroticism,-,3,3
18,aisingapore/Llama-SEA-LION-v3.5-8B-R,english,20,Openness,-,3,3
18,aisingapore/Llama-SEA-LION-v3.5-8B-R,english,21,Extraversion,+,3,3
18,aisingapore/Llama-SEA-LION-v3.5-8B-R,english,22,Agreeableness,-,3,3
18,aisingapore/Llama-SEA-LION-v3.5-8B-R,english,23,Conscientiousness,+,3,3
18,aisingapore/Llama-SEA-LION-v3.5-8B-R,english,24,Neuroticism,+,3,3
18,aisingapore/Llama-SEA-LION-v3.5-8B-R,english,25,Openness,+,4,4
18,aisingapore/Llama-SEA-LION-v3.5-8B-R,english,26,Extraversion,-,3,3
18,aisingapore/Llama-SEA-LION-v3.5-8B-R,english,27,Agreeableness,+,3,3
18,aisingapore/Llama-SEA-LION-v3.5-8B-R,english,28,Conscientiousness,-,4,4
18,aisingapore/Llama-SEA-LION-v3.5-8B-R,english,29,Neuroticism,+,3,3
18,aisingapore/Llama-SEA-LION-v3.5-8B-R,english,30,Openness,-,3,3
18,aisingapore/Llama-SEA-LION-v3.5-8B-R,english,31,Extraversion,+,3,3
18,aisingapore/Llama-SEA-LION-v3.5-8B-R,english,32,Agreeableness,-,3,3
18,aisingapore/Llama-SEA-LION-v3.5-8B-R,english,33,Conscientiousness,+,3,3
18,aisingapore/Llama-SEA-LION-v3.5-8B-R,english,34,Neuroticism,+,3,3
18,aisingapore/Llama-SEA-LION-v3.5-8B-R,english,35,Openness,+,4,4
18,aisingapore/Llama-SEA-LION-v3.5-8B-R,english,36,Extraversion,-,3,3
18,aisingapore/Llama-SEA-LION-v3.5-8B-R,english,37,Agreeableness,+,4,4
18,aisingapore/Llama-SEA-LION-v3.5-8B-R,english,38,Conscientiousness,-,2,2
18,aisingapore/Llama-SEA-LION-v3.5-8B-R,english,39,Neuroticism,+,3,3
18,aisingapore/Llama-SEA-LION-v3.5-8B-R,english,40,Openness,+,3,3
18,aisingapore/Llama-SEA-LION-v3.5-8B-R,english,41,Extraversion,+,3,3
18,aisingapore/Llama-SEA-LION-v3.5-8B-R,english,42,Agreeableness,+,3,3
18,aisingapore/Llama-SEA-LION-v3.5-8B-R,english,43,Conscientiousness,+,4,4
18,aisingapore/Llama-SEA-LION-v3.5-8B-R,english,44,Neuroticism,+,3,3
18,aisingapore/Llama-SEA-LION-v3.5-8B-R,english,45,Openness,+,3,3
18,aisingapore/Llama-SEA-LION-v3.5-8B-R,english,46,Extraversion,-,3,3
18,aisingapore/Llama-SEA-LION-v3.5-8B-R,english,47,Agreeableness,+,3,3
18,aisingapore/Llama-SEA-LION-v3.5-8B-R,english,48,Conscientiousness,+,3,3
18,aisingapore/Llama-SEA-LION-v3.5-8B-R,english,49,Neuroticism,+,3,3
18,aisingapore/Llama-SEA-LION-v3.5-8B-R,english,50,Openness,+,3,3
19,aisingapore/Llama-SEA-LION-v3.5-8B-R,english,1,Extraversion,+,3,3
19,aisingapore/Llama-SEA-LION-v3.5-8B-R,english,2,Agreeableness,-,3,3
19,aisingapore/Llama-SEA-LION-v3.5-8B-R,english,3,Conscientiousness,+,3,3
19,aisingapore/Llama-SEA-LION-v3.5-8B-R,english,4,Neuroticism,+,3,3
19,aisingapore/Llama-SEA-LION-v3.5-8B-R,english,5,Openness,+,4,4
19,aisingapore/Llama-SEA-LION-v3.5-8B-R,english,6,Extraversion,-,2,2
19,aisingapore/Llama-SEA-LION-v3.5-8B-R,english,7,Agreeableness,+,4,4
19,aisingapore/Llama-SEA-LION-v3.5-8B-R,english,8,Conscientiousness,-,3,3
19,aisingapore/Llama-SEA-LION-v3.5-8B-R,english,9,Neuroticism,-,3,3
19,aisingapore/Llama-SEA-LION-v3.5-8B-R,english,10,Openness,-,3,3
19,aisingapore/Llama-SEA-LION-v3.5-8B-R,english,11,Extraversion,+,3,3
19,aisingapore/Llama-SEA-LION-v3.5-8B-R,english,12,Agreeableness,-,3,3
19,aisingapore/Llama-SEA-LION-v3.5-8B-R,english,13,Conscientiousness,+,4,4
19,aisingapore/Llama-SEA-LION-v3.5-8B-R,english,14,Neuroticism,+,3,3
19,aisingapore/Llama-SEA-LION-v3.5-8B-R,english,15,Openness,+,3,3
19,aisingapore/Llama-SEA-LION-v3.5-8B-R,english,16,Extraversion,-,3,3
19,aisingapore/Llama-SEA-LION-v3.5-8B-R,english,17,Agreeableness,+,5,5
19,aisingapore/Llama-SEA-LION-v3.5-8B-R,english,18,Conscientiousness,-,2,2
19,aisingapore/Llama-SEA-LION-v3.5-8B-R,english,19,Neuroticism,-,2,2
19,aisingapore/Llama-SEA-LION-v3.5-8B-R,english,20,Openness,-,3,3
19,aisingapore/Llama-SEA-LION-v3.5-8B-R,english,21,Extraversion,+,3,3
19,aisingapore/Llama-SEA-LION-v3.5-8B-R,english,22,Agreeableness,-,3,3
19,aisingapore/Llama-SEA-LION-v3.5-8B-R,english,23,Conscientiousness,+,3,3
19,aisingapore/Llama-SEA-LION-v3.5-8B-R,english,24,Neuroticism,+,3,3
19,aisingapore/Llama-SEA-LION-v3.5-8B-R,english,25,Openness,+,3,3
19,aisingapore/Llama-SEA-LION-v3.5-8B-R,english,26,Extraversion,-,2,2
19,aisingapore/Llama-SEA-LION-v3.5-8B-R,english,27,Agreeableness,+,4,4
19,aisingapore/Llama-SEA-LION-v3.5-8B-R,english,28,Conscientiousness,-,3,3
19,aisingapore/Llama-SEA-LION-v3.5-8B-R,english,29,Neuroticism,+,3,3
19,aisingapore/Llama-SEA-LION-v3.5-8B-R,english,30,Openness,-,3,3
19,aisingapore/Llama-SEA-LION-v3.5-8B-R,english,31,Extraversion,+,3,3
19,aisingapore/Llama-SEA-LION-v3.5-8B-R,english,32,Agreeableness,-,3,3
19,aisingapore/Llama-SEA-LION-v3.5-8B-R,english,33,Conscientiousness,+,4,4
19,aisingapore/Llama-SEA-LION-v3.5-8B-R,english,34,Neuroticism,+,3,3
19,aisingapore/Llama-SEA-LION-v3.5-8B-R,english,35,Openness,+,3,3
19,aisingapore/Llama-SEA-LION-v3.5-8B-R,english,36,Extraversion,-,4,4
19,aisingapore/Llama-SEA-LION-v3.5-8B-R,english,37,Agreeableness,+,3,3
19,aisingapore/Llama-SEA-LION-v3.5-8B-R,english,38,Conscientiousness,-,3,3
19,aisingapore/Llama-SEA-LION-v3.5-8B-R,english,39,Neuroticism,+,3,3
19,aisingapore/Llama-SEA-LION-v3.5-8B-R,english,40,Openness,+,3,3
19,aisingapore/Llama-SEA-LION-v3.5-8B-R,english,41,Extraversion,+,3,3
19,aisingapore/Llama-SEA-LION-v3.5-8B-R,english,42,Agreeableness,+,3,3
19,aisingapore/Llama-SEA-LION-v3.5-8B-R,english,43,Conscientiousness,+,3,3
19,aisingapore/Llama-SEA-LION-v3.5-8B-R,english,44,Neuroticism,+,3,3
19,aisingapore/Llama-SEA-LION-v3.5-8B-R,english,45,Openness,+,3,3
19,aisingapore/Llama-SEA-LION-v3.5-8B-R,english,46,Extraversion,-,3,3
19,aisingapore/Llama-SEA-LION-v3.5-8B-R,english,47,Agreeableness,+,3,3
19,aisingapore/Llama-SEA-LION-v3.5-8B-R,english,48,Conscientiousness,+,3,3
19,aisingapore/Llama-SEA-LION-v3.5-8B-R,english,49,Neuroticism,+,3,3
19,aisingapore/Llama-SEA-LION-v3.5-8B-R,english,50,Openness,+,3,3
20,aisingapore/Llama-SEA-LION-v3.5-8B-R,english,1,Extraversion,+,3,3
20,aisingapore/Llama-SEA-LION-v3.5-8B-R,english,2,Agreeableness,-,3,3
20,aisingapore/Llama-SEA-LION-v3.5-8B-R,english,3,Conscientiousness,+,4,4
20,aisingapore/Llama-SEA-LION-v3.5-8B-R,english,4,Neuroticism,+,3,3
20,aisingapore/Llama-SEA-LION-v3.5-8B-R,english,5,Openness,+,3,3
20,aisingapore/Llama-SEA-LION-v3.5-8B-R,english,6,Extraversion,-,2,2
20,aisingapore/Llama-SEA-LION-v3.5-8B-R,english,7,Agreeableness,+,3,3
20,aisingapore/Llama-SEA-LION-v3.5-8B-R,english,8,Conscientiousness,-,3,3
20,aisingapore/Llama-SEA-LION-v3.5-8B-R,english,9,Neuroticism,-,3,3
20,aisingapore/Llama-SEA-LION-v3.5-8B-R,english,10,Openness,-,2,2
20,aisingapore/Llama-SEA-LION-v3.5-8B-R,english,11,Extraversion,+,3,3
20,aisingapore/Llama-SEA-LION-v3.5-8B-R,english,12,Agreeableness,-,1,1
20,aisingapore/Llama-SEA-LION-v3.5-8B-R,english,13,Conscientiousness,+,4,4
20,aisingapore/Llama-SEA-LION-v3.5-8B-R,english,14,Neuroticism,+,3,3
20,aisingapore/Llama-SEA-LION-v3.5-8B-R,english,15,Openness,+,4,4
20,aisingapore/Llama-SEA-LION-v3.5-8B-R,english,16,Extraversion,-,3,3
20,aisingapore/Llama-SEA-LION-v3.5-8B-R,english,17,Agreeableness,+,5,5
20,aisingapore/Llama-SEA-LION-v3.5-8B-R,english,18,Conscientiousness,-,3,3
20,aisingapore/Llama-SEA-LION-v3.5-8B-R,english,19,Neuroticism,-,4,4
20,aisingapore/Llama-SEA-LION-v3.5-8B-R,english,20,Openness,-,3,3
20,aisingapore/Llama-SEA-LION-v3.5-8B-R,english,21,Extraversion,+,3,3
20,aisingapore/Llama-SEA-LION-v3.5-8B-R,english,22,Agreeableness,-,3,3
20,aisingapore/Llama-SEA-LION-v3.5-8B-R,english,23,Conscientiousness,+,3,3
20,aisingapore/Llama-SEA-LION-v3.5-8B-R,english,24,Neuroticism,+,3,3
20,aisingapore/Llama-SEA-LION-v3.5-8B-R,english,25,Openness,+,3,3
20,aisingapore/Llama-SEA-LION-v3.5-8B-R,english,26,Extraversion,-,3,3
20,aisingapore/Llama-SEA-LION-v3.5-8B-R,english,27,Agreeableness,+,4,4
20,aisingapore/Llama-SEA-LION-v3.5-8B-R,english,28,Conscientiousness,-,4,4
20,aisingapore/Llama-SEA-LION-v3.5-8B-R,english,29,Neuroticism,+,3,3
20,aisingapore/Llama-SEA-LION-v3.5-8B-R,english,30,Openness,-,2,2
20,aisingapore/Llama-SEA-LION-v3.5-8B-R,english,31,Extraversion,+,3,3
20,aisingapore/Llama-SEA-LION-v3.5-8B-R,english,32,Agreeableness,-,3,3
20,aisingapore/Llama-SEA-LION-v3.5-8B-R,english,33,Conscientiousness,+,3,3
20,aisingapore/Llama-SEA-LION-v3.5-8B-R,english,34,Neuroticism,+,3,3
20,aisingapore/Llama-SEA-LION-v3.5-8B-R,english,35,Openness,+,3,3
20,aisingapore/Llama-SEA-LION-v3.5-8B-R,english,36,Extraversion,-,3,3
20,aisingapore/Llama-SEA-LION-v3.5-8B-R,english,37,Agreeableness,+,3,3
20,aisingapore/Llama-SEA-LION-v3.5-8B-R,english,38,Conscientiousness,-,3,3
20,aisingapore/Llama-SEA-LION-v3.5-8B-R,english,39,Neuroticism,+,3,3
20,aisingapore/Llama-SEA-LION-v3.5-8B-R,english,40,Openness,+,3,3
20,aisingapore/Llama-SEA-LION-v3.5-8B-R,english,41,Extraversion,+,3,3
20,aisingapore/Llama-SEA-LION-v3.5-8B-R,english,42,Agreeableness,+,3,3
20,aisingapore/Llama-SEA-LION-v3.5-8B-R,english,43,Conscientiousness,+,3,3
20,aisingapore/Llama-SEA-LION-v3.5-8B-R,english,44,Neuroticism,+,3,3
20,aisingapore/Llama-SEA-LION-v3.5-8B-R,english,45,Openness,+,3,3
20,aisingapore/Llama-SEA-LION-v3.5-8B-R,english,46,Extraversion,-,4,4
20,aisingapore/Llama-SEA-LION-v3.5-8B-R,english,47,Agreeableness,+,3,3
20,aisingapore/Llama-SEA-LION-v3.5-8B-R,english,48,Conscientiousness,+,3,3
20,aisingapore/Llama-SEA-LION-v3.5-8B-R,english,49,Neuroticism,+,3,3
20,aisingapore/Llama-SEA-LION-v3.5-8B-R,english,50,Openness,+,3,3
1,aisingapore/Llama-SEA-LION-v3.5-8B-R,burmese,1,Extraversion,+,3,3
1,aisingapore/Llama-SEA-LION-v3.5-8B-R,burmese,2,Agreeableness,-,၃,3
1,aisingapore/Llama-SEA-LION-v3.5-8B-R,burmese,3,Conscientiousness,+,၃,3
1,aisingapore/Llama-SEA-LION-v3.5-8B-R,burmese,4,Neuroticism,+,၃,3
1,aisingapore/Llama-SEA-LION-v3.5-8B-R,burmese,5,Openness,+,4,4
1,aisingapore/Llama-SEA-LION-v3.5-8B-R,burmese,6,Extraversion,-,၃,3
1,aisingapore/Llama-SEA-LION-v3.5-8B-R,burmese,7,Agreeableness,+,၃,3
1,aisingapore/Llama-SEA-LION-v3.5-8B-R,burmese,8,Conscientiousness,-,၃,3
1,aisingapore/Llama-SEA-LION-v3.5-8B-R,burmese,9,Neuroticism,-,၃,3
1,aisingapore/Llama-SEA-LION-v3.5-8B-R,burmese,10,Openness,-,၃,3
1,aisingapore/Llama-SEA-LION-v3.5-8B-R,burmese,11,Extraversion,+,၃,3
1,aisingapore/Llama-SEA-LION-v3.5-8B-R,burmese,12,Agreeableness,-,၃,3
1,aisingapore/Llama-SEA-LION-v3.5-8B-R,burmese,13,Conscientiousness,+,၄,4
1,aisingapore/Llama-SEA-LION-v3.5-8B-R,burmese,14,Neuroticism,+,၃,3
1,aisingapore/Llama-SEA-LION-v3.5-8B-R,burmese,15,Openness,+,၃,3
1,aisingapore/Llama-SEA-LION-v3.5-8B-R,burmese,16,Extraversion,-,၃,3
1,aisingapore/Llama-SEA-LION-v3.5-8B-R,burmese,17,Agreeableness,+,၃,3
1,aisingapore/Llama-SEA-LION-v3.5-8B-R,burmese,18,Conscientiousness,-,၃,3
1,aisingapore/Llama-SEA-LION-v3.5-8B-R,burmese,19,Neuroticism,-,၃,3
1,aisingapore/Llama-SEA-LION-v3.5-8B-R,burmese,20,Openness,-,၃,3
1,aisingapore/Llama-SEA-LION-v3.5-8B-R,burmese,21,Extraversion,+,၃,3
1,aisingapore/Llama-SEA-LION-v3.5-8B-R,burmese,22,Agreeableness,-,၃,3
1,aisingapore/Llama-SEA-LION-v3.5-8B-R,burmese,23,Conscientiousness,+,၃,3
1,aisingapore/Llama-SEA-LION-v3.5-8B-R,burmese,24,Neuroticism,+,၃,3
1,aisingapore/Llama-SEA-LION-v3.5-8B-R,burmese,25,Openness,+,4,4
1,aisingapore/Llama-SEA-LION-v3.5-8B-R,burmese,26,Extraversion,-,၃,3
1,aisingapore/Llama-SEA-LION-v3.5-8B-R,burmese,27,Agreeableness,+,၃,3
1,aisingapore/Llama-SEA-LION-v3.5-8B-R,burmese,28,Conscientiousness,-,၃,3
1,aisingapore/Llama-SEA-LION-v3.5-8B-R,burmese,29,Neuroticism,+,၃,3
1,aisingapore/Llama-SEA-LION-v3.5-8B-R,burmese,30,Openness,-,4,4
1,aisingapore/Llama-SEA-LION-v3.5-8B-R,burmese,31,Extraversion,+,3,3
1,aisingapore/Llama-SEA-LION-v3.5-8B-R,burmese,32,Agreeableness,-,၃,3
1,aisingapore/Llama-SEA-LION-v3.5-8B-R,burmese,33,Conscientiousness,+,၃,3
1,aisingapore/Llama-SEA-LION-v3.5-8B-R,burmese,34,Neuroticism,+,၃,3
1,aisingapore/Llama-SEA-LION-v3.5-8B-R,burmese,35,Openness,+,5,5
1,aisingapore/Llama-SEA-LION-v3.5-8B-R,burmese,36,Extraversion,-,၃,3
1,aisingapore/Llama-SEA-LION-v3.5-8B-R,burmese,37,Agreeableness,+,၃,3
1,aisingapore/Llama-SEA-LION-v3.5-8B-R,burmese,38,Conscientiousness,-,၃,3
1,aisingapore/Llama-SEA-LION-v3.5-8B-R,burmese,39,Neuroticism,+,၃,3
1,aisingapore/Llama-SEA-LION-v3.5-8B-R,burmese,40,Openness,+,၃,3
1,aisingapore/Llama-SEA-LION-v3.5-8B-R,burmese,41,Extraversion,+,၃,3
1,aisingapore/Llama-SEA-LION-v3.5-8B-R,burmese,42,Agreeableness,+,၃,3
1,aisingapore/Llama-SEA-LION-v3.5-8B-R,burmese,43,Conscientiousness,+,၃,3
1,aisingapore/Llama-SEA-LION-v3.5-8B-R,burmese,44,Neuroticism,+,၃,3
1,aisingapore/Llama-SEA-LION-v3.5-8B-R,burmese,45,Openness,+,၃,3
1,aisingapore/Llama-SEA-LION-v3.5-8B-R,burmese,46,Extraversion,-,၃,3
1,aisingapore/Llama-SEA-LION-v3.5-8B-R,burmese,47,Agreeableness,+,3,3
1,aisingapore/Llama-SEA-LION-v3.5-8B-R,burmese,48,Conscientiousness,+,၄,4
1,aisingapore/Llama-SEA-LION-v3.5-8B-R,burmese,49,Neuroticism,+,၃,3
1,aisingapore/Llama-SEA-LION-v3.5-8B-R,burmese,50,Openness,+,၃,3
2,aisingapore/Llama-SEA-LION-v3.5-8B-R,burmese,1,Extraversion,+,4,4
2,aisingapore/Llama-SEA-LION-v3.5-8B-R,burmese,2,Agreeableness,-,၄,4
2,aisingapore/Llama-SEA-LION-v3.5-8B-R,burmese,3,Conscientiousness,+,၃,3
2,aisingapore/Llama-SEA-LION-v3.5-8B-R,burmese,4,Neuroticism,+,၃,3
2,aisingapore/Llama-SEA-LION-v3.5-8B-R,burmese,5,Openness,+,၃,3
2,aisingapore/Llama-SEA-LION-v3.5-8B-R,burmese,6,Extraversion,-,၃,3
2,aisingapore/Llama-SEA-LION-v3.5-8B-R,burmese,7,Agreeableness,+,၃,3
2,aisingapore/Llama-SEA-LION-v3.5-8B-R,burmese,8,Conscientiousness,-,၃,3
2,aisingapore/Llama-SEA-LION-v3.5-8B-R,burmese,9,Neuroticism,-,၃,3
2,aisingapore/Llama-SEA-LION-v3.5-8B-R,burmese,10,Openness,-,၃,3
2,aisingapore/Llama-SEA-LION-v3.5-8B-R,burmese,11,Extraversion,+,၃,3
2,aisingapore/Llama-SEA-LION-v3.5-8B-R,burmese,12,Agreeableness,-,4,4
2,aisingapore/Llama-SEA-LION-v3.5-8B-R,burmese,13,Conscientiousness,+,၄,4
2,aisingapore/Llama-SEA-LION-v3.5-8B-R,burmese,14,Neuroticism,+,၃,3
2,aisingapore/Llama-SEA-LION-v3.5-8B-R,burmese,15,Openness,+,3,3
2,aisingapore/Llama-SEA-LION-v3.5-8B-R,burmese,16,Extraversion,-,3,3
2,aisingapore/Llama-SEA-LION-v3.5-8B-R,burmese,17,Agreeableness,+,၃,3
2,aisingapore/Llama-SEA-LION-v3.5-8B-R,burmese,18,Conscientiousness,-,၃,3
2,aisingapore/Llama-SEA-LION-v3.5-8B-R,burmese,19,Neuroticism,-,၃,3
2,aisingapore/Llama-SEA-LION-v3.5-8B-R,burmese,20,Openness,-,၃,3
2,aisingapore/Llama-SEA-LION-v3.5-8B-R,burmese,21,Extraversion,+,၃,3
2,aisingapore/Llama-SEA-LION-v3.5-8B-R,burmese,22,Agreeableness,-,၃,3
2,aisingapore/Llama-SEA-LION-v3.5-8B-R,burmese,23,Conscientiousness,+,၃,3
2,aisingapore/Llama-SEA-LION-v3.5-8B-R,burmese,24,Neuroticism,+,၃,3
2,aisingapore/Llama-SEA-LION-v3.5-8B-R,burmese,25,Openness,+,၃,3
2,aisingapore/Llama-SEA-LION-v3.5-8B-R,burmese,26,Extraversion,-,၃,3
2,aisingapore/Llama-SEA-LION-v3.5-8B-R,burmese,27,Agreeableness,+,၃,3
2,aisingapore/Llama-SEA-LION-v3.5-8B-R,burmese,28,Conscientiousness,-,၃,3
2,aisingapore/Llama-SEA-LION-v3.5-8B-R,burmese,29,Neuroticism,+,၃,3
2,aisingapore/Llama-SEA-LION-v3.5-8B-R,burmese,30,Openness,-,၃,3
2,aisingapore/Llama-SEA-LION-v3.5-8B-R,burmese,31,Extraversion,+,၃,3
2,aisingapore/Llama-SEA-LION-v3.5-8B-R,burmese,32,Agreeableness,-,၃,3
2,aisingapore/Llama-SEA-LION-v3.5-8B-R,burmese,33,Conscientiousness,+,၃,3
2,aisingapore/Llama-SEA-LION-v3.5-8B-R,burmese,34,Neuroticism,+,၃,3
2,aisingapore/Llama-SEA-LION-v3.5-8B-R,burmese,35,Openness,+,၃,3
2,aisingapore/Llama-SEA-LION-v3.5-8B-R,burmese,36,Extraversion,-,၃,3
2,aisingapore/Llama-SEA-LION-v3.5-8B-R,burmese,37,Agreeableness,+,၃,3
2,aisingapore/Llama-SEA-LION-v3.5-8B-R,burmese,38,Conscientiousness,-,၃,3
2,aisingapore/Llama-SEA-LION-v3.5-8B-R,burmese,39,Neuroticism,+,3,3
2,aisingapore/Llama-SEA-LION-v3.5-8B-R,burmese,40,Openness,+,၃,3
2,aisingapore/Llama-SEA-LION-v3.5-8B-R,burmese,41,Extraversion,+,3,3
2,aisingapore/Llama-SEA-LION-v3.5-8B-R,burmese,42,Agreeableness,+,၃,3
2,aisingapore/Llama-SEA-LION-v3.5-8B-R,burmese,43,Conscientiousness,+,၃,3
2,aisingapore/Llama-SEA-LION-v3.5-8B-R,burmese,44,Neuroticism,+,၃,3
2,aisingapore/Llama-SEA-LION-v3.5-8B-R,burmese,45,Openness,+,၄,4
2,aisingapore/Llama-SEA-LION-v3.5-8B-R,burmese,46,Extraversion,-,၃,3
2,aisingapore/Llama-SEA-LION-v3.5-8B-R,burmese,47,Agreeableness,+,၄,4
2,aisingapore/Llama-SEA-LION-v3.5-8B-R,burmese,48,Conscientiousness,+,4,4
2,aisingapore/Llama-SEA-LION-v3.5-8B-R,burmese,49,Neuroticism,+,၃,3
2,aisingapore/Llama-SEA-LION-v3.5-8B-R,burmese,50,Openness,+,၃,3
3,aisingapore/Llama-SEA-LION-v3.5-8B-R,burmese,1,Extraversion,+,၃,3
3,aisingapore/Llama-SEA-LION-v3.5-8B-R,burmese,2,Agreeableness,-,၃,3
3,aisingapore/Llama-SEA-LION-v3.5-8B-R,burmese,3,Conscientiousness,+,၃,3
3,aisingapore/Llama-SEA-LION-v3.5-8B-R,burmese,4,Neuroticism,+,၃,3
3,aisingapore/Llama-SEA-LION-v3.5-8B-R,burmese,5,Openness,+,၃,3
3,aisingapore/Llama-SEA-LION-v3.5-8B-R,burmese,6,Extraversion,-,၃,3
3,aisingapore/Llama-SEA-LION-v3.5-8B-R,burmese,7,Agreeableness,+,၃,3
3,aisingapore/Llama-SEA-LION-v3.5-8B-R,burmese,8,Conscientiousness,-,4,4
3,aisingapore/Llama-SEA-LION-v3.5-8B-R,burmese,9,Neuroticism,-,4,4
3,aisingapore/Llama-SEA-LION-v3.5-8B-R,burmese,10,Openness,-,၃,3
3,aisingapore/Llama-SEA-LION-v3.5-8B-R,burmese,11,Extraversion,+,၃,3
3,aisingapore/Llama-SEA-LION-v3.5-8B-R,burmese,12,Agreeableness,-,4,4
3,aisingapore/Llama-SEA-LION-v3.5-8B-R,burmese,13,Conscientiousness,+,၃,3
3,aisingapore/Llama-SEA-LION-v3.5-8B-R,burmese,14,Neuroticism,+,4,4
3,aisingapore/Llama-SEA-LION-v3.5-8B-R,burmese,15,Openness,+,4,4
3,aisingapore/Llama-SEA-LION-v3.5-8B-R,burmese,16,Extraversion,-,၃,3
3,aisingapore/Llama-SEA-LION-v3.5-8B-R,burmese,17,Agreeableness,+,၃,3
3,aisingapore/Llama-SEA-LION-v3.5-8B-R,burmese,18,Conscientiousness,-,၃,3
3,aisingapore/Llama-SEA-LION-v3.5-8B-R,burmese,19,Neuroticism,-,၃,3
3,aisingapore/Llama-SEA-LION-v3.5-8B-R,burmese,20,Openness,-,၃,3
3,aisingapore/Llama-SEA-LION-v3.5-8B-R,burmese,21,Extraversion,+,၃,3
3,aisingapore/Llama-SEA-LION-v3.5-8B-R,burmese,22,Agreeableness,-,၃,3
3,aisingapore/Llama-SEA-LION-v3.5-8B-R,burmese,23,Conscientiousness,+,4,4
3,aisingapore/Llama-SEA-LION-v3.5-8B-R,burmese,24,Neuroticism,+,၃,3
3,aisingapore/Llama-SEA-LION-v3.5-8B-R,burmese,25,Openness,+,၃,3
3,aisingapore/Llama-SEA-LION-v3.5-8B-R,burmese,26,Extraversion,-,၃,3
3,aisingapore/Llama-SEA-LION-v3.5-8B-R,burmese,27,Agreeableness,+,၃,3
3,aisingapore/Llama-SEA-LION-v3.5-8B-R,burmese,28,Conscientiousness,-,၃,3
3,aisingapore/Llama-SEA-LION-v3.5-8B-R,burmese,29,Neuroticism,+,၃,3
3,aisingapore/Llama-SEA-LION-v3.5-8B-R,burmese,30,Openness,-,၃,3
3,aisingapore/Llama-SEA-LION-v3.5-8B-R,burmese,31,Extraversion,+,၄,4
3,aisingapore/Llama-SEA-LION-v3.5-8B-R,burmese,32,Agreeableness,-,4,4
3,aisingapore/Llama-SEA-LION-v3.5-8B-R,burmese,33,Conscientiousness,+,၄,4
3,aisingapore/Llama-SEA-LION-v3.5-8B-R,burmese,34,Neuroticism,+,၃,3
3,aisingapore/Llama-SEA-LION-v3.5-8B-R,burmese,35,Openness,+,၃,3
3,aisingapore/Llama-SEA-LION-v3.5-8B-R,burmese,36,Extraversion,-,၃,3
3,aisingapore/Llama-SEA-LION-v3.5-8B-R,burmese,37,Agreeableness,+,၃,3
3,aisingapore/Llama-SEA-LION-v3.5-8B-R,burmese,38,Conscientiousness,-,၃,3
3,aisingapore/Llama-SEA-LION-v3.5-8B-R,burmese,39,Neuroticism,+,၃,3
3,aisingapore/Llama-SEA-LION-v3.5-8B-R,burmese,40,Openness,+,၃,3
3,aisingapore/Llama-SEA-LION-v3.5-8B-R,burmese,41,Extraversion,+,3,3
3,aisingapore/Llama-SEA-LION-v3.5-8B-R,burmese,42,Agreeableness,+,၃,3
3,aisingapore/Llama-SEA-LION-v3.5-8B-R,burmese,43,Conscientiousness,+,၃,3
3,aisingapore/Llama-SEA-LION-v3.5-8B-R,burmese,44,Neuroticism,+,၃,3
3,aisingapore/Llama-SEA-LION-v3.5-8B-R,burmese,45,Openness,+,၃,3
3,aisingapore/Llama-SEA-LION-v3.5-8B-R,burmese,46,Extraversion,-,၃,3
3,aisingapore/Llama-SEA-LION-v3.5-8B-R,burmese,47,Agreeableness,+,၃,3
3,aisingapore/Llama-SEA-LION-v3.5-8B-R,burmese,48,Conscientiousness,+,၅,5
3,aisingapore/Llama-SEA-LION-v3.5-8B-R,burmese,49,Neuroticism,+,၃,3
3,aisingapore/Llama-SEA-LION-v3.5-8B-R,burmese,50,Openness,+,၃,3
4,aisingapore/Llama-SEA-LION-v3.5-8B-R,burmese,1,Extraversion,+,၃,3
4,aisingapore/Llama-SEA-LION-v3.5-8B-R,burmese,2,Agreeableness,-,၃,3
4,aisingapore/Llama-SEA-LION-v3.5-8B-R,burmese,3,Conscientiousness,+,၃,3
4,aisingapore/Llama-SEA-LION-v3.5-8B-R,burmese,4,Neuroticism,+,4,4
4,aisingapore/Llama-SEA-LION-v3.5-8B-R,burmese,5,Openness,+,၃,3
4,aisingapore/Llama-SEA-LION-v3.5-8B-R,burmese,6,Extraversion,-,5,5
4,aisingapore/Llama-SEA-LION-v3.5-8B-R,burmese,7,Agreeableness,+,၃,3
4,aisingapore/Llama-SEA-LION-v3.5-8B-R,burmese,8,Conscientiousness,-,၃,3
4,aisingapore/Llama-SEA-LION-v3.5-8B-R,burmese,9,Neuroticism,-,၃,3
4,aisingapore/Llama-SEA-LION-v3.5-8B-R,burmese,10,Openness,-,3,3
4,aisingapore/Llama-SEA-LION-v3.5-8B-R,burmese,11,Extraversion,+,၃,3
4,aisingapore/Llama-SEA-LION-v3.5-8B-R,burmese,12,Agreeableness,-,၃,3
4,aisingapore/Llama-SEA-LION-v3.5-8B-R,burmese,13,Conscientiousness,+,3,3
4,aisingapore/Llama-SEA-LION-v3.5-8B-R,burmese,14,Neuroticism,+,၃,3
4,aisingapore/Llama-SEA-LION-v3.5-8B-R,burmese,15,Openness,+,၃,3
4,aisingapore/Llama-SEA-LION-v3.5-8B-R,burmese,16,Extraversion,-,၃,3
4,aisingapore/Llama-SEA-LION-v3.5-8B-R,burmese,17,Agreeableness,+,၃,3
4,aisingapore/Llama-SEA-LION-v3.5-8B-R,burmese,18,Conscientiousness,-,၃,3
4,aisingapore/Llama-SEA-LION-v3.5-8B-R,burmese,19,Neuroticism,-,၃,3
4,aisingapore/Llama-SEA-LION-v3.5-8B-R,burmese,20,Openness,-,၃,3
4,aisingapore/Llama-SEA-LION-v3.5-8B-R,burmese,21,Extraversion,+,3,3
4,aisingapore/Llama-SEA-LION-v3.5-8B-R,burmese,22,Agreeableness,-,၃,3
4,aisingapore/Llama-SEA-LION-v3.5-8B-R,burmese,23,Conscientiousness,+,၄,4
4,aisingapore/Llama-SEA-LION-v3.5-8B-R,burmese,24,Neuroticism,+,၃,3
4,aisingapore/Llama-SEA-LION-v3.5-8B-R,burmese,25,Openness,+,၃,3
4,aisingapore/Llama-SEA-LION-v3.5-8B-R,burmese,26,Extraversion,-,၃,3
4,aisingapore/Llama-SEA-LION-v3.5-8B-R,burmese,27,Agreeableness,+,3,3
4,aisingapore/Llama-SEA-LION-v3.5-8B-R,burmese,28,Conscientiousness,-,၃,3
4,aisingapore/Llama-SEA-LION-v3.5-8B-R,burmese,29,Neuroticism,+,3,3
4,aisingapore/Llama-SEA-LION-v3.5-8B-R,burmese,30,Openness,-,၃,3
4,aisingapore/Llama-SEA-LION-v3.5-8B-R,burmese,31,Extraversion,+,၃,3
4,aisingapore/Llama-SEA-LION-v3.5-8B-R,burmese,32,Agreeableness,-,၄,4
4,aisingapore/Llama-SEA-LION-v3.5-8B-R,burmese,33,Conscientiousness,+,၃,3
4,aisingapore/Llama-SEA-LION-v3.5-8B-R,burmese,34,Neuroticism,+,၃,3
4,aisingapore/Llama-SEA-LION-v3.5-8B-R,burmese,35,Openness,+,၃,3
4,aisingapore/Llama-SEA-LION-v3.5-8B-R,burmese,36,Extraversion,-,4,4
4,aisingapore/Llama-SEA-LION-v3.5-8B-R,burmese,37,Agreeableness,+,၃,3
4,aisingapore/Llama-SEA-LION-v3.5-8B-R,burmese,38,Conscientiousness,-,၃,3
4,aisingapore/Llama-SEA-LION-v3.5-8B-R,burmese,39,Neuroticism,+,၃,3
4,aisingapore/Llama-SEA-LION-v3.5-8B-R,burmese,40,Openness,+,3,3
4,aisingapore/Llama-SEA-LION-v3.5-8B-R,burmese,41,Extraversion,+,၃,3
4,aisingapore/Llama-SEA-LION-v3.5-8B-R,burmese,42,Agreeableness,+,၃,3
4,aisingapore/Llama-SEA-LION-v3.5-8B-R,burmese,43,Conscientiousness,+,၃,3
4,aisingapore/Llama-SEA-LION-v3.5-8B-R,burmese,44,Neuroticism,+,၃,3
4,aisingapore/Llama-SEA-LION-v3.5-8B-R,burmese,45,Openness,+,၃,3
4,aisingapore/Llama-SEA-LION-v3.5-8B-R,burmese,46,Extraversion,-,၃,3
4,aisingapore/Llama-SEA-LION-v3.5-8B-R,burmese,47,Agreeableness,+,3,3
4,aisingapore/Llama-SEA-LION-v3.5-8B-R,burmese,48,Conscientiousness,+,၃,3
4,aisingapore/Llama-SEA-LION-v3.5-8B-R,burmese,49,Neuroticism,+,၃,3
4,aisingapore/Llama-SEA-LION-v3.5-8B-R,burmese,50,Openness,+,၃,3
5,aisingapore/Llama-SEA-LION-v3.5-8B-R,burmese,1,Extraversion,+,၃,3
5,aisingapore/Llama-SEA-LION-v3.5-8B-R,burmese,2,Agreeableness,-,၄,4
5,aisingapore/Llama-SEA-LION-v3.5-8B-R,burmese,3,Conscientiousness,+,၃,3
5,aisingapore/Llama-SEA-LION-v3.5-8B-R,burmese,4,Neuroticism,+,၃,3
5,aisingapore/Llama-SEA-LION-v3.5-8B-R,burmese,5,Openness,+,၅,5
5,aisingapore/Llama-SEA-LION-v3.5-8B-R,burmese,6,Extraversion,-,၃,3
5,aisingapore/Llama-SEA-LION-v3.5-8B-R,burmese,7,Agreeableness,+,၃,3
5,aisingapore/Llama-SEA-LION-v3.5-8B-R,burmese,8,Conscientiousness,-,၃,3
5,aisingapore/Llama-SEA-LION-v3.5-8B-R,burmese,9,Neuroticism,-,၃,3
5,aisingapore/Llama-SEA-LION-v3.5-8B-R,burmese,10,Openness,-,4,4
5,aisingapore/Llama-SEA-LION-v3.5-8B-R,burmese,11,Extraversion,+,၃,3
5,aisingapore/Llama-SEA-LION-v3.5-8B-R,burmese,12,Agreeableness,-,၃,3
5,aisingapore/Llama-SEA-LION-v3.5-8B-R,burmese,13,Conscientiousness,+,၃,3
5,aisingapore/Llama-SEA-LION-v3.5-8B-R,burmese,14,Neuroticism,+,၃,3
5,aisingapore/Llama-SEA-LION-v3.5-8B-R,burmese,15,Openness,+,၃,3
5,aisingapore/Llama-SEA-LION-v3.5-8B-R,burmese,16,Extraversion,-,၃,3
5,aisingapore/Llama-SEA-LION-v3.5-8B-R,burmese,17,Agreeableness,+,၃,3
5,aisingapore/Llama-SEA-LION-v3.5-8B-R,burmese,18,Conscientiousness,-,၅,5
5,aisingapore/Llama-SEA-LION-v3.5-8B-R,burmese,19,Neuroticism,-,၃,3
5,aisingapore/Llama-SEA-LION-v3.5-8B-R,burmese,20,Openness,-,၄,4
5,aisingapore/Llama-SEA-LION-v3.5-8B-R,burmese,21,Extraversion,+,၃,3
5,aisingapore/Llama-SEA-LION-v3.5-8B-R,burmese,22,Agreeableness,-,၃,3
5,aisingapore/Llama-SEA-LION-v3.5-8B-R,burmese,23,Conscientiousness,+,၃,3
5,aisingapore/Llama-SEA-LION-v3.5-8B-R,burmese,24,Neuroticism,+,၃,3
5,aisingapore/Llama-SEA-LION-v3.5-8B-R,burmese,25,Openness,+,၄,4
5,aisingapore/Llama-SEA-LION-v3.5-8B-R,burmese,26,Extraversion,-,၃,3
5,aisingapore/Llama-SEA-LION-v3.5-8B-R,burmese,27,Agreeableness,+,3,3
5,aisingapore/Llama-SEA-LION-v3.5-8B-R,burmese,28,Conscientiousness,-,၃,3
5,aisingapore/Llama-SEA-LION-v3.5-8B-R,burmese,29,Neuroticism,+,၃,3
5,aisingapore/Llama-SEA-LION-v3.5-8B-R,burmese,30,Openness,-,၄,4
5,aisingapore/Llama-SEA-LION-v3.5-8B-R,burmese,31,Extraversion,+,4,4
5,aisingapore/Llama-SEA-LION-v3.5-8B-R,burmese,32,Agreeableness,-,၃,3
5,aisingapore/Llama-SEA-LION-v3.5-8B-R,burmese,33,Conscientiousness,+,၃,3
5,aisingapore/Llama-SEA-LION-v3.5-8B-R,burmese,34,Neuroticism,+,၃,3
5,aisingapore/Llama-SEA-LION-v3.5-8B-R,burmese,35,Openness,+,4,4
5,aisingapore/Llama-SEA-LION-v3.5-8B-R,burmese,36,Extraversion,-,၃,3
5,aisingapore/Llama-SEA-LION-v3.5-8B-R,burmese,37,Agreeableness,+,၃,3
5,aisingapore/Llama-SEA-LION-v3.5-8B-R,burmese,38,Conscientiousness,-,၃,3
5,aisingapore/Llama-SEA-LION-v3.5-8B-R,burmese,39,Neuroticism,+,၃,3
5,aisingapore/Llama-SEA-LION-v3.5-8B-R,burmese,40,Openness,+,၃,3
5,aisingapore/Llama-SEA-LION-v3.5-8B-R,burmese,41,Extraversion,+,၃,3
5,aisingapore/Llama-SEA-LION-v3.5-8B-R,burmese,42,Agreeableness,+,၃,3
5,aisingapore/Llama-SEA-LION-v3.5-8B-R,burmese,43,Conscientiousness,+,၃,3
5,aisingapore/Llama-SEA-LION-v3.5-8B-R,burmese,44,Neuroticism,+,၃,3
5,aisingapore/Llama-SEA-LION-v3.5-8B-R,burmese,45,Openness,+,3,3
5,aisingapore/Llama-SEA-LION-v3.5-8B-R,burmese,46,Extraversion,-,၃,3
5,aisingapore/Llama-SEA-LION-v3.5-8B-R,burmese,47,Agreeableness,+,၃,3
5,aisingapore/Llama-SEA-LION-v3.5-8B-R,burmese,48,Conscientiousness,+,4,4
5,aisingapore/Llama-SEA-LION-v3.5-8B-R,burmese,49,Neuroticism,+,၃,3
5,aisingapore/Llama-SEA-LION-v3.5-8B-R,burmese,50,Openness,+,၃,3
6,aisingapore/Llama-SEA-LION-v3.5-8B-R,burmese,1,Extraversion,+,၃,3
6,aisingapore/Llama-SEA-LION-v3.5-8B-R,burmese,2,Agreeableness,-,4,4
6,aisingapore/Llama-SEA-LION-v3.5-8B-R,burmese,3,Conscientiousness,+,၃,3
6,aisingapore/Llama-SEA-LION-v3.5-8B-R,burmese,4,Neuroticism,+,3,3
6,aisingapore/Llama-SEA-LION-v3.5-8B-R,burmese,5,Openness,+,5,5
6,aisingapore/Llama-SEA-LION-v3.5-8B-R,burmese,6,Extraversion,-,၃,3
6,aisingapore/Llama-SEA-LION-v3.5-8B-R,burmese,7,Agreeableness,+,၃,3
6,aisingapore/Llama-SEA-LION-v3.5-8B-R,burmese,8,Conscientiousness,-,၃,3
6,aisingapore/Llama-SEA-LION-v3.5-8B-R,burmese,9,Neuroticism,-,4,4
6,aisingapore/Llama-SEA-LION-v3.5-8B-R,burmese,10,Openness,-,၃,3
6,aisingapore/Llama-SEA-LION-v3.5-8B-R,burmese,11,Extraversion,+,၃,3
6,aisingapore/Llama-SEA-LION-v3.5-8B-R,burmese,12,Agreeableness,-,၃,3
6,aisingapore/Llama-SEA-LION-v3.5-8B-R,burmese,13,Conscientiousness,+,3,3
6,aisingapore/Llama-SEA-LION-v3.5-8B-R,burmese,14,Neuroticism,+,၃,3
6,aisingapore/Llama-SEA-LION-v3.5-8B-R,burmese,15,Openness,+,၃,3
6,aisingapore/Llama-SEA-LION-v3.5-8B-R,burmese,16,Extraversion,-,၃,3
6,aisingapore/Llama-SEA-LION-v3.5-8B-R,burmese,17,Agreeableness,+,၃,3
6,aisingapore/Llama-SEA-LION-v3.5-8B-R,burmese,18,Conscientiousness,-,၃,3
6,aisingapore/Llama-SEA-LION-v3.5-8B-R,burmese,19,Neuroticism,-,၃,3
6,aisingapore/Llama-SEA-LION-v3.5-8B-R,burmese,20,Openness,-,၃,3
6,aisingapore/Llama-SEA-LION-v3.5-8B-R,burmese,21,Extraversion,+,၃,3
6,aisingapore/Llama-SEA-LION-v3.5-8B-R,burmese,22,Agreeableness,-,၃,3
6,aisingapore/Llama-SEA-LION-v3.5-8B-R,burmese,23,Conscientiousness,+,၃,3
6,aisingapore/Llama-SEA-LION-v3.5-8B-R,burmese,24,Neuroticism,+,4,4
6,aisingapore/Llama-SEA-LION-v3.5-8B-R,burmese,25,Openness,+,၃,3
6,aisingapore/Llama-SEA-LION-v3.5-8B-R,burmese,26,Extraversion,-,၃,3
6,aisingapore/Llama-SEA-LION-v3.5-8B-R,burmese,27,Agreeableness,+,၃,3
6,aisingapore/Llama-SEA-LION-v3.5-8B-R,burmese,28,Conscientiousness,-,၃,3
6,aisingapore/Llama-SEA-LION-v3.5-8B-R,burmese,29,Neuroticism,+,3,3
6,aisingapore/Llama-SEA-LION-v3.5-8B-R,burmese,30,Openness,-,4,4
6,aisingapore/Llama-SEA-LION-v3.5-8B-R,burmese,31,Extraversion,+,၃,3
6,aisingapore/Llama-SEA-LION-v3.5-8B-R,burmese,32,Agreeableness,-,၄,4
6,aisingapore/Llama-SEA-LION-v3.5-8B-R,burmese,33,Conscientiousness,+,၃,3
6,aisingapore/Llama-SEA-LION-v3.5-8B-R,burmese,34,Neuroticism,+,၃,3
6,aisingapore/Llama-SEA-LION-v3.5-8B-R,burmese,35,Openness,+,3,3
6,aisingapore/Llama-SEA-LION-v3.5-8B-R,burmese,36,Extraversion,-,၃,3
6,aisingapore/Llama-SEA-LION-v3.5-8B-R,burmese,37,Agreeableness,+,၄,4
6,aisingapore/Llama-SEA-LION-v3.5-8B-R,burmese,38,Conscientiousness,-,၃,3
6,aisingapore/Llama-SEA-LION-v3.5-8B-R,burmese,39,Neuroticism,+,၃,3
6,aisingapore/Llama-SEA-LION-v3.5-8B-R,burmese,40,Openness,+,၃,3
6,aisingapore/Llama-SEA-LION-v3.5-8B-R,burmese,41,Extraversion,+,၃,3
6,aisingapore/Llama-SEA-LION-v3.5-8B-R,burmese,42,Agreeableness,+,3,3
6,aisingapore/Llama-SEA-LION-v3.5-8B-R,burmese,43,Conscientiousness,+,၃,3
6,aisingapore/Llama-SEA-LION-v3.5-8B-R,burmese,44,Neuroticism,+,၃,3
6,aisingapore/Llama-SEA-LION-v3.5-8B-R,burmese,45,Openness,+,၃,3
6,aisingapore/Llama-SEA-LION-v3.5-8B-R,burmese,46,Extraversion,-,၃,3
6,aisingapore/Llama-SEA-LION-v3.5-8B-R,burmese,47,Agreeableness,+,၃,3
6,aisingapore/Llama-SEA-LION-v3.5-8B-R,burmese,48,Conscientiousness,+,4,4
6,aisingapore/Llama-SEA-LION-v3.5-8B-R,burmese,49,Neuroticism,+,၃,3
6,aisingapore/Llama-SEA-LION-v3.5-8B-R,burmese,50,Openness,+,၃,3
7,aisingapore/Llama-SEA-LION-v3.5-8B-R,burmese,1,Extraversion,+,၃,3
7,aisingapore/Llama-SEA-LION-v3.5-8B-R,burmese,2,Agreeableness,-,၃,3
7,aisingapore/Llama-SEA-LION-v3.5-8B-R,burmese,3,Conscientiousness,+,၃,3
7,aisingapore/Llama-SEA-LION-v3.5-8B-R,burmese,4,Neuroticism,+,၃,3
7,aisingapore/Llama-SEA-LION-v3.5-8B-R,burmese,5,Openness,+,၅,5
7,aisingapore/Llama-SEA-LION-v3.5-8B-R,burmese,6,Extraversion,-,၄,4
7,aisingapore/Llama-SEA-LION-v3.5-8B-R,burmese,7,Agreeableness,+,၃,3
7,aisingapore/Llama-SEA-LION-v3.5-8B-R,burmese,8,Conscientiousness,-,၃,3
7,aisingapore/Llama-SEA-LION-v3.5-8B-R,burmese,9,Neuroticism,-,၄,4
7,aisingapore/Llama-SEA-LION-v3.5-8B-R,burmese,10,Openness,-,၃,3
7,aisingapore/Llama-SEA-LION-v3.5-8B-R,burmese,11,Extraversion,+,၃,3
7,aisingapore/Llama-SEA-LION-v3.5-8B-R,burmese,12,Agreeableness,-,၄,4
7,aisingapore/Llama-SEA-LION-v3.5-8B-R,burmese,13,Conscientiousness,+,၃,3
7,aisingapore/Llama-SEA-LION-v3.5-8B-R,burmese,14,Neuroticism,+,၃,3
7,aisingapore/Llama-SEA-LION-v3.5-8B-R,burmese,15,Openness,+,4,4
7,aisingapore/Llama-SEA-LION-v3.5-8B-R,burmese,16,Extraversion,-,၃,3
7,aisingapore/Llama-SEA-LION-v3.5-8B-R,burmese,17,Agreeableness,+,4,4
7,aisingapore/Llama-SEA-LION-v3.5-8B-R,burmese,18,Conscientiousness,-,၃,3
7,aisingapore/Llama-SEA-LION-v3.5-8B-R,burmese,19,Neuroticism,-,3,3
7,aisingapore/Llama-SEA-LION-v3.5-8B-R,burmese,20,Openness,-,၃,3
7,aisingapore/Llama-SEA-LION-v3.5-8B-R,burmese,21,Extraversion,+,၃,3
7,aisingapore/Llama-SEA-LION-v3.5-8B-R,burmese,22,Agreeableness,-,၃,3
7,aisingapore/Llama-SEA-LION-v3.5-8B-R,burmese,23,Conscientiousness,+,၄,4
7,aisingapore/Llama-SEA-LION-v3.5-8B-R,burmese,24,Neuroticism,+,၃,3
7,aisingapore/Llama-SEA-LION-v3.5-8B-R,burmese,25,Openness,+,၃,3
7,aisingapore/Llama-SEA-LION-v3.5-8B-R,burmese,26,Extraversion,-,၃,3
7,aisingapore/Llama-SEA-LION-v3.5-8B-R,burmese,27,Agreeableness,+,၃,3
7,aisingapore/Llama-SEA-LION-v3.5-8B-R,burmese,28,Conscientiousness,-,၃,3
7,aisingapore/Llama-SEA-LION-v3.5-8B-R,burmese,29,Neuroticism,+,၃,3
7,aisingapore/Llama-SEA-LION-v3.5-8B-R,burmese,30,Openness,-,၄,4
7,aisingapore/Llama-SEA-LION-v3.5-8B-R,burmese,31,Extraversion,+,၃,3
7,aisingapore/Llama-SEA-LION-v3.5-8B-R,burmese,32,Agreeableness,-,၃,3
7,aisingapore/Llama-SEA-LION-v3.5-8B-R,burmese,33,Conscientiousness,+,၃,3
7,aisingapore/Llama-SEA-LION-v3.5-8B-R,burmese,34,Neuroticism,+,၃,3
7,aisingapore/Llama-SEA-LION-v3.5-8B-R,burmese,35,Openness,+,4,4
7,aisingapore/Llama-SEA-LION-v3.5-8B-R,burmese,36,Extraversion,-,3,3
7,aisingapore/Llama-SEA-LION-v3.5-8B-R,burmese,37,Agreeableness,+,၃,3
7,aisingapore/Llama-SEA-LION-v3.5-8B-R,burmese,38,Conscientiousness,-,၃,3
7,aisingapore/Llama-SEA-LION-v3.5-8B-R,burmese,39,Neuroticism,+,၃,3
7,aisingapore/Llama-SEA-LION-v3.5-8B-R,burmese,40,Openness,+,၅,5
7,aisingapore/Llama-SEA-LION-v3.5-8B-R,burmese,41,Extraversion,+,၄,4
7,aisingapore/Llama-SEA-LION-v3.5-8B-R,burmese,42,Agreeableness,+,၃,3
7,aisingapore/Llama-SEA-LION-v3.5-8B-R,burmese,43,Conscientiousness,+,၄,4
7,aisingapore/Llama-SEA-LION-v3.5-8B-R,burmese,44,Neuroticism,+,၃,3
7,aisingapore/Llama-SEA-LION-v3.5-8B-R,burmese,45,Openness,+,၃,3
7,aisingapore/Llama-SEA-LION-v3.5-8B-R,burmese,46,Extraversion,-,3,3
7,aisingapore/Llama-SEA-LION-v3.5-8B-R,burmese,47,Agreeableness,+,၃,3
7,aisingapore/Llama-SEA-LION-v3.5-8B-R,burmese,48,Conscientiousness,+,၃,3
7,aisingapore/Llama-SEA-LION-v3.5-8B-R,burmese,49,Neuroticism,+,၄,4
7,aisingapore/Llama-SEA-LION-v3.5-8B-R,burmese,50,Openness,+,၃,3
8,aisingapore/Llama-SEA-LION-v3.5-8B-R,burmese,1,Extraversion,+,၃,3
8,aisingapore/Llama-SEA-LION-v3.5-8B-R,burmese,2,Agreeableness,-,၄,4
8,aisingapore/Llama-SEA-LION-v3.5-8B-R,burmese,3,Conscientiousness,+,၃,3
8,aisingapore/Llama-SEA-LION-v3.5-8B-R,burmese,4,Neuroticism,+,၄,4
8,aisingapore/Llama-SEA-LION-v3.5-8B-R,burmese,5,Openness,+,၃,3
8,aisingapore/Llama-SEA-LION-v3.5-8B-R,burmese,6,Extraversion,-,၃,3
8,aisingapore/Llama-SEA-LION-v3.5-8B-R,burmese,7,Agreeableness,+,၃,3
8,aisingapore/Llama-SEA-LION-v3.5-8B-R,burmese,8,Conscientiousness,-,၃,3
8,aisingapore/Llama-SEA-LION-v3.5-8B-R,burmese,9,Neuroticism,-,၃,3
8,aisingapore/Llama-SEA-LION-v3.5-8B-R,burmese,10,Openness,-,၃,3
8,aisingapore/Llama-SEA-LION-v3.5-8B-R,burmese,11,Extraversion,+,၃,3
8,aisingapore/Llama-SEA-LION-v3.5-8B-R,burmese,12,Agreeableness,-,၃,3
8,aisingapore/Llama-SEA-LION-v3.5-8B-R,burmese,13,Conscientiousness,+,4,4
8,aisingapore/Llama-SEA-LION-v3.5-8B-R,burmese,14,Neuroticism,+,၃,3
8,aisingapore/Llama-SEA-LION-v3.5-8B-R,burmese,15,Openness,+,၃,3
8,aisingapore/Llama-SEA-LION-v3.5-8B-R,burmese,16,Extraversion,-,၃,3
8,aisingapore/Llama-SEA-LION-v3.5-8B-R,burmese,17,Agreeableness,+,4,4
8,aisingapore/Llama-SEA-LION-v3.5-8B-R,burmese,18,Conscientiousness,-,၃,3
8,aisingapore/Llama-SEA-LION-v3.5-8B-R,burmese,19,Neuroticism,-,၃,3
8,aisingapore/Llama-SEA-LION-v3.5-8B-R,burmese,20,Openness,-,၃,3
8,aisingapore/Llama-SEA-LION-v3.5-8B-R,burmese,21,Extraversion,+,၃,3
8,aisingapore/Llama-SEA-LION-v3.5-8B-R,burmese,22,Agreeableness,-,၃,3
8,aisingapore/Llama-SEA-LION-v3.5-8B-R,burmese,23,Conscientiousness,+,၃,3
8,aisingapore/Llama-SEA-LION-v3.5-8B-R,burmese,24,Neuroticism,+,၃,3
8,aisingapore/Llama-SEA-LION-v3.5-8B-R,burmese,25,Openness,+,၃,3
8,aisingapore/Llama-SEA-LION-v3.5-8B-R,burmese,26,Extraversion,-,၃,3
8,aisingapore/Llama-SEA-LION-v3.5-8B-R,burmese,27,Agreeableness,+,၃,3
8,aisingapore/Llama-SEA-LION-v3.5-8B-R,burmese,28,Conscientiousness,-,၃,3
8,aisingapore/Llama-SEA-LION-v3.5-8B-R,burmese,29,Neuroticism,+,၃,3
8,aisingapore/Llama-SEA-LION-v3.5-8B-R,burmese,30,Openness,-,၃,3
8,aisingapore/Llama-SEA-LION-v3.5-8B-R,burmese,31,Extraversion,+,၃,3
8,aisingapore/Llama-SEA-LION-v3.5-8B-R,burmese,32,Agreeableness,-,၃,3
8,aisingapore/Llama-SEA-LION-v3.5-8B-R,burmese,33,Conscientiousness,+,4,4
8,aisingapore/Llama-SEA-LION-v3.5-8B-R,burmese,34,Neuroticism,+,၃,3
8,aisingapore/Llama-SEA-LION-v3.5-8B-R,burmese,35,Openness,+,၄,4
8,aisingapore/Llama-SEA-LION-v3.5-8B-R,burmese,36,Extraversion,-,၃,3
8,aisingapore/Llama-SEA-LION-v3.5-8B-R,burmese,37,Agreeableness,+,၄,4
8,aisingapore/Llama-SEA-LION-v3.5-8B-R,burmese,38,Conscientiousness,-,၃,3
8,aisingapore/Llama-SEA-LION-v3.5-8B-R,burmese,39,Neuroticism,+,၃,3
8,aisingapore/Llama-SEA-LION-v3.5-8B-R,burmese,40,Openness,+,၃,3
8,aisingapore/Llama-SEA-LION-v3.5-8B-R,burmese,41,Extraversion,+,၃,3
8,aisingapore/Llama-SEA-LION-v3.5-8B-R,burmese,42,Agreeableness,+,4,4
8,aisingapore/Llama-SEA-LION-v3.5-8B-R,burmese,43,Conscientiousness,+,၃,3
8,aisingapore/Llama-SEA-LION-v3.5-8B-R,burmese,44,Neuroticism,+,၃,3
8,aisingapore/Llama-SEA-LION-v3.5-8B-R,burmese,45,Openness,+,4,4
8,aisingapore/Llama-SEA-LION-v3.5-8B-R,burmese,46,Extraversion,-,၃,3
8,aisingapore/Llama-SEA-LION-v3.5-8B-R,burmese,47,Agreeableness,+,၃,3
8,aisingapore/Llama-SEA-LION-v3.5-8B-R,burmese,48,Conscientiousness,+,၃,3
8,aisingapore/Llama-SEA-LION-v3.5-8B-R,burmese,49,Neuroticism,+,၃,3
8,aisingapore/Llama-SEA-LION-v3.5-8B-R,burmese,50,Openness,+,3,3
9,aisingapore/Llama-SEA-LION-v3.5-8B-R,burmese,1,Extraversion,+,၃,3
9,aisingapore/Llama-SEA-LION-v3.5-8B-R,burmese,2,Agreeableness,-,၃,3
9,aisingapore/Llama-SEA-LION-v3.5-8B-R,burmese,3,Conscientiousness,+,၃,3
9,aisingapore/Llama-SEA-LION-v3.5-8B-R,burmese,4,Neuroticism,+,၃,3
9,aisingapore/Llama-SEA-LION-v3.5-8B-R,burmese,5,Openness,+,၄,4
9,aisingapore/Llama-SEA-LION-v3.5-8B-R,burmese,6,Extraversion,-,၃,3
9,aisingapore/Llama-SEA-LION-v3.5-8B-R,burmese,7,Agreeableness,+,၃,3
9,aisingapore/Llama-SEA-LION-v3.5-8B-R,burmese,8,Conscientiousness,-,၃,3
9,aisingapore/Llama-SEA-LION-v3.5-8B-R,burmese,9,Neuroticism,-,၄,4
9,aisingapore/Llama-SEA-LION-v3.5-8B-R,burmese,10,Openness,-,၃,3
9,aisingapore/Llama-SEA-LION-v3.5-8B-R,burmese,11,Extraversion,+,၄,4
9,aisingapore/Llama-SEA-LION-v3.5-8B-R,burmese,12,Agreeableness,-,၃,3
9,aisingapore/Llama-SEA-LION-v3.5-8B-R,burmese,13,Conscientiousness,+,4,4
9,aisingapore/Llama-SEA-LION-v3.5-8B-R,burmese,14,Neuroticism,+,၃,3
9,aisingapore/Llama-SEA-LION-v3.5-8B-R,burmese,15,Openness,+,၃,3
9,aisingapore/Llama-SEA-LION-v3.5-8B-R,burmese,16,Extraversion,-,၃,3
9,aisingapore/Llama-SEA-LION-v3.5-8B-R,burmese,17,Agreeableness,+,၃,3
9,aisingapore/Llama-SEA-LION-v3.5-8B-R,burmese,18,Conscientiousness,-,5,5
9,aisingapore/Llama-SEA-LION-v3.5-8B-R,burmese,19,Neuroticism,-,၃,3
9,aisingapore/Llama-SEA-LION-v3.5-8B-R,burmese,20,Openness,-,5,5
9,aisingapore/Llama-SEA-LION-v3.5-8B-R,burmese,21,Extraversion,+,၃,3
9,aisingapore/Llama-SEA-LION-v3.5-8B-R,burmese,22,Agreeableness,-,4,4
9,aisingapore/Llama-SEA-LION-v3.5-8B-R,burmese,23,Conscientiousness,+,၃,3
9,aisingapore/Llama-SEA-LION-v3.5-8B-R,burmese,24,Neuroticism,+,4,4
9,aisingapore/Llama-SEA-LION-v3.5-8B-R,burmese,25,Openness,+,4,4
9,aisingapore/Llama-SEA-LION-v3.5-8B-R,burmese,26,Extraversion,-,၃,3
9,aisingapore/Llama-SEA-LION-v3.5-8B-R,burmese,27,Agreeableness,+,၃,3
9,aisingapore/Llama-SEA-LION-v3.5-8B-R,burmese,28,Conscientiousness,-,၃,3
9,aisingapore/Llama-SEA-LION-v3.5-8B-R,burmese,29,Neuroticism,+,၃,3
9,aisingapore/Llama-SEA-LION-v3.5-8B-R,burmese,30,Openness,-,၃,3
9,aisingapore/Llama-SEA-LION-v3.5-8B-R,burmese,31,Extraversion,+,၄,4
9,aisingapore/Llama-SEA-LION-v3.5-8B-R,burmese,32,Agreeableness,-,၃,3
9,aisingapore/Llama-SEA-LION-v3.5-8B-R,burmese,33,Conscientiousness,+,၃,3
9,aisingapore/Llama-SEA-LION-v3.5-8B-R,burmese,34,Neuroticism,+,၃,3
9,aisingapore/Llama-SEA-LION-v3.5-8B-R,burmese,35,Openness,+,4,4
9,aisingapore/Llama-SEA-LION-v3.5-8B-R,burmese,36,Extraversion,-,၃,3
9,aisingapore/Llama-SEA-LION-v3.5-8B-R,burmese,37,Agreeableness,+,၃,3
9,aisingapore/Llama-SEA-LION-v3.5-8B-R,burmese,38,Conscientiousness,-,၃,3
9,aisingapore/Llama-SEA-LION-v3.5-8B-R,burmese,39,Neuroticism,+,၄,4
9,aisingapore/Llama-SEA-LION-v3.5-8B-R,burmese,40,Openness,+,၃,3
9,aisingapore/Llama-SEA-LION-v3.5-8B-R,burmese,41,Extraversion,+,၃,3
9,aisingapore/Llama-SEA-LION-v3.5-8B-R,burmese,42,Agreeableness,+,၃,3
9,aisingapore/Llama-SEA-LION-v3.5-8B-R,burmese,43,Conscientiousness,+,၃,3
9,aisingapore/Llama-SEA-LION-v3.5-8B-R,burmese,44,Neuroticism,+,၃,3
9,aisingapore/Llama-SEA-LION-v3.5-8B-R,burmese,45,Openness,+,၃,3
9,aisingapore/Llama-SEA-LION-v3.5-8B-R,burmese,46,Extraversion,-,၃,3
9,aisingapore/Llama-SEA-LION-v3.5-8B-R,burmese,47,Agreeableness,+,4,4
9,aisingapore/Llama-SEA-LION-v3.5-8B-R,burmese,48,Conscientiousness,+,၃,3
9,aisingapore/Llama-SEA-LION-v3.5-8B-R,burmese,49,Neuroticism,+,၃,3
9,aisingapore/Llama-SEA-LION-v3.5-8B-R,burmese,50,Openness,+,4,4
10,aisingapore/Llama-SEA-LION-v3.5-8B-R,burmese,1,Extraversion,+,၃,3
10,aisingapore/Llama-SEA-LION-v3.5-8B-R,burmese,2,Agreeableness,-,၃,3
10,aisingapore/Llama-SEA-LION-v3.5-8B-R,burmese,3,Conscientiousness,+,၃,3
10,aisingapore/Llama-SEA-LION-v3.5-8B-R,burmese,4,Neuroticism,+,၃,3
10,aisingapore/Llama-SEA-LION-v3.5-8B-R,burmese,5,Openness,+,၅,5
10,aisingapore/Llama-SEA-LION-v3.5-8B-R,burmese,6,Extraversion,-,၃,3
10,aisingapore/Llama-SEA-LION-v3.5-8B-R,burmese,7,Agreeableness,+,၃,3
10,aisingapore/Llama-SEA-LION-v3.5-8B-R,burmese,8,Conscientiousness,-,၃,3
10,aisingapore/Llama-SEA-LION-v3.5-8B-R,burmese,9,Neuroticism,-,၃,3
10,aisingapore/Llama-SEA-LION-v3.5-8B-R,burmese,10,Openness,-,၃,3
10,aisingapore/Llama-SEA-LION-v3.5-8B-R,burmese,11,Extraversion,+,၃,3
10,aisingapore/Llama-SEA-LION-v3.5-8B-R,burmese,12,Agreeableness,-,၃,3
10,aisingapore/Llama-SEA-LION-v3.5-8B-R,burmese,13,Conscientiousness,+,၃,3
10,aisingapore/Llama-SEA-LION-v3.5-8B-R,burmese,14,Neuroticism,+,၃,3
10,aisingapore/Llama-SEA-LION-v3.5-8B-R,burmese,15,Openness,+,၃,3
10,aisingapore/Llama-SEA-LION-v3.5-8B-R,burmese,16,Extraversion,-,၃,3
10,aisingapore/Llama-SEA-LION-v3.5-8B-R,burmese,17,Agreeableness,+,၃,3
10,aisingapore/Llama-SEA-LION-v3.5-8B-R,burmese,18,Conscientiousness,-,၃,3
10,aisingapore/Llama-SEA-LION-v3.5-8B-R,burmese,19,Neuroticism,-,၃,3
10,aisingapore/Llama-SEA-LION-v3.5-8B-R,burmese,20,Openness,-,၃,3
10,aisingapore/Llama-SEA-LION-v3.5-8B-R,burmese,21,Extraversion,+,၃,3
10,aisingapore/Llama-SEA-LION-v3.5-8B-R,burmese,22,Agreeableness,-,၃,3
10,aisingapore/Llama-SEA-LION-v3.5-8B-R,burmese,23,Conscientiousness,+,၃,3
10,aisingapore/Llama-SEA-LION-v3.5-8B-R,burmese,24,Neuroticism,+,၃,3
10,aisingapore/Llama-SEA-LION-v3.5-8B-R,burmese,25,Openness,+,5,5
10,aisingapore/Llama-SEA-LION-v3.5-8B-R,burmese,26,Extraversion,-,၃,3
10,aisingapore/Llama-SEA-LION-v3.5-8B-R,burmese,27,Agreeableness,+,4,4
10,aisingapore/Llama-SEA-LION-v3.5-8B-R,burmese,28,Conscientiousness,-,၃,3
10,aisingapore/Llama-SEA-LION-v3.5-8B-R,burmese,29,Neuroticism,+,၃,3
10,aisingapore/Llama-SEA-LION-v3.5-8B-R,burmese,30,Openness,-,၃,3
10,aisingapore/Llama-SEA-LION-v3.5-8B-R,burmese,31,Extraversion,+,၃,3
10,aisingapore/Llama-SEA-LION-v3.5-8B-R,burmese,32,Agreeableness,-,၅,5
10,aisingapore/Llama-SEA-LION-v3.5-8B-R,burmese,33,Conscientiousness,+,၃,3
10,aisingapore/Llama-SEA-LION-v3.5-8B-R,burmese,34,Neuroticism,+,၃,3
10,aisingapore/Llama-SEA-LION-v3.5-8B-R,burmese,35,Openness,+,3,3
10,aisingapore/Llama-SEA-LION-v3.5-8B-R,burmese,36,Extraversion,-,၃,3
10,aisingapore/Llama-SEA-LION-v3.5-8B-R,burmese,37,Agreeableness,+,၃,3
10,aisingapore/Llama-SEA-LION-v3.5-8B-R,burmese,38,Conscientiousness,-,၃,3
10,aisingapore/Llama-SEA-LION-v3.5-8B-R,burmese,39,Neuroticism,+,၃,3
10,aisingapore/Llama-SEA-LION-v3.5-8B-R,burmese,40,Openness,+,၃,3
10,aisingapore/Llama-SEA-LION-v3.5-8B-R,burmese,41,Extraversion,+,၃,3
10,aisingapore/Llama-SEA-LION-v3.5-8B-R,burmese,42,Agreeableness,+,၄,4
10,aisingapore/Llama-SEA-LION-v3.5-8B-R,burmese,43,Conscientiousness,+,၃,3
10,aisingapore/Llama-SEA-LION-v3.5-8B-R,burmese,44,Neuroticism,+,၃,3
10,aisingapore/Llama-SEA-LION-v3.5-8B-R,burmese,45,Openness,+,၃,3
10,aisingapore/Llama-SEA-LION-v3.5-8B-R,burmese,46,Extraversion,-,၄,4
10,aisingapore/Llama-SEA-LION-v3.5-8B-R,burmese,47,Agreeableness,+,၃,3
10,aisingapore/Llama-SEA-LION-v3.5-8B-R,burmese,48,Conscientiousness,+,၃,3
10,aisingapore/Llama-SEA-LION-v3.5-8B-R,burmese,49,Neuroticism,+,၃,3
10,aisingapore/Llama-SEA-LION-v3.5-8B-R,burmese,50,Openness,+,၃,3
11,aisingapore/Llama-SEA-LION-v3.5-8B-R,burmese,1,Extraversion,+,3,3
11,aisingapore/Llama-SEA-LION-v3.5-8B-R,burmese,2,Agreeableness,-,၃,3
11,aisingapore/Llama-SEA-LION-v3.5-8B-R,burmese,3,Conscientiousness,+,3,3
11,aisingapore/Llama-SEA-LION-v3.5-8B-R,burmese,4,Neuroticism,+,၃,3
11,aisingapore/Llama-SEA-LION-v3.5-8B-R,burmese,5,Openness,+,၄,4
11,aisingapore/Llama-SEA-LION-v3.5-8B-R,burmese,6,Extraversion,-,၃,3
11,aisingapore/Llama-SEA-LION-v3.5-8B-R,burmese,7,Agreeableness,+,၃,3
11,aisingapore/Llama-SEA-LION-v3.5-8B-R,burmese,8,Conscientiousness,-,၃,3
11,aisingapore/Llama-SEA-LION-v3.5-8B-R,burmese,9,Neuroticism,-,၃,3
11,aisingapore/Llama-SEA-LION-v3.5-8B-R,burmese,10,Openness,-,၃,3
11,aisingapore/Llama-SEA-LION-v3.5-8B-R,burmese,11,Extraversion,+,၃,3
11,aisingapore/Llama-SEA-LION-v3.5-8B-R,burmese,12,Agreeableness,-,၃,3
11,aisingapore/Llama-SEA-LION-v3.5-8B-R,burmese,13,Conscientiousness,+,၃,3
11,aisingapore/Llama-SEA-LION-v3.5-8B-R,burmese,14,Neuroticism,+,၃,3
11,aisingapore/Llama-SEA-LION-v3.5-8B-R,burmese,15,Openness,+,၃,3
11,aisingapore/Llama-SEA-LION-v3.5-8B-R,burmese,16,Extraversion,-,၃,3
11,aisingapore/Llama-SEA-LION-v3.5-8B-R,burmese,17,Agreeableness,+,၃,3
11,aisingapore/Llama-SEA-LION-v3.5-8B-R,burmese,18,Conscientiousness,-,၃,3
11,aisingapore/Llama-SEA-LION-v3.5-8B-R,burmese,19,Neuroticism,-,၃,3
11,aisingapore/Llama-SEA-LION-v3.5-8B-R,burmese,20,Openness,-,၃,3
11,aisingapore/Llama-SEA-LION-v3.5-8B-R,burmese,21,Extraversion,+,၃,3
11,aisingapore/Llama-SEA-LION-v3.5-8B-R,burmese,22,Agreeableness,-,4,4
11,aisingapore/Llama-SEA-LION-v3.5-8B-R,burmese,23,Conscientiousness,+,၄,4
11,aisingapore/Llama-SEA-LION-v3.5-8B-R,burmese,24,Neuroticism,+,၃,3
11,aisingapore/Llama-SEA-LION-v3.5-8B-R,burmese,25,Openness,+,၃,3
11,aisingapore/Llama-SEA-LION-v3.5-8B-R,burmese,26,Extraversion,-,၃,3
11,aisingapore/Llama-SEA-LION-v3.5-8B-R,burmese,27,Agreeableness,+,၃,3
11,aisingapore/Llama-SEA-LION-v3.5-8B-R,burmese,28,Conscientiousness,-,၃,3
11,aisingapore/Llama-SEA-LION-v3.5-8B-R,burmese,29,Neuroticism,+,၃,3
11,aisingapore/Llama-SEA-LION-v3.5-8B-R,burmese,30,Openness,-,3,3
11,aisingapore/Llama-SEA-LION-v3.5-8B-R,burmese,31,Extraversion,+,၃,3
11,aisingapore/Llama-SEA-LION-v3.5-8B-R,burmese,32,Agreeableness,-,၃,3
11,aisingapore/Llama-SEA-LION-v3.5-8B-R,burmese,33,Conscientiousness,+,၃,3
11,aisingapore/Llama-SEA-LION-v3.5-8B-R,burmese,34,Neuroticism,+,၃,3
11,aisingapore/Llama-SEA-LION-v3.5-8B-R,burmese,35,Openness,+,၃,3
11,aisingapore/Llama-SEA-LION-v3.5-8B-R,burmese,36,Extraversion,-,၃,3
11,aisingapore/Llama-SEA-LION-v3.5-8B-R,burmese,37,Agreeableness,+,၄,4
11,aisingapore/Llama-SEA-LION-v3.5-8B-R,burmese,38,Conscientiousness,-,၃,3
11,aisingapore/Llama-SEA-LION-v3.5-8B-R,burmese,39,Neuroticism,+,၃,3
11,aisingapore/Llama-SEA-LION-v3.5-8B-R,burmese,40,Openness,+,၃,3
11,aisingapore/Llama-SEA-LION-v3.5-8B-R,burmese,41,Extraversion,+,၃,3
11,aisingapore/Llama-SEA-LION-v3.5-8B-R,burmese,42,Agreeableness,+,၃,3
11,aisingapore/Llama-SEA-LION-v3.5-8B-R,burmese,43,Conscientiousness,+,4,4
11,aisingapore/Llama-SEA-LION-v3.5-8B-R,burmese,44,Neuroticism,+,3,3
11,aisingapore/Llama-SEA-LION-v3.5-8B-R,burmese,45,Openness,+,၃,3
11,aisingapore/Llama-SEA-LION-v3.5-8B-R,burmese,46,Extraversion,-,3,3
11,aisingapore/Llama-SEA-LION-v3.5-8B-R,burmese,47,Agreeableness,+,3,3
11,aisingapore/Llama-SEA-LION-v3.5-8B-R,burmese,48,Conscientiousness,+,၃,3
11,aisingapore/Llama-SEA-LION-v3.5-8B-R,burmese,49,Neuroticism,+,၃,3
11,aisingapore/Llama-SEA-LION-v3.5-8B-R,burmese,50,Openness,+,၃,3
12,aisingapore/Llama-SEA-LION-v3.5-8B-R,burmese,1,Extraversion,+,၃,3
12,aisingapore/Llama-SEA-LION-v3.5-8B-R,burmese,2,Agreeableness,-,၃,3
12,aisingapore/Llama-SEA-LION-v3.5-8B-R,burmese,3,Conscientiousness,+,၃,3
12,aisingapore/Llama-SEA-LION-v3.5-8B-R,burmese,4,Neuroticism,+,၃,3
12,aisingapore/Llama-SEA-LION-v3.5-8B-R,burmese,5,Openness,+,၃,3
12,aisingapore/Llama-SEA-LION-v3.5-8B-R,burmese,6,Extraversion,-,၃,3
12,aisingapore/Llama-SEA-LION-v3.5-8B-R,burmese,7,Agreeableness,+,၃,3
12,aisingapore/Llama-SEA-LION-v3.5-8B-R,burmese,8,Conscientiousness,-,၃,3
12,aisingapore/Llama-SEA-LION-v3.5-8B-R,burmese,9,Neuroticism,-,၃,3
12,aisingapore/Llama-SEA-LION-v3.5-8B-R,burmese,10,Openness,-,၃,3
12,aisingapore/Llama-SEA-LION-v3.5-8B-R,burmese,11,Extraversion,+,၃,3
12,aisingapore/Llama-SEA-LION-v3.5-8B-R,burmese,12,Agreeableness,-,4,4
12,aisingapore/Llama-SEA-LION-v3.5-8B-R,burmese,13,Conscientiousness,+,၃,3
12,aisingapore/Llama-SEA-LION-v3.5-8B-R,burmese,14,Neuroticism,+,၃,3
12,aisingapore/Llama-SEA-LION-v3.5-8B-R,burmese,15,Openness,+,၄,4
12,aisingapore/Llama-SEA-LION-v3.5-8B-R,burmese,16,Extraversion,-,၃,3
12,aisingapore/Llama-SEA-LION-v3.5-8B-R,burmese,17,Agreeableness,+,၃,3
12,aisingapore/Llama-SEA-LION-v3.5-8B-R,burmese,18,Conscientiousness,-,၃,3
12,aisingapore/Llama-SEA-LION-v3.5-8B-R,burmese,19,Neuroticism,-,၃,3
12,aisingapore/Llama-SEA-LION-v3.5-8B-R,burmese,20,Openness,-,၃,3
12,aisingapore/Llama-SEA-LION-v3.5-8B-R,burmese,21,Extraversion,+,၃,3
12,aisingapore/Llama-SEA-LION-v3.5-8B-R,burmese,22,Agreeableness,-,၃,3
12,aisingapore/Llama-SEA-LION-v3.5-8B-R,burmese,23,Conscientiousness,+,၃,3
12,aisingapore/Llama-SEA-LION-v3.5-8B-R,burmese,24,Neuroticism,+,၃,3
12,aisingapore/Llama-SEA-LION-v3.5-8B-R,burmese,25,Openness,+,၃,3
12,aisingapore/Llama-SEA-LION-v3.5-8B-R,burmese,26,Extraversion,-,၃,3
12,aisingapore/Llama-SEA-LION-v3.5-8B-R,burmese,27,Agreeableness,+,၃,3
12,aisingapore/Llama-SEA-LION-v3.5-8B-R,burmese,28,Conscientiousness,-,၃,3
12,aisingapore/Llama-SEA-LION-v3.5-8B-R,burmese,29,Neuroticism,+,၃,3
12,aisingapore/Llama-SEA-LION-v3.5-8B-R,burmese,30,Openness,-,၃,3
12,aisingapore/Llama-SEA-LION-v3.5-8B-R,burmese,31,Extraversion,+,၃,3
12,aisingapore/Llama-SEA-LION-v3.5-8B-R,burmese,32,Agreeableness,-,၃,3
12,aisingapore/Llama-SEA-LION-v3.5-8B-R,burmese,33,Conscientiousness,+,၃,3
12,aisingapore/Llama-SEA-LION-v3.5-8B-R,burmese,34,Neuroticism,+,၃,3
12,aisingapore/Llama-SEA-LION-v3.5-8B-R,burmese,35,Openness,+,၃,3
12,aisingapore/Llama-SEA-LION-v3.5-8B-R,burmese,36,Extraversion,-,၃,3
12,aisingapore/Llama-SEA-LION-v3.5-8B-R,burmese,37,Agreeableness,+,၃,3
12,aisingapore/Llama-SEA-LION-v3.5-8B-R,burmese,38,Conscientiousness,-,၃,3
12,aisingapore/Llama-SEA-LION-v3.5-8B-R,burmese,39,Neuroticism,+,၃,3
12,aisingapore/Llama-SEA-LION-v3.5-8B-R,burmese,40,Openness,+,၃,3
12,aisingapore/Llama-SEA-LION-v3.5-8B-R,burmese,41,Extraversion,+,4,4
12,aisingapore/Llama-SEA-LION-v3.5-8B-R,burmese,42,Agreeableness,+,၃,3
12,aisingapore/Llama-SEA-LION-v3.5-8B-R,burmese,43,Conscientiousness,+,၃,3
12,aisingapore/Llama-SEA-LION-v3.5-8B-R,burmese,44,Neuroticism,+,၃,3
12,aisingapore/Llama-SEA-LION-v3.5-8B-R,burmese,45,Openness,+,၃,3
12,aisingapore/Llama-SEA-LION-v3.5-8B-R,burmese,46,Extraversion,-,3,3
12,aisingapore/Llama-SEA-LION-v3.5-8B-R,burmese,47,Agreeableness,+,၃,3
12,aisingapore/Llama-SEA-LION-v3.5-8B-R,burmese,48,Conscientiousness,+,၃,3
12,aisingapore/Llama-SEA-LION-v3.5-8B-R,burmese,49,Neuroticism,+,၃,3
12,aisingapore/Llama-SEA-LION-v3.5-8B-R,burmese,50,Openness,+,၃,3
13,aisingapore/Llama-SEA-LION-v3.5-8B-R,burmese,1,Extraversion,+,၄,4
13,aisingapore/Llama-SEA-LION-v3.5-8B-R,burmese,2,Agreeableness,-,၃,3
13,aisingapore/Llama-SEA-LION-v3.5-8B-R,burmese,3,Conscientiousness,+,၃,3
13,aisingapore/Llama-SEA-LION-v3.5-8B-R,burmese,4,Neuroticism,+,၃,3
13,aisingapore/Llama-SEA-LION-v3.5-8B-R,burmese,5,Openness,+,၃,3
13,aisingapore/Llama-SEA-LION-v3.5-8B-R,burmese,6,Extraversion,-,3,3
13,aisingapore/Llama-SEA-LION-v3.5-8B-R,burmese,7,Agreeableness,+,၃,3
13,aisingapore/Llama-SEA-LION-v3.5-8B-R,burmese,8,Conscientiousness,-,၃,3
13,aisingapore/Llama-SEA-LION-v3.5-8B-R,burmese,9,Neuroticism,-,၃,3
13,aisingapore/Llama-SEA-LION-v3.5-8B-R,burmese,10,Openness,-,4,4
13,aisingapore/Llama-SEA-LION-v3.5-8B-R,burmese,11,Extraversion,+,၃,3
13,aisingapore/Llama-SEA-LION-v3.5-8B-R,burmese,12,Agreeableness,-,၄,4
13,aisingapore/Llama-SEA-LION-v3.5-8B-R,burmese,13,Conscientiousness,+,၃,3
13,aisingapore/Llama-SEA-LION-v3.5-8B-R,burmese,14,Neuroticism,+,၃,3
13,aisingapore/Llama-SEA-LION-v3.5-8B-R,burmese,15,Openness,+,၃,3
13,aisingapore/Llama-SEA-LION-v3.5-8B-R,burmese,16,Extraversion,-,၃,3
13,aisingapore/Llama-SEA-LION-v3.5-8B-R,burmese,17,Agreeableness,+,၃,3
13,aisingapore/Llama-SEA-LION-v3.5-8B-R,burmese,18,Conscientiousness,-,၃,3
13,aisingapore/Llama-SEA-LION-v3.5-8B-R,burmese,19,Neuroticism,-,၄,4
13,aisingapore/Llama-SEA-LION-v3.5-8B-R,burmese,20,Openness,-,၃,3
13,aisingapore/Llama-SEA-LION-v3.5-8B-R,burmese,21,Extraversion,+,၃,3
13,aisingapore/Llama-SEA-LION-v3.5-8B-R,burmese,22,Agreeableness,-,၄,4
13,aisingapore/Llama-SEA-LION-v3.5-8B-R,burmese,23,Conscientiousness,+,၃,3
13,aisingapore/Llama-SEA-LION-v3.5-8B-R,burmese,24,Neuroticism,+,၃,3
13,aisingapore/Llama-SEA-LION-v3.5-8B-R,burmese,25,Openness,+,၄,4
13,aisingapore/Llama-SEA-LION-v3.5-8B-R,burmese,26,Extraversion,-,၃,3
13,aisingapore/Llama-SEA-LION-v3.5-8B-R,burmese,27,Agreeableness,+,၃,3
13,aisingapore/Llama-SEA-LION-v3.5-8B-R,burmese,28,Conscientiousness,-,၃,3
13,aisingapore/Llama-SEA-LION-v3.5-8B-R,burmese,29,Neuroticism,+,၃,3
13,aisingapore/Llama-SEA-LION-v3.5-8B-R,burmese,30,Openness,-,၃,3
13,aisingapore/Llama-SEA-LION-v3.5-8B-R,burmese,31,Extraversion,+,၃,3
13,aisingapore/Llama-SEA-LION-v3.5-8B-R,burmese,32,Agreeableness,-,၃,3
13,aisingapore/Llama-SEA-LION-v3.5-8B-R,burmese,33,Conscientiousness,+,၃,3
13,aisingapore/Llama-SEA-LION-v3.5-8B-R,burmese,34,Neuroticism,+,၃,3
13,aisingapore/Llama-SEA-LION-v3.5-8B-R,burmese,35,Openness,+,၃,3
13,aisingapore/Llama-SEA-LION-v3.5-8B-R,burmese,36,Extraversion,-,3,3
13,aisingapore/Llama-SEA-LION-v3.5-8B-R,burmese,37,Agreeableness,+,၃,3
13,aisingapore/Llama-SEA-LION-v3.5-8B-R,burmese,38,Conscientiousness,-,၃,3
13,aisingapore/Llama-SEA-LION-v3.5-8B-R,burmese,39,Neuroticism,+,၃,3
13,aisingapore/Llama-SEA-LION-v3.5-8B-R,burmese,40,Openness,+,၃,3
13,aisingapore/Llama-SEA-LION-v3.5-8B-R,burmese,41,Extraversion,+,၃,3
13,aisingapore/Llama-SEA-LION-v3.5-8B-R,burmese,42,Agreeableness,+,၃,3
13,aisingapore/Llama-SEA-LION-v3.5-8B-R,burmese,43,Conscientiousness,+,၃,3
13,aisingapore/Llama-SEA-LION-v3.5-8B-R,burmese,44,Neuroticism,+,3,3
13,aisingapore/Llama-SEA-LION-v3.5-8B-R,burmese,45,Openness,+,၃,3
13,aisingapore/Llama-SEA-LION-v3.5-8B-R,burmese,46,Extraversion,-,၃,3
13,aisingapore/Llama-SEA-LION-v3.5-8B-R,burmese,47,Agreeableness,+,၃,3
13,aisingapore/Llama-SEA-LION-v3.5-8B-R,burmese,48,Conscientiousness,+,4,4
13,aisingapore/Llama-SEA-LION-v3.5-8B-R,burmese,49,Neuroticism,+,၃,3
13,aisingapore/Llama-SEA-LION-v3.5-8B-R,burmese,50,Openness,+,၃,3
14,aisingapore/Llama-SEA-LION-v3.5-8B-R,burmese,1,Extraversion,+,၃,3
14,aisingapore/Llama-SEA-LION-v3.5-8B-R,burmese,2,Agreeableness,-,3,3
14,aisingapore/Llama-SEA-LION-v3.5-8B-R,burmese,3,Conscientiousness,+,၃,3
14,aisingapore/Llama-SEA-LION-v3.5-8B-R,burmese,4,Neuroticism,+,၄,4
14,aisingapore/Llama-SEA-LION-v3.5-8B-R,burmese,5,Openness,+,၃,3
14,aisingapore/Llama-SEA-LION-v3.5-8B-R,burmese,6,Extraversion,-,၃,3
14,aisingapore/Llama-SEA-LION-v3.5-8B-R,burmese,7,Agreeableness,+,၃,3
14,aisingapore/Llama-SEA-LION-v3.5-8B-R,burmese,8,Conscientiousness,-,၄,4
14,aisingapore/Llama-SEA-LION-v3.5-8B-R,burmese,9,Neuroticism,-,၃,3
14,aisingapore/Llama-SEA-LION-v3.5-8B-R,burmese,10,Openness,-,3,3
14,aisingapore/Llama-SEA-LION-v3.5-8B-R,burmese,11,Extraversion,+,၃,3
14,aisingapore/Llama-SEA-LION-v3.5-8B-R,burmese,12,Agreeableness,-,၃,3
14,aisingapore/Llama-SEA-LION-v3.5-8B-R,burmese,13,Conscientiousness,+,၃,3
14,aisingapore/Llama-SEA-LION-v3.5-8B-R,burmese,14,Neuroticism,+,၃,3
14,aisingapore/Llama-SEA-LION-v3.5-8B-R,burmese,15,Openness,+,၃,3
14,aisingapore/Llama-SEA-LION-v3.5-8B-R,burmese,16,Extraversion,-,၃,3
14,aisingapore/Llama-SEA-LION-v3.5-8B-R,burmese,17,Agreeableness,+,၃,3
14,aisingapore/Llama-SEA-LION-v3.5-8B-R,burmese,18,Conscientiousness,-,၃,3
14,aisingapore/Llama-SEA-LION-v3.5-8B-R,burmese,19,Neuroticism,-,၃,3
14,aisingapore/Llama-SEA-LION-v3.5-8B-R,burmese,20,Openness,-,၃,3
14,aisingapore/Llama-SEA-LION-v3.5-8B-R,burmese,21,Extraversion,+,၃,3
14,aisingapore/Llama-SEA-LION-v3.5-8B-R,burmese,22,Agreeableness,-,၃,3
14,aisingapore/Llama-SEA-LION-v3.5-8B-R,burmese,23,Conscientiousness,+,4,4
14,aisingapore/Llama-SEA-LION-v3.5-8B-R,burmese,24,Neuroticism,+,၃,3
14,aisingapore/Llama-SEA-LION-v3.5-8B-R,burmese,25,Openness,+,၃,3
14,aisingapore/Llama-SEA-LION-v3.5-8B-R,burmese,26,Extraversion,-,၃,3
14,aisingapore/Llama-SEA-LION-v3.5-8B-R,burmese,27,Agreeableness,+,၃,3
14,aisingapore/Llama-SEA-LION-v3.5-8B-R,burmese,28,Conscientiousness,-,၄,4
14,aisingapore/Llama-SEA-LION-v3.5-8B-R,burmese,29,Neuroticism,+,၃,3
14,aisingapore/Llama-SEA-LION-v3.5-8B-R,burmese,30,Openness,-,၃,3
14,aisingapore/Llama-SEA-LION-v3.5-8B-R,burmese,31,Extraversion,+,၄,4
14,aisingapore/Llama-SEA-LION-v3.5-8B-R,burmese,32,Agreeableness,-,3,3
14,aisingapore/Llama-SEA-LION-v3.5-8B-R,burmese,33,Conscientiousness,+,၃,3
14,aisingapore/Llama-SEA-LION-v3.5-8B-R,burmese,34,Neuroticism,+,၃,3
14,aisingapore/Llama-SEA-LION-v3.5-8B-R,burmese,35,Openness,+,၃,3
14,aisingapore/Llama-SEA-LION-v3.5-8B-R,burmese,36,Extraversion,-,5,5
14,aisingapore/Llama-SEA-LION-v3.5-8B-R,burmese,37,Agreeableness,+,၃,3
14,aisingapore/Llama-SEA-LION-v3.5-8B-R,burmese,38,Conscientiousness,-,၃,3
14,aisingapore/Llama-SEA-LION-v3.5-8B-R,burmese,39,Neuroticism,+,3,3
14,aisingapore/Llama-SEA-LION-v3.5-8B-R,burmese,40,Openness,+,၃,3
14,aisingapore/Llama-SEA-LION-v3.5-8B-R,burmese,41,Extraversion,+,၃,3
14,aisingapore/Llama-SEA-LION-v3.5-8B-R,burmese,42,Agreeableness,+,၃,3
14,aisingapore/Llama-SEA-LION-v3.5-8B-R,burmese,43,Conscientiousness,+,၄,4
14,aisingapore/Llama-SEA-LION-v3.5-8B-R,burmese,44,Neuroticism,+,၃,3
14,aisingapore/Llama-SEA-LION-v3.5-8B-R,burmese,45,Openness,+,၃,3
14,aisingapore/Llama-SEA-LION-v3.5-8B-R,burmese,46,Extraversion,-,၃,3
14,aisingapore/Llama-SEA-LION-v3.5-8B-R,burmese,47,Agreeableness,+,၃,3
14,aisingapore/Llama-SEA-LION-v3.5-8B-R,burmese,48,Conscientiousness,+,၄,4
14,aisingapore/Llama-SEA-LION-v3.5-8B-R,burmese,49,Neuroticism,+,၃,3
14,aisingapore/Llama-SEA-LION-v3.5-8B-R,burmese,50,Openness,+,၃,3
15,aisingapore/Llama-SEA-LION-v3.5-8B-R,burmese,1,Extraversion,+,၃,3
15,aisingapore/Llama-SEA-LION-v3.5-8B-R,burmese,2,Agreeableness,-,၃,3
15,aisingapore/Llama-SEA-LION-v3.5-8B-R,burmese,3,Conscientiousness,+,4,4
15,aisingapore/Llama-SEA-LION-v3.5-8B-R,burmese,4,Neuroticism,+,၃,3
15,aisingapore/Llama-SEA-LION-v3.5-8B-R,burmese,5,Openness,+,5,5
15,aisingapore/Llama-SEA-LION-v3.5-8B-R,burmese,6,Extraversion,-,၃,3
15,aisingapore/Llama-SEA-LION-v3.5-8B-R,burmese,7,Agreeableness,+,၃,3
15,aisingapore/Llama-SEA-LION-v3.5-8B-R,burmese,8,Conscientiousness,-,3,3
15,aisingapore/Llama-SEA-LION-v3.5-8B-R,burmese,9,Neuroticism,-,၃,3
15,aisingapore/Llama-SEA-LION-v3.5-8B-R,burmese,10,Openness,-,၃,3
15,aisingapore/Llama-SEA-LION-v3.5-8B-R,burmese,11,Extraversion,+,၃,3
15,aisingapore/Llama-SEA-LION-v3.5-8B-R,burmese,12,Agreeableness,-,၃,3
15,aisingapore/Llama-SEA-LION-v3.5-8B-R,burmese,13,Conscientiousness,+,၃,3
15,aisingapore/Llama-SEA-LION-v3.5-8B-R,burmese,14,Neuroticism,+,4,4
15,aisingapore/Llama-SEA-LION-v3.5-8B-R,burmese,15,Openness,+,4,4
15,aisingapore/Llama-SEA-LION-v3.5-8B-R,burmese,16,Extraversion,-,၃,3
15,aisingapore/Llama-SEA-LION-v3.5-8B-R,burmese,17,Agreeableness,+,၃,3
15,aisingapore/Llama-SEA-LION-v3.5-8B-R,burmese,18,Conscientiousness,-,၄,4
15,aisingapore/Llama-SEA-LION-v3.5-8B-R,burmese,19,Neuroticism,-,၃,3
15,aisingapore/Llama-SEA-LION-v3.5-8B-R,burmese,20,Openness,-,၃,3
15,aisingapore/Llama-SEA-LION-v3.5-8B-R,burmese,21,Extraversion,+,4,4
15,aisingapore/Llama-SEA-LION-v3.5-8B-R,burmese,22,Agreeableness,-,3,3
15,aisingapore/Llama-SEA-LION-v3.5-8B-R,burmese,23,Conscientiousness,+,၃,3
15,aisingapore/Llama-SEA-LION-v3.5-8B-R,burmese,24,Neuroticism,+,၃,3
15,aisingapore/Llama-SEA-LION-v3.5-8B-R,burmese,25,Openness,+,၅,5
15,aisingapore/Llama-SEA-LION-v3.5-8B-R,burmese,26,Extraversion,-,၃,3
15,aisingapore/Llama-SEA-LION-v3.5-8B-R,burmese,27,Agreeableness,+,၃,3
15,aisingapore/Llama-SEA-LION-v3.5-8B-R,burmese,28,Conscientiousness,-,၃,3
15,aisingapore/Llama-SEA-LION-v3.5-8B-R,burmese,29,Neuroticism,+,4,4
15,aisingapore/Llama-SEA-LION-v3.5-8B-R,burmese,30,Openness,-,၃,3
15,aisingapore/Llama-SEA-LION-v3.5-8B-R,burmese,31,Extraversion,+,၃,3
15,aisingapore/Llama-SEA-LION-v3.5-8B-R,burmese,32,Agreeableness,-,3,3
15,aisingapore/Llama-SEA-LION-v3.5-8B-R,burmese,33,Conscientiousness,+,၃,3
15,aisingapore/Llama-SEA-LION-v3.5-8B-R,burmese,34,Neuroticism,+,၃,3
15,aisingapore/Llama-SEA-LION-v3.5-8B-R,burmese,35,Openness,+,၃,3
15,aisingapore/Llama-SEA-LION-v3.5-8B-R,burmese,36,Extraversion,-,၃,3
15,aisingapore/Llama-SEA-LION-v3.5-8B-R,burmese,37,Agreeableness,+,၃,3
15,aisingapore/Llama-SEA-LION-v3.5-8B-R,burmese,38,Conscientiousness,-,၃,3
15,aisingapore/Llama-SEA-LION-v3.5-8B-R,burmese,39,Neuroticism,+,၃,3
15,aisingapore/Llama-SEA-LION-v3.5-8B-R,burmese,40,Openness,+,၃,3
15,aisingapore/Llama-SEA-LION-v3.5-8B-R,burmese,41,Extraversion,+,၃,3
15,aisingapore/Llama-SEA-LION-v3.5-8B-R,burmese,42,Agreeableness,+,၃,3
15,aisingapore/Llama-SEA-LION-v3.5-8B-R,burmese,43,Conscientiousness,+,၃,3
15,aisingapore/Llama-SEA-LION-v3.5-8B-R,burmese,44,Neuroticism,+,၃,3
15,aisingapore/Llama-SEA-LION-v3.5-8B-R,burmese,45,Openness,+,၃,3
15,aisingapore/Llama-SEA-LION-v3.5-8B-R,burmese,46,Extraversion,-,4,4
15,aisingapore/Llama-SEA-LION-v3.5-8B-R,burmese,47,Agreeableness,+,၃,3
15,aisingapore/Llama-SEA-LION-v3.5-8B-R,burmese,48,Conscientiousness,+,၃,3
15,aisingapore/Llama-SEA-LION-v3.5-8B-R,burmese,49,Neuroticism,+,၃,3
15,aisingapore/Llama-SEA-LION-v3.5-8B-R,burmese,50,Openness,+,၄,4
16,aisingapore/Llama-SEA-LION-v3.5-8B-R,burmese,1,Extraversion,+,၄,4
16,aisingapore/Llama-SEA-LION-v3.5-8B-R,burmese,2,Agreeableness,-,၃,3
16,aisingapore/Llama-SEA-LION-v3.5-8B-R,burmese,3,Conscientiousness,+,၃,3
16,aisingapore/Llama-SEA-LION-v3.5-8B-R,burmese,4,Neuroticism,+,၃,3
16,aisingapore/Llama-SEA-LION-v3.5-8B-R,burmese,5,Openness,+,4,4
16,aisingapore/Llama-SEA-LION-v3.5-8B-R,burmese,6,Extraversion,-,၃,3
16,aisingapore/Llama-SEA-LION-v3.5-8B-R,burmese,7,Agreeableness,+,၃,3
16,aisingapore/Llama-SEA-LION-v3.5-8B-R,burmese,8,Conscientiousness,-,၃,3
16,aisingapore/Llama-SEA-LION-v3.5-8B-R,burmese,9,Neuroticism,-,၃,3
16,aisingapore/Llama-SEA-LION-v3.5-8B-R,burmese,10,Openness,-,၃,3
16,aisingapore/Llama-SEA-LION-v3.5-8B-R,burmese,11,Extraversion,+,3,3
16,aisingapore/Llama-SEA-LION-v3.5-8B-R,burmese,12,Agreeableness,-,၄,4
16,aisingapore/Llama-SEA-LION-v3.5-8B-R,burmese,13,Conscientiousness,+,၃,3
16,aisingapore/Llama-SEA-LION-v3.5-8B-R,burmese,14,Neuroticism,+,၃,3
16,aisingapore/Llama-SEA-LION-v3.5-8B-R,burmese,15,Openness,+,၃,3
16,aisingapore/Llama-SEA-LION-v3.5-8B-R,burmese,16,Extraversion,-,၃,3
16,aisingapore/Llama-SEA-LION-v3.5-8B-R,burmese,17,Agreeableness,+,၃,3
16,aisingapore/Llama-SEA-LION-v3.5-8B-R,burmese,18,Conscientiousness,-,၃,3
16,aisingapore/Llama-SEA-LION-v3.5-8B-R,burmese,19,Neuroticism,-,4,4
16,aisingapore/Llama-SEA-LION-v3.5-8B-R,burmese,20,Openness,-,၃,3
16,aisingapore/Llama-SEA-LION-v3.5-8B-R,burmese,21,Extraversion,+,၃,3
16,aisingapore/Llama-SEA-LION-v3.5-8B-R,burmese,22,Agreeableness,-,၃,3
16,aisingapore/Llama-SEA-LION-v3.5-8B-R,burmese,23,Conscientiousness,+,၃,3
16,aisingapore/Llama-SEA-LION-v3.5-8B-R,burmese,24,Neuroticism,+,၃,3
16,aisingapore/Llama-SEA-LION-v3.5-8B-R,burmese,25,Openness,+,၅,5
16,aisingapore/Llama-SEA-LION-v3.5-8B-R,burmese,26,Extraversion,-,3,3
16,aisingapore/Llama-SEA-LION-v3.5-8B-R,burmese,27,Agreeableness,+,၃,3
16,aisingapore/Llama-SEA-LION-v3.5-8B-R,burmese,28,Conscientiousness,-,၃,3
16,aisingapore/Llama-SEA-LION-v3.5-8B-R,burmese,29,Neuroticism,+,၃,3
16,aisingapore/Llama-SEA-LION-v3.5-8B-R,burmese,30,Openness,-,၃,3
16,aisingapore/Llama-SEA-LION-v3.5-8B-R,burmese,31,Extraversion,+,၄,4
16,aisingapore/Llama-SEA-LION-v3.5-8B-R,burmese,32,Agreeableness,-,၃,3
16,aisingapore/Llama-SEA-LION-v3.5-8B-R,burmese,33,Conscientiousness,+,၃,3
16,aisingapore/Llama-SEA-LION-v3.5-8B-R,burmese,34,Neuroticism,+,4,4
16,aisingapore/Llama-SEA-LION-v3.5-8B-R,burmese,35,Openness,+,၃,3
16,aisingapore/Llama-SEA-LION-v3.5-8B-R,burmese,36,Extraversion,-,၃,3
16,aisingapore/Llama-SEA-LION-v3.5-8B-R,burmese,37,Agreeableness,+,၃,3
16,aisingapore/Llama-SEA-LION-v3.5-8B-R,burmese,38,Conscientiousness,-,၄,4
16,aisingapore/Llama-SEA-LION-v3.5-8B-R,burmese,39,Neuroticism,+,၃,3
16,aisingapore/Llama-SEA-LION-v3.5-8B-R,burmese,40,Openness,+,၅,5
16,aisingapore/Llama-SEA-LION-v3.5-8B-R,burmese,41,Extraversion,+,၃,3
16,aisingapore/Llama-SEA-LION-v3.5-8B-R,burmese,42,Agreeableness,+,၃,3
16,aisingapore/Llama-SEA-LION-v3.5-8B-R,burmese,43,Conscientiousness,+,၃,3
16,aisingapore/Llama-SEA-LION-v3.5-8B-R,burmese,44,Neuroticism,+,၃,3
16,aisingapore/Llama-SEA-LION-v3.5-8B-R,burmese,45,Openness,+,၃,3
16,aisingapore/Llama-SEA-LION-v3.5-8B-R,burmese,46,Extraversion,-,၃,3
16,aisingapore/Llama-SEA-LION-v3.5-8B-R,burmese,47,Agreeableness,+,၃,3
16,aisingapore/Llama-SEA-LION-v3.5-8B-R,burmese,48,Conscientiousness,+,၃,3
16,aisingapore/Llama-SEA-LION-v3.5-8B-R,burmese,49,Neuroticism,+,၃,3
16,aisingapore/Llama-SEA-LION-v3.5-8B-R,burmese,50,Openness,+,၃,3
17,aisingapore/Llama-SEA-LION-v3.5-8B-R,burmese,1,Extraversion,+,၃,3
17,aisingapore/Llama-SEA-LION-v3.5-8B-R,burmese,2,Agreeableness,-,၃,3
17,aisingapore/Llama-SEA-LION-v3.5-8B-R,burmese,3,Conscientiousness,+,၃,3
17,aisingapore/Llama-SEA-LION-v3.5-8B-R,burmese,4,Neuroticism,+,၃,3
17,aisingapore/Llama-SEA-LION-v3.5-8B-R,burmese,5,Openness,+,၄,4
17,aisingapore/Llama-SEA-LION-v3.5-8B-R,burmese,6,Extraversion,-,3,3
17,aisingapore/Llama-SEA-LION-v3.5-8B-R,burmese,7,Agreeableness,+,၃,3
17,aisingapore/Llama-SEA-LION-v3.5-8B-R,burmese,8,Conscientiousness,-,၃,3
17,aisingapore/Llama-SEA-LION-v3.5-8B-R,burmese,9,Neuroticism,-,၃,3
17,aisingapore/Llama-SEA-LION-v3.5-8B-R,burmese,10,Openness,-,၃,3
17,aisingapore/Llama-SEA-LION-v3.5-8B-R,burmese,11,Extraversion,+,၃,3
17,aisingapore/Llama-SEA-LION-v3.5-8B-R,burmese,12,Agreeableness,-,၃,3
17,aisingapore/Llama-SEA-LION-v3.5-8B-R,burmese,13,Conscientiousness,+,၃,3
17,aisingapore/Llama-SEA-LION-v3.5-8B-R,burmese,14,Neuroticism,+,၃,3
17,aisingapore/Llama-SEA-LION-v3.5-8B-R,burmese,15,Openness,+,၃,3
17,aisingapore/Llama-SEA-LION-v3.5-8B-R,burmese,16,Extraversion,-,၃,3
17,aisingapore/Llama-SEA-LION-v3.5-8B-R,burmese,17,Agreeableness,+,၃,3
17,aisingapore/Llama-SEA-LION-v3.5-8B-R,burmese,18,Conscientiousness,-,၃,3
17,aisingapore/Llama-SEA-LION-v3.5-8B-R,burmese,19,Neuroticism,-,၃,3
17,aisingapore/Llama-SEA-LION-v3.5-8B-R,burmese,20,Openness,-,၃,3
17,aisingapore/Llama-SEA-LION-v3.5-8B-R,burmese,21,Extraversion,+,၃,3
17,aisingapore/Llama-SEA-LION-v3.5-8B-R,burmese,22,Agreeableness,-,၃,3
17,aisingapore/Llama-SEA-LION-v3.5-8B-R,burmese,23,Conscientiousness,+,4,4
17,aisingapore/Llama-SEA-LION-v3.5-8B-R,burmese,24,Neuroticism,+,၄,4
17,aisingapore/Llama-SEA-LION-v3.5-8B-R,burmese,25,Openness,+,၃,3
17,aisingapore/Llama-SEA-LION-v3.5-8B-R,burmese,26,Extraversion,-,၃,3
17,aisingapore/Llama-SEA-LION-v3.5-8B-R,burmese,27,Agreeableness,+,၃,3
17,aisingapore/Llama-SEA-LION-v3.5-8B-R,burmese,28,Conscientiousness,-,၃,3
17,aisingapore/Llama-SEA-LION-v3.5-8B-R,burmese,29,Neuroticism,+,၃,3
17,aisingapore/Llama-SEA-LION-v3.5-8B-R,burmese,30,Openness,-,၃,3
17,aisingapore/Llama-SEA-LION-v3.5-8B-R,burmese,31,Extraversion,+,၃,3
17,aisingapore/Llama-SEA-LION-v3.5-8B-R,burmese,32,Agreeableness,-,၃,3
17,aisingapore/Llama-SEA-LION-v3.5-8B-R,burmese,33,Conscientiousness,+,၃,3
17,aisingapore/Llama-SEA-LION-v3.5-8B-R,burmese,34,Neuroticism,+,၃,3
17,aisingapore/Llama-SEA-LION-v3.5-8B-R,burmese,35,Openness,+,၃,3
17,aisingapore/Llama-SEA-LION-v3.5-8B-R,burmese,36,Extraversion,-,၃,3
17,aisingapore/Llama-SEA-LION-v3.5-8B-R,burmese,37,Agreeableness,+,၃,3
17,aisingapore/Llama-SEA-LION-v3.5-8B-R,burmese,38,Conscientiousness,-,၃,3
17,aisingapore/Llama-SEA-LION-v3.5-8B-R,burmese,39,Neuroticism,+,4,4
17,aisingapore/Llama-SEA-LION-v3.5-8B-R,burmese,40,Openness,+,4,4
17,aisingapore/Llama-SEA-LION-v3.5-8B-R,burmese,41,Extraversion,+,4,4
17,aisingapore/Llama-SEA-LION-v3.5-8B-R,burmese,42,Agreeableness,+,၃,3
17,aisingapore/Llama-SEA-LION-v3.5-8B-R,burmese,43,Conscientiousness,+,၄,4
17,aisingapore/Llama-SEA-LION-v3.5-8B-R,burmese,44,Neuroticism,+,၃,3
17,aisingapore/Llama-SEA-LION-v3.5-8B-R,burmese,45,Openness,+,၃,3
17,aisingapore/Llama-SEA-LION-v3.5-8B-R,burmese,46,Extraversion,-,4,4
17,aisingapore/Llama-SEA-LION-v3.5-8B-R,burmese,47,Agreeableness,+,၃,3
17,aisingapore/Llama-SEA-LION-v3.5-8B-R,burmese,48,Conscientiousness,+,၅,5
17,aisingapore/Llama-SEA-LION-v3.5-8B-R,burmese,49,Neuroticism,+,၃,3
17,aisingapore/Llama-SEA-LION-v3.5-8B-R,burmese,50,Openness,+,3,3
18,aisingapore/Llama-SEA-LION-v3.5-8B-R,burmese,1,Extraversion,+,၃,3
18,aisingapore/Llama-SEA-LION-v3.5-8B-R,burmese,2,Agreeableness,-,၃,3
18,aisingapore/Llama-SEA-LION-v3.5-8B-R,burmese,3,Conscientiousness,+,၃,3
18,aisingapore/Llama-SEA-LION-v3.5-8B-R,burmese,4,Neuroticism,+,၃,3
18,aisingapore/Llama-SEA-LION-v3.5-8B-R,burmese,5,Openness,+,၃,3
18,aisingapore/Llama-SEA-LION-v3.5-8B-R,burmese,6,Extraversion,-,၃,3
18,aisingapore/Llama-SEA-LION-v3.5-8B-R,burmese,7,Agreeableness,+,၃,3
18,aisingapore/Llama-SEA-LION-v3.5-8B-R,burmese,8,Conscientiousness,-,၃,3
18,aisingapore/Llama-SEA-LION-v3.5-8B-R,burmese,9,Neuroticism,-,၃,3
18,aisingapore/Llama-SEA-LION-v3.5-8B-R,burmese,10,Openness,-,၃,3
18,aisingapore/Llama-SEA-LION-v3.5-8B-R,burmese,11,Extraversion,+,၃,3
18,aisingapore/Llama-SEA-LION-v3.5-8B-R,burmese,12,Agreeableness,-,၃,3
18,aisingapore/Llama-SEA-LION-v3.5-8B-R,burmese,13,Conscientiousness,+,၃,3
18,aisingapore/Llama-SEA-LION-v3.5-8B-R,burmese,14,Neuroticism,+,၃,3
18,aisingapore/Llama-SEA-LION-v3.5-8B-R,burmese,15,Openness,+,၃,3
18,aisingapore/Llama-SEA-LION-v3.5-8B-R,burmese,16,Extraversion,-,၃,3
18,aisingapore/Llama-SEA-LION-v3.5-8B-R,burmese,17,Agreeableness,+,၃,3
18,aisingapore/Llama-SEA-LION-v3.5-8B-R,burmese,18,Conscientiousness,-,3,3
18,aisingapore/Llama-SEA-LION-v3.5-8B-R,burmese,19,Neuroticism,-,၃,3
18,aisingapore/Llama-SEA-LION-v3.5-8B-R,burmese,20,Openness,-,၄,4
18,aisingapore/Llama-SEA-LION-v3.5-8B-R,burmese,21,Extraversion,+,၅,5
18,aisingapore/Llama-SEA-LION-v3.5-8B-R,burmese,22,Agreeableness,-,၃,3
18,aisingapore/Llama-SEA-LION-v3.5-8B-R,burmese,23,Conscientiousness,+,၄,4
18,aisingapore/Llama-SEA-LION-v3.5-8B-R,burmese,24,Neuroticism,+,၃,3
18,aisingapore/Llama-SEA-LION-v3.5-8B-R,burmese,25,Openness,+,4,4
18,aisingapore/Llama-SEA-LION-v3.5-8B-R,burmese,26,Extraversion,-,၃,3
18,aisingapore/Llama-SEA-LION-v3.5-8B-R,burmese,27,Agreeableness,+,၃,3
18,aisingapore/Llama-SEA-LION-v3.5-8B-R,burmese,28,Conscientiousness,-,၃,3
18,aisingapore/Llama-SEA-LION-v3.5-8B-R,burmese,29,Neuroticism,+,၃,3
18,aisingapore/Llama-SEA-LION-v3.5-8B-R,burmese,30,Openness,-,၃,3
18,aisingapore/Llama-SEA-LION-v3.5-8B-R,burmese,31,Extraversion,+,၃,3
18,aisingapore/Llama-SEA-LION-v3.5-8B-R,burmese,32,Agreeableness,-,၅,5
18,aisingapore/Llama-SEA-LION-v3.5-8B-R,burmese,33,Conscientiousness,+,၃,3
18,aisingapore/Llama-SEA-LION-v3.5-8B-R,burmese,34,Neuroticism,+,၃,3
18,aisingapore/Llama-SEA-LION-v3.5-8B-R,burmese,35,Openness,+,၄,4
18,aisingapore/Llama-SEA-LION-v3.5-8B-R,burmese,36,Extraversion,-,၃,3
18,aisingapore/Llama-SEA-LION-v3.5-8B-R,burmese,37,Agreeableness,+,၃,3
18,aisingapore/Llama-SEA-LION-v3.5-8B-R,burmese,38,Conscientiousness,-,၃,3
18,aisingapore/Llama-SEA-LION-v3.5-8B-R,burmese,39,Neuroticism,+,၃,3
18,aisingapore/Llama-SEA-LION-v3.5-8B-R,burmese,40,Openness,+,၃,3
18,aisingapore/Llama-SEA-LION-v3.5-8B-R,burmese,41,Extraversion,+,၃,3
18,aisingapore/Llama-SEA-LION-v3.5-8B-R,burmese,42,Agreeableness,+,၃,3
18,aisingapore/Llama-SEA-LION-v3.5-8B-R,burmese,43,Conscientiousness,+,၃,3
18,aisingapore/Llama-SEA-LION-v3.5-8B-R,burmese,44,Neuroticism,+,၃,3
18,aisingapore/Llama-SEA-LION-v3.5-8B-R,burmese,45,Openness,+,၃,3
18,aisingapore/Llama-SEA-LION-v3.5-8B-R,burmese,46,Extraversion,-,၃,3
18,aisingapore/Llama-SEA-LION-v3.5-8B-R,burmese,47,Agreeableness,+,၃,3
18,aisingapore/Llama-SEA-LION-v3.5-8B-R,burmese,48,Conscientiousness,+,၄,4
18,aisingapore/Llama-SEA-LION-v3.5-8B-R,burmese,49,Neuroticism,+,၃,3
18,aisingapore/Llama-SEA-LION-v3.5-8B-R,burmese,50,Openness,+,၃,3
19,aisingapore/Llama-SEA-LION-v3.5-8B-R,burmese,1,Extraversion,+,၃,3
19,aisingapore/Llama-SEA-LION-v3.5-8B-R,burmese,2,Agreeableness,-,၄,4
19,aisingapore/Llama-SEA-LION-v3.5-8B-R,burmese,3,Conscientiousness,+,၄,4
19,aisingapore/Llama-SEA-LION-v3.5-8B-R,burmese,4,Neuroticism,+,၃,3
19,aisingapore/Llama-SEA-LION-v3.5-8B-R,burmese,5,Openness,+,၃,3
19,aisingapore/Llama-SEA-LION-v3.5-8B-R,burmese,6,Extraversion,-,၃,3
19,aisingapore/Llama-SEA-LION-v3.5-8B-R,burmese,7,Agreeableness,+,၃,3
19,aisingapore/Llama-SEA-LION-v3.5-8B-R,burmese,8,Conscientiousness,-,၃,3
19,aisingapore/Llama-SEA-LION-v3.5-8B-R,burmese,9,Neuroticism,-,၃,3
19,aisingapore/Llama-SEA-LION-v3.5-8B-R,burmese,10,Openness,-,၃,3
19,aisingapore/Llama-SEA-LION-v3.5-8B-R,burmese,11,Extraversion,+,၃,3
19,aisingapore/Llama-SEA-LION-v3.5-8B-R,burmese,12,Agreeableness,-,၃,3
19,aisingapore/Llama-SEA-LION-v3.5-8B-R,burmese,13,Conscientiousness,+,၃,3
19,aisingapore/Llama-SEA-LION-v3.5-8B-R,burmese,14,Neuroticism,+,၃,3
19,aisingapore/Llama-SEA-LION-v3.5-8B-R,burmese,15,Openness,+,၄,4
19,aisingapore/Llama-SEA-LION-v3.5-8B-R,burmese,16,Extraversion,-,၃,3
19,aisingapore/Llama-SEA-LION-v3.5-8B-R,burmese,17,Agreeableness,+,၃,3
19,aisingapore/Llama-SEA-LION-v3.5-8B-R,burmese,18,Conscientiousness,-,၃,3
19,aisingapore/Llama-SEA-LION-v3.5-8B-R,burmese,19,Neuroticism,-,၃,3
19,aisingapore/Llama-SEA-LION-v3.5-8B-R,burmese,20,Openness,-,၃,3
19,aisingapore/Llama-SEA-LION-v3.5-8B-R,burmese,21,Extraversion,+,၃,3
19,aisingapore/Llama-SEA-LION-v3.5-8B-R,burmese,22,Agreeableness,-,၄,4
19,aisingapore/Llama-SEA-LION-v3.5-8B-R,burmese,23,Conscientiousness,+,၃,3
19,aisingapore/Llama-SEA-LION-v3.5-8B-R,burmese,24,Neuroticism,+,3,3
19,aisingapore/Llama-SEA-LION-v3.5-8B-R,burmese,25,Openness,+,5,5
19,aisingapore/Llama-SEA-LION-v3.5-8B-R,burmese,26,Extraversion,-,၃,3
19,aisingapore/Llama-SEA-LION-v3.5-8B-R,burmese,27,Agreeableness,+,4,4
19,aisingapore/Llama-SEA-LION-v3.5-8B-R,burmese,28,Conscientiousness,-,၃,3
19,aisingapore/Llama-SEA-LION-v3.5-8B-R,burmese,29,Neuroticism,+,၃,3
19,aisingapore/Llama-SEA-LION-v3.5-8B-R,burmese,30,Openness,-,၄,4
19,aisingapore/Llama-SEA-LION-v3.5-8B-R,burmese,31,Extraversion,+,၃,3
19,aisingapore/Llama-SEA-LION-v3.5-8B-R,burmese,32,Agreeableness,-,၃,3
19,aisingapore/Llama-SEA-LION-v3.5-8B-R,burmese,33,Conscientiousness,+,၃,3
19,aisingapore/Llama-SEA-LION-v3.5-8B-R,burmese,34,Neuroticism,+,၃,3
19,aisingapore/Llama-SEA-LION-v3.5-8B-R,burmese,35,Openness,+,၃,3
19,aisingapore/Llama-SEA-LION-v3.5-8B-R,burmese,36,Extraversion,-,၃,3
19,aisingapore/Llama-SEA-LION-v3.5-8B-R,burmese,37,Agreeableness,+,၃,3
19,aisingapore/Llama-SEA-LION-v3.5-8B-R,burmese,38,Conscientiousness,-,၃,3
19,aisingapore/Llama-SEA-LION-v3.5-8B-R,burmese,39,Neuroticism,+,3,3
19,aisingapore/Llama-SEA-LION-v3.5-8B-R,burmese,40,Openness,+,5,5
19,aisingapore/Llama-SEA-LION-v3.5-8B-R,burmese,41,Extraversion,+,၃,3
19,aisingapore/Llama-SEA-LION-v3.5-8B-R,burmese,42,Agreeableness,+,၃,3
19,aisingapore/Llama-SEA-LION-v3.5-8B-R,burmese,43,Conscientiousness,+,၃,3
19,aisingapore/Llama-SEA-LION-v3.5-8B-R,burmese,44,Neuroticism,+,၃,3
19,aisingapore/Llama-SEA-LION-v3.5-8B-R,burmese,45,Openness,+,၃,3
19,aisingapore/Llama-SEA-LION-v3.5-8B-R,burmese,46,Extraversion,-,4,4
19,aisingapore/Llama-SEA-LION-v3.5-8B-R,burmese,47,Agreeableness,+,၄,4
19,aisingapore/Llama-SEA-LION-v3.5-8B-R,burmese,48,Conscientiousness,+,၃,3
19,aisingapore/Llama-SEA-LION-v3.5-8B-R,burmese,49,Neuroticism,+,၃,3
19,aisingapore/Llama-SEA-LION-v3.5-8B-R,burmese,50,Openness,+,၃,3
20,aisingapore/Llama-SEA-LION-v3.5-8B-R,burmese,1,Extraversion,+,၅,5
20,aisingapore/Llama-SEA-LION-v3.5-8B-R,burmese,2,Agreeableness,-,၃,3
20,aisingapore/Llama-SEA-LION-v3.5-8B-R,burmese,3,Conscientiousness,+,၃,3
20,aisingapore/Llama-SEA-LION-v3.5-8B-R,burmese,4,Neuroticism,+,၃,3
20,aisingapore/Llama-SEA-LION-v3.5-8B-R,burmese,5,Openness,+,4,4
20,aisingapore/Llama-SEA-LION-v3.5-8B-R,burmese,6,Extraversion,-,၃,3
20,aisingapore/Llama-SEA-LION-v3.5-8B-R,burmese,7,Agreeableness,+,၃,3
20,aisingapore/Llama-SEA-LION-v3.5-8B-R,burmese,8,Conscientiousness,-,၃,3
20,aisingapore/Llama-SEA-LION-v3.5-8B-R,burmese,9,Neuroticism,-,၃,3
20,aisingapore/Llama-SEA-LION-v3.5-8B-R,burmese,10,Openness,-,၃,3
20,aisingapore/Llama-SEA-LION-v3.5-8B-R,burmese,11,Extraversion,+,၃,3
20,aisingapore/Llama-SEA-LION-v3.5-8B-R,burmese,12,Agreeableness,-,၃,3
20,aisingapore/Llama-SEA-LION-v3.5-8B-R,burmese,13,Conscientiousness,+,၃,3
20,aisingapore/Llama-SEA-LION-v3.5-8B-R,burmese,14,Neuroticism,+,၃,3
20,aisingapore/Llama-SEA-LION-v3.5-8B-R,burmese,15,Openness,+,၃,3
20,aisingapore/Llama-SEA-LION-v3.5-8B-R,burmese,16,Extraversion,-,၃,3
20,aisingapore/Llama-SEA-LION-v3.5-8B-R,burmese,17,Agreeableness,+,၃,3
20,aisingapore/Llama-SEA-LION-v3.5-8B-R,burmese,18,Conscientiousness,-,၃,3
20,aisingapore/Llama-SEA-LION-v3.5-8B-R,burmese,19,Neuroticism,-,5 = လု,5
20,aisingapore/Llama-SEA-LION-v3.5-8B-R,burmese,20,Openness,-,၃,3
20,aisingapore/Llama-SEA-LION-v3.5-8B-R,burmese,21,Extraversion,+,၃,3
20,aisingapore/Llama-SEA-LION-v3.5-8B-R,burmese,22,Agreeableness,-,၃,3
20,aisingapore/Llama-SEA-LION-v3.5-8B-R,burmese,23,Conscientiousness,+,၃,3
20,aisingapore/Llama-SEA-LION-v3.5-8B-R,burmese,24,Neuroticism,+,၄,4
20,aisingapore/Llama-SEA-LION-v3.5-8B-R,burmese,25,Openness,+,၄,4
20,aisingapore/Llama-SEA-LION-v3.5-8B-R,burmese,26,Extraversion,-,၃,3
20,aisingapore/Llama-SEA-LION-v3.5-8B-R,burmese,27,Agreeableness,+,၃,3
20,aisingapore/Llama-SEA-LION-v3.5-8B-R,burmese,28,Conscientiousness,-,၃,3
20,aisingapore/Llama-SEA-LION-v3.5-8B-R,burmese,29,Neuroticism,+,၃,3
20,aisingapore/Llama-SEA-LION-v3.5-8B-R,burmese,30,Openness,-,၃,3
20,aisingapore/Llama-SEA-LION-v3.5-8B-R,burmese,31,Extraversion,+,၃,3
20,aisingapore/Llama-SEA-LION-v3.5-8B-R,burmese,32,Agreeableness,-,၄,4
20,aisingapore/Llama-SEA-LION-v3.5-8B-R,burmese,33,Conscientiousness,+,၃,3
20,aisingapore/Llama-SEA-LION-v3.5-8B-R,burmese,34,Neuroticism,+,၃,3
20,aisingapore/Llama-SEA-LION-v3.5-8B-R,burmese,35,Openness,+,၃,3
20,aisingapore/Llama-SEA-LION-v3.5-8B-R,burmese,36,Extraversion,-,၃,3
20,aisingapore/Llama-SEA-LION-v3.5-8B-R,burmese,37,Agreeableness,+,၃,3
20,aisingapore/Llama-SEA-LION-v3.5-8B-R,burmese,38,Conscientiousness,-,၄,4
20,aisingapore/Llama-SEA-LION-v3.5-8B-R,burmese,39,Neuroticism,+,၃,3
20,aisingapore/Llama-SEA-LION-v3.5-8B-R,burmese,40,Openness,+,၃,3
20,aisingapore/Llama-SEA-LION-v3.5-8B-R,burmese,41,Extraversion,+,3,3
20,aisingapore/Llama-SEA-LION-v3.5-8B-R,burmese,42,Agreeableness,+,၃,3
20,aisingapore/Llama-SEA-LION-v3.5-8B-R,burmese,43,Conscientiousness,+,၃,3
20,aisingapore/Llama-SEA-LION-v3.5-8B-R,burmese,44,Neuroticism,+,၃,3
20,aisingapore/Llama-SEA-LION-v3.5-8B-R,burmese,45,Openness,+,၃,3
20,aisingapore/Llama-SEA-LION-v3.5-8B-R,burmese,46,Extraversion,-,4,4
20,aisingapore/Llama-SEA-LION-v3.5-8B-R,burmese,47,Agreeableness,+,၃,3
20,aisingapore/Llama-SEA-LION-v3.5-8B-R,burmese,48,Conscientiousness,+,၃,3
20,aisingapore/Llama-SEA-LION-v3.5-8B-R,burmese,49,Neuroticism,+,၃,3
20,aisingapore/Llama-SEA-LION-v3.5-8B-R,burmese,50,Openness,+,၃,3
